/*******************************************************************************
 * Size: 24 px
 * Bpp: 4
 * Opts: --font SourceHanSansSC-Heavy.otf --range 0x20-0x7E,0xB7,0x2026,0x25B2,0x25B6,0x25BC,0x25C0,0x25C6,0x2605,0x3001,0x4E00,0x4E0A-0x4E0B,0x4E0E,0x4E2D,0x4E3A,0x4E50,0x4E60,0x4E8E,0x4EAE,0x4EF6,0x4F4E-0x4F4F,0x4F55,0x4F5C,0x4F73,0x504F,0x505C,0x5173,0x5185,0x518D,0x51B2,0x51CF,0x51E0,0x5206,0x521B,0x523A,0x52A0,0x5355,0x5361,0x539F,0x53D1,0x53F3,0x5408,0x54C1,0x5546,0x56DE,0x56F0,0x56FA,0x5747,0x589E,0x5927,0x59CB,0x5B58,0x5B8C,0x5B98,0x5B9A,0x5C0F,0x5C11,0x5C1D,0x5C31,0x5C4F,0x5DE6,0x5DF2,0x5E55,0x5E8F,0x5EA6,0x5F00,0x5F0F,0x5F55,0x603B,0x6162,0x620F-0x6210,0x62E9,0x6309,0x6548,0x656C,0x65B0,0x65B9,0x65F6,0x662F,0x663E,0x666E,0x6682,0x66F2,0x6700,0x672A,0x6761,0x67E5,0x6807,0x6863,0x68C0,0x6A21,0x6B21,0x6BD4,0x6BEB,0x6E05,0x6E38,0x70B9,0x73A9,0x7528,0x7531,0x753B,0x7684,0x786E,0x793A,0x79D2,0x79FB,0x7A0B,0x7B2C,0x7B80,0x7EAA,0x7EC3,0x7EDF,0x7EE7,0x7EED,0x7F6E,0x81F4,0x85CF,0x8BA1,0x8BBE,0x8BD5,0x8C03,0x8DC3,0x8DF3,0x8FD4,0x8FDB,0x9009,0x901A,0x914D,0x91CD,0x91CF,0x949F,0x952E,0x957F,0x95ED,0x9664,0x968F-0x9690,0x96BE,0x9759,0x975E,0x9762,0x97F3,0x9898,0x9996,0x9AD8 --size 24 --bpp 4 --format lvgl --lv-font-name gd_zh24 --lv-include lvgl.h --no-compress --no-kerning --output gd_zh24.c
 ******************************************************************************/

#ifdef LV_LVGL_H_INCLUDE_SIMPLE
#include "lvgl.h"
#else
#include "lvgl.h"
#endif

#ifndef GD_ZH24
#define GD_ZH24 1
#endif

#if GD_ZH24

/*-----------------
 *    BITMAPS
 *----------------*/

/*Store the image of the glyphs*/
static LV_ATTRIBUTE_LARGE_CONST const uint8_t glyph_bitmap[] = {
    /* U+0020 " " */

    /* U+0021 "!" */
    0x5e, 0xee, 0xd0, 0x5f, 0xff, 0xd0, 0x4f, 0xff,
    0xd0, 0x4f, 0xff, 0xc0, 0x2f, 0xff, 0xb0, 0x1f,
    0xff, 0xa0, 0xf, 0xff, 0x80, 0xf, 0xff, 0x70,
    0xe, 0xff, 0x60, 0xc, 0xff, 0x50, 0xb, 0xff,
    0x40, 0xa, 0xff, 0x20, 0x0, 0x0, 0x0, 0x0,
    0x32, 0x0, 0x2e, 0xff, 0x80, 0x9f, 0xff, 0xf2,
    0xbf, 0xff, 0xf3, 0x7f, 0xff, 0xe0, 0x9, 0xed,
    0x40,

    /* U+0022 "\"" */
    0x66, 0x66, 0x20, 0x16, 0x66, 0x60, 0xef, 0xff,
    0x50, 0x2f, 0xff, 0xf0, 0xdf, 0xff, 0x40, 0x2f,
    0xff, 0xf0, 0xdf, 0xff, 0x30, 0x1f, 0xff, 0xf0,
    0xcf, 0xff, 0x30, 0xf, 0xff, 0xe0, 0xaf, 0xff,
    0x0, 0xe, 0xff, 0xc0, 0x7f, 0xfe, 0x0, 0xc,
    0xff, 0x90, 0x5f, 0xfb, 0x0, 0x9, 0xff, 0x70,
    0x2f, 0xf9, 0x0, 0x7, 0xff, 0x50, 0xf, 0xf7,
    0x0, 0x4, 0xff, 0x20,

    /* U+0023 "#" */
    0x0, 0x0, 0x8f, 0xe0, 0x5, 0xff, 0x10, 0x0,
    0x0, 0xaf, 0xc0, 0x7, 0xff, 0x0, 0x0, 0x0,
    0xdf, 0xa0, 0xa, 0xfd, 0x0, 0x0, 0x0, 0xff,
    0x70, 0xc, 0xfb, 0x0, 0x8, 0xff, 0xff, 0xff,
    0xff, 0xff, 0xfc, 0x8, 0xff, 0xff, 0xff, 0xff,
    0xff, 0xfc, 0x5, 0xbd, 0xff, 0xbb, 0xcf, 0xfc,
    0xb9, 0x0, 0x7, 0xff, 0x0, 0x4f, 0xf3, 0x0,
    0x0, 0x8, 0xfe, 0x0, 0x5f, 0xf1, 0x0, 0x0,
    0xa, 0xfc, 0x0, 0x7f, 0xf0, 0x0, 0xb, 0xbe,
    0xfe, 0xbb, 0xdf, 0xfb, 0xb2, 0xf, 0xff, 0xff,
    0xff, 0xff, 0xff, 0xf3, 0xf, 0xff, 0xff, 0xff,
    0xff, 0xff, 0xf3, 0x0, 0x1f, 0xf5, 0x0, 0xef,
    0x80, 0x0, 0x0, 0x3f, 0xf3, 0x0, 0xff, 0x60,
    0x0, 0x0, 0x5f, 0xf1, 0x2, 0xff, 0x40, 0x0,
    0x0, 0x7f, 0xf0, 0x4, 0xff, 0x30, 0x0, 0x0,
    0x9f, 0xd0, 0x6, 0xff, 0x10, 0x0,

    /* U+0024 "$" */
    0x0, 0x0, 0x2, 0x21, 0x0, 0x0, 0x0, 0x0,
    0x1f, 0xfa, 0x0, 0x0, 0x0, 0x0, 0x1f, 0xfa,
    0x0, 0x0, 0x0, 0x0, 0x4f, 0xfc, 0x10, 0x0,
    0x0, 0x2c, 0xff, 0xff, 0xfb, 0x20, 0x3, 0xff,
    0xff, 0xff, 0xff, 0xf4, 0xb, 0xff, 0xff, 0xff,
    0xff, 0xf5, 0x1f, 0xff, 0xf6, 0x12, 0x8f, 0x60,
    0x3f, 0xff, 0xd0, 0x0, 0x1, 0x0, 0x3f, 0xff,
    0xf3, 0x0, 0x0, 0x0, 0xe, 0xff, 0xff, 0x91,
    0x0, 0x0, 0x5, 0xff, 0xff, 0xff, 0x90, 0x0,
    0x0, 0x3d, 0xff, 0xff, 0xfd, 0x30, 0x0, 0x0,
    0x9f, 0xff, 0xff, 0xf2, 0x0, 0x0, 0x1, 0x9f,
    0xff, 0xfa, 0x0, 0x0, 0x0, 0x7, 0xff, 0xfd,
    0x2, 0x20, 0x0, 0x3, 0xff, 0xfd, 0xc, 0xf9,
    0x52, 0x3b, 0xff, 0xfb, 0x9f, 0xff, 0xff, 0xff,
    0xff, 0xf4, 0x5f, 0xff, 0xff, 0xff, 0xff, 0x90,
    0x1, 0xae, 0xff, 0xff, 0xd6, 0x0, 0x0, 0x0,
    0x4f, 0xfb, 0x0, 0x0, 0x0, 0x0, 0x1f, 0xfa,
    0x0, 0x0, 0x0, 0x0, 0x1f, 0xfa, 0x0, 0x0,

    /* U+0025 "%" */
    0x0, 0x19, 0xde, 0xb4, 0x0, 0x0, 0x0, 0xd,
    0xf9, 0x0, 0x0, 0x0, 0x1e, 0xff, 0xff, 0xf6,
    0x0, 0x0, 0x5, 0xff, 0x10, 0x0, 0x0, 0xa,
    0xff, 0xa7, 0xff, 0xe1, 0x0, 0x0, 0xdf, 0x80,
    0x0, 0x0, 0x0, 0xff, 0xe0, 0x8, 0xff, 0x60,
    0x0, 0x6f, 0xe1, 0x0, 0x0, 0x0, 0x3f, 0xfb,
    0x0, 0x5f, 0xf9, 0x0, 0xe, 0xf7, 0x0, 0x0,
    0x0, 0x4, 0xff, 0xa0, 0x4, 0xff, 0xa0, 0x8,
    0xfe, 0x0, 0x0, 0x0, 0x0, 0x2f, 0xfb, 0x0,
    0x5f, 0xf9, 0x1, 0xff, 0x60, 0x2, 0x52, 0x0,
    0x0, 0xff, 0xe0, 0x9, 0xff, 0x60, 0x9f, 0xd0,
    0x2d, 0xff, 0xfc, 0x10, 0x9, 0xff, 0xa7, 0xff,
    0xe1, 0x2f, 0xf5, 0xe, 0xff, 0xff, 0xfe, 0x0,
    0x1e, 0xff, 0xff, 0xf6, 0xa, 0xfc, 0x7, 0xff,
    0x91, 0xaf, 0xf6, 0x0, 0x19, 0xde, 0xb4, 0x2,
    0xff, 0x40, 0xcf, 0xf2, 0x2, 0xff, 0xb0, 0x0,
    0x0, 0x0, 0x0, 0xbf, 0xb0, 0xe, 0xff, 0x0,
    0xf, 0xfd, 0x0, 0x0, 0x0, 0x0, 0x3f, 0xf3,
    0x0, 0xff, 0xf0, 0x0, 0xff, 0xf0, 0x0, 0x0,
    0x0, 0xc, 0xfa, 0x0, 0xd, 0xff, 0x0, 0xf,
    0xfc, 0x0, 0x0, 0x0, 0x5, 0xff, 0x20, 0x0,
    0xbf, 0xf4, 0x4, 0xff, 0xa0, 0x0, 0x0, 0x0,
    0xdf, 0x90, 0x0, 0x4, 0xff, 0xd7, 0xef, 0xf3,
    0x0, 0x0, 0x0, 0x6f, 0xf1, 0x0, 0x0, 0xa,
    0xff, 0xff, 0xf9, 0x0, 0x0, 0x0, 0xe, 0xf8,
    0x0, 0x0, 0x0, 0x7, 0xcf, 0xc6, 0x0,

    /* U+0026 "&" */
    0x0, 0x0, 0x7, 0xcf, 0xeb, 0x30, 0x0, 0x0,
    0x0, 0x0, 0x0, 0xd, 0xff, 0xff, 0xff, 0x50,
    0x0, 0x0, 0x0, 0x0, 0x9, 0xff, 0xfe, 0xff,
    0xff, 0x0, 0x0, 0x0, 0x0, 0x0, 0xff, 0xfc,
    0x2, 0xff, 0xf2, 0x0, 0x0, 0x0, 0x0, 0x2f,
    0xff, 0x60, 0xf, 0xff, 0x20, 0x0, 0x0, 0x0,
    0x0, 0xff, 0xf7, 0x9, 0xff, 0xe0, 0x0, 0x0,
    0x0, 0x0, 0xc, 0xff, 0xcb, 0xff, 0xf5, 0x0,
    0x0, 0x0, 0x0, 0x0, 0x6f, 0xff, 0xff, 0xf5,
    0x0, 0x3, 0x33, 0x20, 0x0, 0x8, 0xff, 0xff,
    0xe3, 0x0, 0x3, 0xff, 0xfa, 0x0, 0xa, 0xff,
    0xff, 0xff, 0x40, 0x0, 0x9f, 0xff, 0x30, 0x9,
    0xff, 0xff, 0xff, 0xff, 0x60, 0x2f, 0xff, 0xd0,
    0x1, 0xff, 0xff, 0x37, 0xff, 0xff, 0xac, 0xff,
    0xf4, 0x0, 0x4f, 0xff, 0xc0, 0x7, 0xff, 0xff,
    0xff, 0xf9, 0x0, 0x4, 0xff, 0xfe, 0x0, 0x6,
    0xff, 0xff, 0xff, 0x50, 0x0, 0xf, 0xff, 0xfc,
    0x65, 0x8f, 0xff, 0xff, 0xff, 0xe9, 0x0, 0x9f,
    0xff, 0xff, 0xff, 0xff, 0xff, 0xff, 0xff, 0xb0,
    0x0, 0xaf, 0xff, 0xff, 0xff, 0xfb, 0x5c, 0xff,
    0xf7, 0x0, 0x0, 0x3a, 0xcf, 0xec, 0x93, 0x0,
    0x3, 0x9d, 0x20,

    /* U+0027 "'" */
    0x66, 0x66, 0x2e, 0xff, 0xf5, 0xdf, 0xff, 0x4d,
    0xff, 0xf3, 0xcf, 0xff, 0x3a, 0xff, 0xf0, 0x7f,
    0xfe, 0x5, 0xff, 0xb0, 0x2f, 0xf9, 0x0, 0xff,
    0x70,

    /* U+0028 "(" */
    0x0, 0x0, 0x0, 0x0, 0x0, 0x0, 0xcd, 0x60,
    0x0, 0x5, 0xff, 0xe0, 0x0, 0xd, 0xff, 0x70,
    0x0, 0x4f, 0xff, 0x10, 0x0, 0xaf, 0xfa, 0x0,
    0x1, 0xff, 0xf5, 0x0, 0x4, 0xff, 0xf1, 0x0,
    0x8, 0xff, 0xe0, 0x0, 0xb, 0xff, 0xb0, 0x0,
    0xd, 0xff, 0x80, 0x0, 0xe, 0xff, 0x70, 0x0,
    0xf, 0xff, 0x60, 0x0, 0xf, 0xff, 0x60, 0x0,
    0xf, 0xff, 0x60, 0x0, 0xe, 0xff, 0x70, 0x0,
    0xd, 0xff, 0x90, 0x0, 0xa, 0xff, 0xc0, 0x0,
    0x7, 0xff, 0xe0, 0x0, 0x3, 0xff, 0xf2, 0x0,
    0x0, 0xef, 0xf7, 0x0, 0x0, 0x9f, 0xfc, 0x0,
    0x0, 0x3f, 0xff, 0x20, 0x0, 0xb, 0xff, 0x90,
    0x0, 0x3, 0xff, 0xf1, 0x0, 0x0, 0x98, 0x20,

    /* U+0029 ")" */
    0x0, 0x0, 0x0, 0x2, 0x8e, 0x60, 0x0, 0x5f,
    0xfe, 0x0, 0x0, 0xdf, 0xf7, 0x0, 0x6, 0xff,
    0xe0, 0x0, 0x1f, 0xff, 0x40, 0x0, 0xcf, 0xfa,
    0x0, 0x7, 0xff, 0xe0, 0x0, 0x4f, 0xff, 0x10,
    0x1, 0xff, 0xf5, 0x0, 0xf, 0xff, 0x70, 0x0,
    0xef, 0xf8, 0x0, 0xd, 0xff, 0x90, 0x0, 0xcf,
    0xfa, 0x0, 0xd, 0xff, 0x90, 0x0, 0xef, 0xf8,
    0x0, 0xf, 0xff, 0x60, 0x2, 0xff, 0xf4, 0x0,
    0x5f, 0xff, 0x0, 0x8, 0xff, 0xd0, 0x0, 0xdf,
    0xf8, 0x0, 0x2f, 0xff, 0x20, 0x8, 0xff, 0xc0,
    0x1, 0xff, 0xf5, 0x0, 0x6f, 0xfc, 0x0, 0x0,
    0x4b, 0x40, 0x0,

    /* U+002A "*" */
    0x0, 0x0, 0xd, 0xf8, 0x0, 0x0, 0x0, 0x0,
    0xe, 0xf9, 0x0, 0x0, 0x2, 0x30, 0xf, 0xfb,
    0x0, 0x40, 0xa, 0xff, 0xdf, 0xfe, 0xdf, 0xf5,
    0xd, 0xff, 0xff, 0xff, 0xff, 0xf8, 0x0, 0x6d,
    0xff, 0xff, 0xfb, 0x40, 0x0, 0x4, 0xff, 0xff,
    0xe0, 0x0, 0x0, 0xd, 0xff, 0xff, 0xf8, 0x0,
    0x0, 0x6f, 0xfa, 0x2e, 0xff, 0x20, 0x0, 0x2c,
    0xc0, 0x2, 0xe9, 0x0, 0x0, 0x0, 0x0, 0x0,
    0x10, 0x0,

    /* U+002B "+" */
    0x0, 0x0, 0x0, 0x11, 0x10, 0x0, 0x0, 0x0,
    0x0, 0x4, 0xff, 0xd0, 0x0, 0x0, 0x0, 0x0,
    0x4, 0xff, 0xd0, 0x0, 0x0, 0x0, 0x0, 0x4,
    0xff, 0xd0, 0x0, 0x0, 0x0, 0x0, 0x4, 0xff,
    0xd0, 0x0, 0x0, 0x0, 0x0, 0x4, 0xff, 0xd0,
    0x0, 0x0, 0xf, 0xff, 0xff, 0xff, 0xff, 0xff,
    0xfa, 0xf, 0xff, 0xff, 0xff, 0xff, 0xff, 0xfa,
    0xf, 0xff, 0xff, 0xff, 0xff, 0xff, 0xfa, 0x0,
    0x0, 0x4, 0xff, 0xd0, 0x0, 0x0, 0x0, 0x0,
    0x4, 0xff, 0xd0, 0x0, 0x0, 0x0, 0x0, 0x4,
    0xff, 0xd0, 0x0, 0x0, 0x0, 0x0, 0x4, 0xff,
    0xd0, 0x0, 0x0, 0x0, 0x0, 0x4, 0xff, 0xd0,
    0x0, 0x0,

    /* U+002C "," */
    0x2, 0xab, 0x70, 0x1, 0xef, 0xff, 0x90, 0x4f,
    0xff, 0xff, 0x1, 0xff, 0xff, 0xf2, 0x5, 0xdf,
    0xff, 0x30, 0x0, 0xaf, 0xf0, 0x0, 0x2f, 0xfd,
    0x0, 0x3e, 0xff, 0x40, 0x8f, 0xff, 0x90, 0x4,
    0xff, 0x70, 0x0, 0x6, 0x0, 0x0, 0x0,

    /* U+002D "-" */
    0xcf, 0xff, 0xff, 0xfc, 0xff, 0xff, 0xff, 0xcf,
    0xff, 0xff, 0xf0,

    /* U+002E "." */
    0x0, 0x23, 0x0, 0x8, 0xff, 0xd1, 0x2f, 0xff,
    0xf9, 0x4f, 0xff, 0xfb, 0x1f, 0xff, 0xf7, 0x4,
    0xde, 0x90,

    /* U+002F "/" */
    0x0, 0x0, 0x7, 0xff, 0x40, 0x0, 0x0, 0xaf,
    0xf1, 0x0, 0x0, 0xe, 0xfd, 0x0, 0x0, 0x1,
    0xff, 0xa0, 0x0, 0x0, 0x5f, 0xf6, 0x0, 0x0,
    0x8, 0xff, 0x30, 0x0, 0x0, 0xcf, 0xf0, 0x0,
    0x0, 0xf, 0xfc, 0x0, 0x0, 0x3, 0xff, 0x80,
    0x0, 0x0, 0x7f, 0xf5, 0x0, 0x0, 0xa, 0xff,
    0x10, 0x0, 0x0, 0xef, 0xe0, 0x0, 0x0, 0x1f,
    0xfa, 0x0, 0x0, 0x5, 0xff, 0x70, 0x0, 0x0,
    0x8f, 0xf3, 0x0, 0x0, 0xc, 0xff, 0x0, 0x0,
    0x0, 0xff, 0xc0, 0x0, 0x0, 0x3f, 0xf9, 0x0,
    0x0, 0x6, 0xff, 0x50, 0x0, 0x0, 0xaf, 0xf2,
    0x0, 0x0, 0xd, 0xfe, 0x0, 0x0, 0x1, 0xff,
    0xa0, 0x0, 0x0, 0x4f, 0xf7, 0x0, 0x0, 0x8,
    0xff, 0x30, 0x0, 0x0,

    /* U+0030 "0" */
    0x0, 0x0, 0x4b, 0xef, 0xd9, 0x10, 0x0, 0x0,
    0x9, 0xff, 0xff, 0xff, 0xf3, 0x0, 0x0, 0x6f,
    0xff, 0xff, 0xff, 0xff, 0x10, 0x0, 0xff, 0xff,
    0x95, 0xcf, 0xff, 0x90, 0x6, 0xff, 0xfa, 0x0,
    0x1f, 0xff, 0xf0, 0xa, 0xff, 0xf5, 0x0, 0xb,
    0xff, 0xf4, 0xd, 0xff, 0xf2, 0x0, 0x8, 0xff,
    0xf7, 0xf, 0xff, 0xf0, 0x0, 0x7, 0xff, 0xf8,
    0xf, 0xff, 0xf0, 0x0, 0x6, 0xff, 0xf9, 0xf,
    0xff, 0xf0, 0x0, 0x6, 0xff, 0xf9, 0xe, 0xff,
    0xf1, 0x0, 0x7, 0xff, 0xf8, 0xc, 0xff, 0xf2,
    0x0, 0x8, 0xff, 0xf6, 0x9, 0xff, 0xf5, 0x0,
    0xb, 0xff, 0xf3, 0x5, 0xff, 0xfb, 0x0, 0x1f,
    0xff, 0xe0, 0x0, 0xef, 0xff, 0xa6, 0xdf, 0xff,
    0x80, 0x0, 0x5f, 0xff, 0xff, 0xff, 0xfe, 0x10,
    0x0, 0x8, 0xff, 0xff, 0xff, 0xe3, 0x0, 0x0,
    0x0, 0x4b, 0xef, 0xd8, 0x10, 0x0,

    /* U+0031 "1" */
    0x0, 0x0, 0x5d, 0xff, 0xe0, 0x0, 0x0, 0x4a,
    0xef, 0xff, 0xfe, 0x0, 0x0, 0x9, 0xff, 0xff,
    0xff, 0xe0, 0x0, 0x0, 0x9f, 0xff, 0xff, 0xfe,
    0x0, 0x0, 0x3, 0x44, 0x8f, 0xff, 0xe0, 0x0,
    0x0, 0x0, 0x5, 0xff, 0xfe, 0x0, 0x0, 0x0,
    0x0, 0x5f, 0xff, 0xe0, 0x0, 0x0, 0x0, 0x5,
    0xff, 0xfe, 0x0, 0x0, 0x0, 0x0, 0x5f, 0xff,
    0xe0, 0x0, 0x0, 0x0, 0x5, 0xff, 0xfe, 0x0,
    0x0, 0x0, 0x0, 0x5f, 0xff, 0xe0, 0x0, 0x0,
    0x0, 0x5, 0xff, 0xfe, 0x0, 0x0, 0x0, 0x0,
    0x5f, 0xff, 0xe0, 0x0, 0x0, 0x0, 0x5, 0xff,
    0xfe, 0x0, 0x0, 0x7, 0x77, 0xaf, 0xff, 0xf7,
    0x77, 0x11, 0xff, 0xff, 0xff, 0xff, 0xff, 0xf2,
    0x1f, 0xff, 0xff, 0xff, 0xff, 0xff, 0x21, 0xff,
    0xff, 0xff, 0xff, 0xff, 0xf2,

    /* U+0032 "2" */
    0x0, 0x3, 0xad, 0xfd, 0xb5, 0x0, 0x0, 0x0,
    0x9f, 0xff, 0xff, 0xff, 0xb0, 0x0, 0xb, 0xff,
    0xff, 0xff, 0xff, 0xf9, 0x0, 0x7, 0xff, 0xd7,
    0x6c, 0xff, 0xff, 0x20, 0x0, 0x6b, 0x0, 0x0,
    0xdf, 0xff, 0x60, 0x0, 0x0, 0x0, 0x0, 0x9f,
    0xff, 0x80, 0x0, 0x0, 0x0, 0x0, 0xaf, 0xff,
    0x50, 0x0, 0x0, 0x0, 0x0, 0xef, 0xff, 0x20,
    0x0, 0x0, 0x0, 0x7, 0xff, 0xfb, 0x0, 0x0,
    0x0, 0x0, 0x2f, 0xff, 0xf3, 0x0, 0x0, 0x0,
    0x1, 0xdf, 0xff, 0x90, 0x0, 0x0, 0x0, 0xc,
    0xff, 0xfb, 0x0, 0x0, 0x0, 0x0, 0xbf, 0xff,
    0xd1, 0x0, 0x0, 0x0, 0x1c, 0xff, 0xfd, 0x10,
    0x0, 0x0, 0x2, 0xdf, 0xff, 0xf8, 0x89, 0x99,
    0x93, 0xe, 0xff, 0xff, 0xff, 0xff, 0xff, 0xf6,
    0xf, 0xff, 0xff, 0xff, 0xff, 0xff, 0xf6, 0xf,
    0xff, 0xff, 0xff, 0xff, 0xff, 0xf6,

    /* U+0033 "3" */
    0x0, 0x4, 0xae, 0xfe, 0xc8, 0x10, 0x0, 0x1,
    0xaf, 0xff, 0xff, 0xff, 0xf5, 0x0, 0xa, 0xff,
    0xff, 0xff, 0xff, 0xff, 0x20, 0x0, 0xcf, 0xd8,
    0x6a, 0xff, 0xff, 0x70, 0x0, 0x16, 0x0, 0x0,
    0xaf, 0xff, 0xa0, 0x0, 0x0, 0x0, 0x0, 0xaf,
    0xff, 0x90, 0x0, 0x0, 0x1, 0x39, 0xff, 0xff,
    0x20, 0x0, 0x0, 0x8f, 0xff, 0xff, 0xe4, 0x0,
    0x0, 0x0, 0x8f, 0xff, 0xff, 0x50, 0x0, 0x0,
    0x0, 0x8f, 0xff, 0xff, 0xfb, 0x0, 0x0, 0x0,
    0x1, 0x27, 0xef, 0xff, 0xa0, 0x0, 0x0, 0x0,
    0x0, 0x4f, 0xff, 0xf1, 0x0, 0x0, 0x0, 0x0,
    0xf, 0xff, 0xf3, 0x1, 0xe8, 0x0, 0x0, 0x5f,
    0xff, 0xf3, 0xb, 0xff, 0xea, 0x8a, 0xff, 0xff,
    0xe0, 0x3f, 0xff, 0xff, 0xff, 0xff, 0xff, 0x50,
    0x5, 0xef, 0xff, 0xff, 0xff, 0xf6, 0x0, 0x0,
    0x17, 0xbe, 0xfe, 0xc8, 0x10, 0x0,

    /* U+0034 "4" */
    0x0, 0x0, 0x0, 0x8f, 0xff, 0xff, 0x0, 0x0,
    0x0, 0x2, 0xff, 0xff, 0xff, 0x0, 0x0, 0x0,
    0xc, 0xff, 0xff, 0xff, 0x0, 0x0, 0x0, 0x5f,
    0xff, 0xef, 0xff, 0x0, 0x0, 0x1, 0xef, 0xf9,
    0xdf, 0xff, 0x0, 0x0, 0x9, 0xff, 0xf2, 0xef,
    0xff, 0x0, 0x0, 0x3f, 0xff, 0xa0, 0xef, 0xff,
    0x0, 0x0, 0xcf, 0xff, 0x10, 0xff, 0xff, 0x0,
    0x6, 0xff, 0xf7, 0x0, 0xff, 0xff, 0x0, 0x1e,
    0xff, 0xd0, 0x0, 0xff, 0xff, 0x0, 0x7f, 0xff,
    0xff, 0xff, 0xff, 0xff, 0xff, 0x7f, 0xff, 0xff,
    0xff, 0xff, 0xff, 0xff, 0x7f, 0xff, 0xff, 0xff,
    0xff, 0xff, 0xff, 0x13, 0x33, 0x33, 0x33, 0xff,
    0xff, 0x43, 0x0, 0x0, 0x0, 0x0, 0xff, 0xff,
    0x0, 0x0, 0x0, 0x0, 0x0, 0xff, 0xff, 0x0,
    0x0, 0x0, 0x0, 0x0, 0xff, 0xff, 0x0, 0x0,
    0x0, 0x0, 0x0, 0xff, 0xff, 0x0,

    /* U+0035 "5" */
    0x0, 0x8f, 0xff, 0xff, 0xff, 0xff, 0x70, 0x0,
    0x9f, 0xff, 0xff, 0xff, 0xff, 0x70, 0x0, 0xaf,
    0xff, 0xff, 0xff, 0xff, 0x70, 0x0, 0xbf, 0xff,
    0xa9, 0x99, 0x99, 0x40, 0x0, 0xcf, 0xff, 0x0,
    0x0, 0x0, 0x0, 0x0, 0xdf, 0xff, 0x0, 0x0,
    0x0, 0x0, 0x0, 0xdf, 0xff, 0xcf, 0xeb, 0x40,
    0x0, 0x0, 0xef, 0xff, 0xff, 0xff, 0xfa, 0x0,
    0x0, 0xdf, 0xff, 0xff, 0xff, 0xff, 0x60, 0x0,
    0x9, 0x81, 0x3, 0xdf, 0xff, 0xe0, 0x0, 0x0,
    0x0, 0x0, 0x3f, 0xff, 0xf1, 0x0, 0x0, 0x0,
    0x0, 0xf, 0xff, 0xf4, 0x0, 0x0, 0x0, 0x0,
    0x1f, 0xff, 0xf3, 0x1, 0xd7, 0x0, 0x0, 0x8f,
    0xff, 0xf0, 0xa, 0xff, 0xea, 0x8b, 0xff, 0xff,
    0xa0, 0x2f, 0xff, 0xff, 0xff, 0xff, 0xfe, 0x0,
    0x2, 0xcf, 0xff, 0xff, 0xff, 0xd3, 0x0, 0x0,
    0x6, 0xbd, 0xfe, 0xb6, 0x0, 0x0,

    /* U+0036 "6" */
    0x0, 0x0, 0x6c, 0xef, 0xd9, 0x30, 0x0, 0x1,
    0xcf, 0xff, 0xff, 0xff, 0x80, 0x0, 0xdf, 0xff,
    0xff, 0xff, 0xfe, 0x20, 0x9f, 0xff, 0xf9, 0x79,
    0xee, 0x20, 0x1f, 0xff, 0xf2, 0x0, 0x1, 0x10,
    0x6, 0xff, 0xf8, 0x0, 0x0, 0x0, 0x0, 0xaf,
    0xff, 0x36, 0xcf, 0xd9, 0x10, 0xc, 0xff, 0xfb,
    0xff, 0xff, 0xfe, 0x30, 0xdf, 0xff, 0xff, 0xff,
    0xff, 0xfd, 0xd, 0xff, 0xfe, 0x51, 0x3e, 0xff,
    0xf4, 0xcf, 0xff, 0x40, 0x0, 0x7f, 0xff, 0x7b,
    0xff, 0xf4, 0x0, 0x4, 0xff, 0xf9, 0x7f, 0xff,
    0x70, 0x0, 0x5f, 0xff, 0x83, 0xff, 0xfd, 0x0,
    0x9, 0xff, 0xf5, 0xc, 0xff, 0xfb, 0x47, 0xff,
    0xff, 0x10, 0x2f, 0xff, 0xff, 0xff, 0xff, 0x70,
    0x0, 0x4f, 0xff, 0xff, 0xff, 0x90, 0x0, 0x0,
    0x18, 0xdf, 0xda, 0x40, 0x0,

    /* U+0037 "7" */
    0xcf, 0xff, 0xff, 0xff, 0xff, 0xff, 0x7c, 0xff,
    0xff, 0xff, 0xff, 0xff, 0xf7, 0xcf, 0xff, 0xff,
    0xff, 0xff, 0xff, 0x67, 0x99, 0x99, 0x99, 0xaf,
    0xff, 0xc0, 0x0, 0x0, 0x0, 0xa, 0xff, 0xe1,
    0x0, 0x0, 0x0, 0x4, 0xff, 0xf6, 0x0, 0x0,
    0x0, 0x0, 0xdf, 0xfd, 0x0, 0x0, 0x0, 0x0,
    0x6f, 0xff, 0x60, 0x0, 0x0, 0x0, 0xc, 0xff,
    0xf1, 0x0, 0x0, 0x0, 0x3, 0xff, 0xfa, 0x0,
    0x0, 0x0, 0x0, 0x8f, 0xff, 0x60, 0x0, 0x0,
    0x0, 0xc, 0xff, 0xf3, 0x0, 0x0, 0x0, 0x0,
    0xff, 0xff, 0x0, 0x0, 0x0, 0x0, 0x3f, 0xff,
    0xe0, 0x0, 0x0, 0x0, 0x6, 0xff, 0xfc, 0x0,
    0x0, 0x0, 0x0, 0x7f, 0xff, 0xb0, 0x0, 0x0,
    0x0, 0x9, 0xff, 0xfa, 0x0, 0x0, 0x0, 0x0,
    0xaf, 0xff, 0x90, 0x0, 0x0,

    /* U+0038 "8" */
    0x0, 0x5, 0xbd, 0xfd, 0xa2, 0x0, 0x0, 0xc,
    0xff, 0xff, 0xff, 0xf7, 0x0, 0x9, 0xff, 0xff,
    0xff, 0xff, 0xf3, 0x0, 0xff, 0xfe, 0x40, 0x6f,
    0xff, 0x80, 0x3f, 0xff, 0x90, 0x0, 0xcf, 0xfb,
    0x2, 0xff, 0xfa, 0x0, 0xc, 0xff, 0xa0, 0xd,
    0xff, 0xf5, 0x0, 0xff, 0xf4, 0x0, 0x4f, 0xff,
    0xfa, 0xaf, 0xf7, 0x0, 0x0, 0x4f, 0xff, 0xff,
    0xfb, 0x0, 0x0, 0x1a, 0xff, 0xff, 0xff, 0xfb,
    0x0, 0xc, 0xff, 0xa3, 0xbf, 0xff, 0xfa, 0x6,
    0xff, 0xf1, 0x0, 0x4f, 0xff, 0xf2, 0xbf, 0xfd,
    0x0, 0x0, 0x9f, 0xff, 0x6c, 0xff, 0xf0, 0x0,
    0x8, 0xff, 0xf7, 0x9f, 0xff, 0xa2, 0x5, 0xef,
    0xff, 0x32, 0xff, 0xff, 0xff, 0xff, 0xff, 0xc0,
    0x4, 0xff, 0xff, 0xff, 0xff, 0xc1, 0x0, 0x1,
    0x7c, 0xef, 0xda, 0x40, 0x0,

    /* U+0039 "9" */
    0x0, 0x1, 0x8c, 0xfe, 0xb5, 0x0, 0x0, 0x0,
    0x4e, 0xff, 0xff, 0xff, 0xb0, 0x0, 0x1, 0xef,
    0xff, 0xff, 0xff, 0xfb, 0x0, 0xa, 0xff, 0xfb,
    0x45, 0xdf, 0xff, 0x50, 0xd, 0xff, 0xf1, 0x0,
    0x3f, 0xff, 0xc0, 0xf, 0xff, 0xd0, 0x0, 0xc,
    0xff, 0xf1, 0xf, 0xff, 0xe0, 0x0, 0xb, 0xff,
    0xf4, 0xc, 0xff, 0xf8, 0x12, 0x9f, 0xff, 0xf6,
    0x6, 0xff, 0xff, 0xff, 0xff, 0xff, 0xf7, 0x0,
    0xbf, 0xff, 0xff, 0xeb, 0xff, 0xf6, 0x0, 0x5,
    0xce, 0xea, 0x2a, 0xff, 0xf5, 0x0, 0x0, 0x0,
    0x0, 0xc, 0xff, 0xf3, 0x0, 0x0, 0x0, 0x0,
    0x2f, 0xff, 0xf0, 0x0, 0x8, 0x10, 0x0, 0xbf,
    0xff, 0x90, 0x0, 0xaf, 0xe9, 0x8d, 0xff, 0xff,
    0x20, 0x8, 0xff, 0xff, 0xff, 0xff, 0xf7, 0x0,
    0x2, 0xcf, 0xff, 0xff, 0xff, 0x70, 0x0, 0x0,
    0x6, 0xbe, 0xfe, 0x93, 0x0, 0x0,

    /* U+003A ":" */
    0x4, 0xde, 0x90, 0x1f, 0xff, 0xf7, 0x4f, 0xff,
    0xfb, 0x2f, 0xff, 0xf9, 0x8, 0xff, 0xd1, 0x0,
    0x23, 0x0, 0x0, 0x0, 0x0, 0x0, 0x0, 0x0,
    0x0, 0x23, 0x0, 0x8, 0xff, 0xd1, 0x2f, 0xff,
    0xf9, 0x4f, 0xff, 0xfb, 0x1f, 0xff, 0xf7, 0x4,
    0xde, 0x90,

    /* U+003B ";" */
    0x4, 0xde, 0x90, 0x1, 0xff, 0xff, 0x70, 0x4f,
    0xff, 0xfb, 0x2, 0xff, 0xff, 0x90, 0x8, 0xff,
    0xd1, 0x0, 0x2, 0x30, 0x0, 0x0, 0x0, 0x0,
    0x0, 0x0, 0x0, 0x0, 0x0, 0x0, 0x0, 0x0,
    0x2a, 0xb7, 0x0, 0x1e, 0xff, 0xf9, 0x4, 0xff,
    0xff, 0xf0, 0x1f, 0xff, 0xff, 0x20, 0x5d, 0xff,
    0xf3, 0x0, 0xa, 0xff, 0x0, 0x2, 0xff, 0xd0,
    0x3, 0xef, 0xf4, 0x8, 0xff, 0xf9, 0x0, 0x4f,
    0xf7, 0x0, 0x0, 0x60, 0x0, 0x0,

    /* U+003C "<" */
    0x0, 0x0, 0x0, 0x0, 0x0, 0x0, 0x14, 0x0,
    0x0, 0x0, 0x0, 0x0, 0x4a, 0xfa, 0x0, 0x0,
    0x0, 0x2, 0x8e, 0xff, 0xfa, 0x0, 0x0, 0x5,
    0xbf, 0xff, 0xff, 0xfa, 0x0, 0x39, 0xef, 0xff,
    0xff, 0xfb, 0x61, 0xc, 0xff, 0xff, 0xff, 0xb5,
    0x10, 0x0, 0xf, 0xff, 0xfc, 0x61, 0x0, 0x0,
    0x0, 0xf, 0xff, 0xff, 0xa4, 0x0, 0x0, 0x0,
    0x8, 0xef, 0xff, 0xff, 0xe9, 0x40, 0x0, 0x0,
    0x5, 0xbf, 0xff, 0xff, 0xff, 0xa4, 0x0, 0x0,
    0x1, 0x7d, 0xff, 0xff, 0xfa, 0x0, 0x0, 0x0,
    0x0, 0x39, 0xff, 0xfa, 0x0, 0x0, 0x0, 0x0,
    0x0, 0x6, 0xca, 0x0, 0x0, 0x0, 0x0, 0x0,
    0x0, 0x1,

    /* U+003D "=" */
    0xf, 0xff, 0xff, 0xff, 0xff, 0xff, 0xfa, 0xf,
    0xff, 0xff, 0xff, 0xff, 0xff, 0xfa, 0xf, 0xff,
    0xff, 0xff, 0xff, 0xff, 0xfa, 0x0, 0x0, 0x0,
    0x0, 0x0, 0x0, 0x0, 0x0, 0x0, 0x0, 0x0,
    0x0, 0x0, 0x0, 0x0, 0x0, 0x0, 0x0, 0x0,
    0x0, 0x0, 0xf, 0xff, 0xff, 0xff, 0xff, 0xff,
    0xfa, 0xf, 0xff, 0xff, 0xff, 0xff, 0xff, 0xfa,
    0xf, 0xff, 0xff, 0xff, 0xff, 0xff, 0xfa, 0x0,
    0x0, 0x0, 0x0, 0x0, 0x0, 0x0,

    /* U+003E ">" */
    0x4, 0x0, 0x0, 0x0, 0x0, 0x0, 0x0, 0xf,
    0xe8, 0x20, 0x0, 0x0, 0x0, 0x0, 0xf, 0xff,
    0xfb, 0x50, 0x0, 0x0, 0x0, 0xf, 0xff, 0xff,
    0xff, 0x93, 0x0, 0x0, 0x3, 0x8d, 0xff, 0xff,
    0xff, 0xd6, 0x10, 0x0, 0x0, 0x27, 0xdf, 0xff,
    0xff, 0xf7, 0x0, 0x0, 0x0, 0x2, 0x8e, 0xff,
    0xfa, 0x0, 0x0, 0x0, 0x16, 0xcf, 0xff, 0xfa,
    0x0, 0x1, 0x6b, 0xff, 0xff, 0xff, 0xc5, 0x7,
    0xcf, 0xff, 0xff, 0xfe, 0x82, 0x0, 0xf, 0xff,
    0xff, 0xfb, 0x50, 0x0, 0x0, 0xf, 0xff, 0xd7,
    0x10, 0x0, 0x0, 0x0, 0xf, 0xa3, 0x0, 0x0,
    0x0, 0x0, 0x0, 0x0, 0x0, 0x0, 0x0, 0x0,
    0x0, 0x0,

    /* U+003F "?" */
    0x0, 0x4a, 0xef, 0xdb, 0x30, 0x0, 0xbf, 0xff,
    0xff, 0xff, 0x70, 0x9f, 0xff, 0xff, 0xff, 0xff,
    0x30, 0xbf, 0xd8, 0x9f, 0xff, 0xf7, 0x0, 0x70,
    0x0, 0x9f, 0xff, 0xa0, 0x0, 0x0, 0x7, 0xff,
    0xf9, 0x0, 0x0, 0x1, 0xef, 0xff, 0x40, 0x0,
    0x0, 0xdf, 0xff, 0x80, 0x0, 0x0, 0xaf, 0xff,
    0xb0, 0x0, 0x0, 0x4f, 0xff, 0xd1, 0x0, 0x0,
    0xb, 0xff, 0xf4, 0x0, 0x0, 0x0, 0xcf, 0xff,
    0x0, 0x0, 0x0, 0x2, 0x22, 0x20, 0x0, 0x0,
    0x0, 0x3, 0x30, 0x0, 0x0, 0x0, 0xb, 0xff,
    0xc0, 0x0, 0x0, 0x4, 0xff, 0xff, 0x60, 0x0,
    0x0, 0x6f, 0xff, 0xf8, 0x0, 0x0, 0x2, 0xff,
    0xff, 0x40, 0x0, 0x0, 0x6, 0xee, 0x70, 0x0,
    0x0,

    /* U+0040 "@" */
    0x0, 0x0, 0x0, 0x0, 0x38, 0xcd, 0xff, 0xda,
    0x60, 0x0, 0x0, 0x0, 0x0, 0x0, 0x5, 0xdf,
    0xff, 0xff, 0xff, 0xff, 0xe7, 0x0, 0x0, 0x0,
    0x0, 0xb, 0xff, 0xff, 0xda, 0x9a, 0xcf, 0xff,
    0xfb, 0x0, 0x0, 0x0, 0x1d, 0xff, 0xf9, 0x20,
    0x0, 0x0, 0x7, 0xef, 0xfa, 0x0, 0x0, 0xc,
    0xff, 0xd2, 0x0, 0x0, 0x0, 0x0, 0x2, 0xdf,
    0xf5, 0x0, 0x9, 0xff, 0xd1, 0x0, 0x0, 0x0,
    0x0, 0x0, 0x4, 0xff, 0xd0, 0x2, 0xff, 0xf2,
    0x0, 0x5, 0xcf, 0xc3, 0xef, 0xb0, 0xb, 0xff,
    0x20, 0xaf, 0xf7, 0x0, 0x9, 0xff, 0xff, 0xff,
    0xf7, 0x0, 0x5f, 0xf6, 0xf, 0xfe, 0x0, 0x8,
    0xff, 0xfa, 0xcf, 0xff, 0x40, 0x2, 0xff, 0x84,
    0xff, 0xa0, 0x1, 0xff, 0xf4, 0x0, 0xff, 0xf1,
    0x0, 0xf, 0xf9, 0x7f, 0xf6, 0x0, 0x8f, 0xfb,
    0x0, 0x2f, 0xfd, 0x0, 0x1, 0xff, 0x89, 0xff,
    0x40, 0xb, 0xff, 0x60, 0x5, 0xff, 0xa0, 0x0,
    0x4f, 0xf6, 0xaf, 0xf3, 0x0, 0xdf, 0xf5, 0x0,
    0x8f, 0xf7, 0x0, 0xb, 0xff, 0x29, 0xff, 0x40,
    0xd, 0xff, 0x80, 0x1e, 0xff, 0x70, 0x7, 0xff,
    0xa0, 0x8f, 0xf6, 0x0, 0x9f, 0xff, 0xce, 0xff,
    0xff, 0xad, 0xff, 0xe1, 0x5, 0xff, 0xa0, 0x2,
    0xff, 0xff, 0xf7, 0xaf, 0xff, 0xff, 0xd3, 0x0,
    0x1f, 0xff, 0x10, 0x2, 0xbf, 0xd6, 0x0, 0x9e,
    0xfc, 0x70, 0x0, 0x0, 0xaf, 0xfb, 0x0, 0x0,
    0x0, 0x0, 0x0, 0x0, 0x0, 0x0, 0x0, 0x2,
    0xff, 0xfa, 0x10, 0x0, 0x0, 0x0, 0x0, 0x0,
    0x0, 0x0, 0x0, 0x6, 0xff, 0xfe, 0x60, 0x0,
    0x0, 0x5, 0x40, 0x0, 0x0, 0x0, 0x0, 0x6,
    0xff, 0xff, 0xfd, 0xaa, 0xcf, 0xfc, 0x0, 0x0,
    0x0, 0x0, 0x0, 0x3, 0xcf, 0xff, 0xff, 0xff,
    0xff, 0xf1, 0x0, 0x0, 0x0, 0x0, 0x0, 0x0,
    0x38, 0xce, 0xfe, 0xdb, 0x50, 0x0, 0x0, 0x0,
    0x0,

    /* U+0041 "A" */
    0x0, 0x0, 0x0, 0xcf, 0xff, 0xfa, 0x0, 0x0,
    0x0, 0x0, 0x0, 0x1, 0xff, 0xff, 0xfe, 0x0,
    0x0, 0x0, 0x0, 0x0, 0x6, 0xff, 0xff, 0xff,
    0x40, 0x0, 0x0, 0x0, 0x0, 0xb, 0xff, 0xdf,
    0xff, 0x80, 0x0, 0x0, 0x0, 0x0, 0xf, 0xff,
    0x7d, 0xff, 0xd0, 0x0, 0x0, 0x0, 0x0, 0x5f,
    0xff, 0x49, 0xff, 0xf2, 0x0, 0x0, 0x0, 0x0,
    0xaf, 0xff, 0x5, 0xff, 0xf7, 0x0, 0x0, 0x0,
    0x0, 0xef, 0xfc, 0x1, 0xff, 0xfc, 0x0, 0x0,
    0x0, 0x4, 0xff, 0xf8, 0x0, 0xdf, 0xff, 0x10,
    0x0, 0x0, 0x9, 0xff, 0xf5, 0x0, 0xaf, 0xff,
    0x60, 0x0, 0x0, 0xd, 0xff, 0xf6, 0x44, 0x9f,
    0xff, 0xb0, 0x0, 0x0, 0x2f, 0xff, 0xff, 0xff,
    0xff, 0xff, 0xf0, 0x0, 0x0, 0x7f, 0xff, 0xff,
    0xff, 0xff, 0xff, 0xf5, 0x0, 0x0, 0xcf, 0xff,
    0xff, 0xff, 0xff, 0xff, 0xfa, 0x0, 0x1, 0xff,
    0xff, 0x10, 0x0, 0x6, 0xff, 0xfe, 0x0, 0x6,
    0xff, 0xfc, 0x0, 0x0, 0x2, 0xff, 0xff, 0x40,
    0xb, 0xff, 0xf8, 0x0, 0x0, 0x0, 0xdf, 0xff,
    0x90, 0xf, 0xff, 0xf4, 0x0, 0x0, 0x0, 0x9f,
    0xff, 0xd0,

    /* U+0042 "B" */
    0xef, 0xff, 0xff, 0xfe, 0xd9, 0x30, 0x0, 0xef,
    0xff, 0xff, 0xff, 0xff, 0xf9, 0x0, 0xef, 0xff,
    0xff, 0xff, 0xff, 0xff, 0x70, 0xef, 0xff, 0x84,
    0x57, 0xef, 0xff, 0xd0, 0xef, 0xff, 0x50, 0x0,
    0x5f, 0xff, 0xe0, 0xef, 0xff, 0x50, 0x0, 0x5f,
    0xff, 0xc0, 0xef, 0xff, 0x50, 0x3, 0xdf, 0xff,
    0x60, 0xef, 0xff, 0xff, 0xff, 0xff, 0xfa, 0x0,
    0xef, 0xff, 0xff, 0xff, 0xff, 0xe5, 0x0, 0xef,
    0xff, 0xff, 0xff, 0xff, 0xff, 0xb0, 0xef, 0xff,
    0x72, 0x23, 0x8f, 0xff, 0xf6, 0xef, 0xff, 0x50,
    0x0, 0x9, 0xff, 0xfa, 0xef, 0xff, 0x50, 0x0,
    0x7, 0xff, 0xfc, 0xef, 0xff, 0x50, 0x0, 0xb,
    0xff, 0xfa, 0xef, 0xff, 0x84, 0x46, 0xbf, 0xff,
    0xf6, 0xef, 0xff, 0xff, 0xff, 0xff, 0xff, 0xb0,
    0xef, 0xff, 0xff, 0xff, 0xff, 0xfc, 0x10, 0xef,
    0xff, 0xff, 0xfe, 0xca, 0x30, 0x0,

    /* U+0043 "C" */
    0x0, 0x0, 0x5, 0xae, 0xfe, 0xc7, 0x0, 0x0,
    0x0, 0x3d, 0xff, 0xff, 0xff, 0xfd, 0x20, 0x0,
    0x4f, 0xff, 0xff, 0xff, 0xff, 0xfe, 0x0, 0x2f,
    0xff, 0xff, 0xfc, 0xcf, 0xff, 0x30, 0xa, 0xff,
    0xff, 0xa0, 0x0, 0x9, 0x40, 0x2, 0xff, 0xff,
    0xa0, 0x0, 0x0, 0x0, 0x0, 0x6f, 0xff, 0xf2,
    0x0, 0x0, 0x0, 0x0, 0x9, 0xff, 0xfd, 0x0,
    0x0, 0x0, 0x0, 0x0, 0xbf, 0xff, 0xb0, 0x0,
    0x0, 0x0, 0x0, 0xb, 0xff, 0xfb, 0x0, 0x0,
    0x0, 0x0, 0x0, 0xaf, 0xff, 0xd0, 0x0, 0x0,
    0x0, 0x0, 0x7, 0xff, 0xff, 0x20, 0x0, 0x0,
    0x0, 0x0, 0x3f, 0xff, 0xfa, 0x0, 0x0, 0x0,
    0x0, 0x0, 0xcf, 0xff, 0xf9, 0x0, 0x0, 0x8b,
    0x0, 0x3, 0xff, 0xff, 0xff, 0xcc, 0xff, 0xf9,
    0x0, 0x6, 0xff, 0xff, 0xff, 0xff, 0xff, 0xf2,
    0x0, 0x5, 0xef, 0xff, 0xff, 0xff, 0xe4, 0x0,
    0x0, 0x0, 0x6b, 0xef, 0xec, 0x70, 0x0,

    /* U+0044 "D" */
    0xef, 0xff, 0xff, 0xec, 0x93, 0x0, 0x0, 0xe,
    0xff, 0xff, 0xff, 0xff, 0xfc, 0x20, 0x0, 0xef,
    0xff, 0xff, 0xff, 0xff, 0xfe, 0x20, 0xe, 0xff,
    0xfa, 0x8a, 0xff, 0xff, 0xfd, 0x0, 0xef, 0xff,
    0x50, 0x1, 0xaf, 0xff, 0xf6, 0xe, 0xff, 0xf5,
    0x0, 0x0, 0xef, 0xff, 0xc0, 0xef, 0xff, 0x50,
    0x0, 0x7, 0xff, 0xff, 0xe, 0xff, 0xf5, 0x0,
    0x0, 0x4f, 0xff, 0xf2, 0xef, 0xff, 0x50, 0x0,
    0x2, 0xff, 0xff, 0x3e, 0xff, 0xf5, 0x0, 0x0,
    0x2f, 0xff, 0xf3, 0xef, 0xff, 0x50, 0x0, 0x4,
    0xff, 0xff, 0x2e, 0xff, 0xf5, 0x0, 0x0, 0x8f,
    0xff, 0xf0, 0xef, 0xff, 0x50, 0x0, 0x1f, 0xff,
    0xfb, 0xe, 0xff, 0xf5, 0x0, 0x1b, 0xff, 0xff,
    0x50, 0xef, 0xff, 0xa8, 0xaf, 0xff, 0xff, 0xc0,
    0xe, 0xff, 0xff, 0xff, 0xff, 0xff, 0xe2, 0x0,
    0xef, 0xff, 0xff, 0xff, 0xff, 0xb1, 0x0, 0xe,
    0xff, 0xff, 0xfe, 0xd9, 0x30, 0x0, 0x0,

    /* U+0045 "E" */
    0xef, 0xff, 0xff, 0xff, 0xff, 0xf6, 0xef, 0xff,
    0xff, 0xff, 0xff, 0xf6, 0xef, 0xff, 0xff, 0xff,
    0xff, 0xf6, 0xef, 0xff, 0xb9, 0x99, 0x99, 0x93,
    0xef, 0xff, 0x50, 0x0, 0x0, 0x0, 0xef, 0xff,
    0x50, 0x0, 0x0, 0x0, 0xef, 0xff, 0x50, 0x0,
    0x0, 0x0, 0xef, 0xff, 0xff, 0xff, 0xff, 0x50,
    0xef, 0xff, 0xff, 0xff, 0xff, 0x50, 0xef, 0xff,
    0xff, 0xff, 0xff, 0x50, 0xef, 0xff, 0xb9, 0x99,
    0x99, 0x30, 0xef, 0xff, 0x50, 0x0, 0x0, 0x0,
    0xef, 0xff, 0x50, 0x0, 0x0, 0x0, 0xef, 0xff,
    0x50, 0x0, 0x0, 0x0, 0xef, 0xff, 0xb9, 0x99,
    0x99, 0x96, 0xef, 0xff, 0xff, 0xff, 0xff, 0xfa,
    0xef, 0xff, 0xff, 0xff, 0xff, 0xfa, 0xef, 0xff,
    0xff, 0xff, 0xff, 0xfa,

    /* U+0046 "F" */
    0xef, 0xff, 0xff, 0xff, 0xff, 0xf7, 0xef, 0xff,
    0xff, 0xff, 0xff, 0xf7, 0xef, 0xff, 0xff, 0xff,
    0xff, 0xf7, 0xef, 0xff, 0xb9, 0x99, 0x99, 0x94,
    0xef, 0xff, 0x50, 0x0, 0x0, 0x0, 0xef, 0xff,
    0x50, 0x0, 0x0, 0x0, 0xef, 0xff, 0x50, 0x0,
    0x0, 0x0, 0xef, 0xff, 0xb9, 0x99, 0x99, 0x40,
    0xef, 0xff, 0xff, 0xff, 0xff, 0x70, 0xef, 0xff,
    0xff, 0xff, 0xff, 0x70, 0xef, 0xff, 0xff, 0xff,
    0xff, 0x70, 0xef, 0xff, 0x50, 0x0, 0x0, 0x0,
    0xef, 0xff, 0x50, 0x0, 0x0, 0x0, 0xef, 0xff,
    0x50, 0x0, 0x0, 0x0, 0xef, 0xff, 0x50, 0x0,
    0x0, 0x0, 0xef, 0xff, 0x50, 0x0, 0x0, 0x0,
    0xef, 0xff, 0x50, 0x0, 0x0, 0x0, 0xef, 0xff,
    0x50, 0x0, 0x0, 0x0,

    /* U+0047 "G" */
    0x0, 0x0, 0x4, 0xad, 0xff, 0xd9, 0x30, 0x0,
    0x0, 0x2, 0xdf, 0xff, 0xff, 0xff, 0xfa, 0x0,
    0x0, 0x4f, 0xff, 0xff, 0xff, 0xff, 0xff, 0x70,
    0x2, 0xef, 0xff, 0xff, 0xdb, 0xef, 0xfa, 0x0,
    0xa, 0xff, 0xff, 0xa1, 0x0, 0x3, 0x90, 0x0,
    0x2f, 0xff, 0xfa, 0x0, 0x0, 0x0, 0x0, 0x0,
    0x6f, 0xff, 0xf2, 0x0, 0x0, 0x0, 0x0, 0x0,
    0x9f, 0xff, 0xd0, 0x0, 0x48, 0x88, 0x88, 0x80,
    0xbf, 0xff, 0xb0, 0x0, 0x9f, 0xff, 0xff, 0xf0,
    0xbf, 0xff, 0xb0, 0x0, 0x9f, 0xff, 0xff, 0xf0,
    0xaf, 0xff, 0xd0, 0x0, 0x9f, 0xff, 0xff, 0xf0,
    0x7f, 0xff, 0xf1, 0x0, 0x0, 0xc, 0xff, 0xf0,
    0x3f, 0xff, 0xfa, 0x0, 0x0, 0xc, 0xff, 0xf0,
    0xc, 0xff, 0xff, 0xa1, 0x0, 0xc, 0xff, 0xf0,
    0x3, 0xff, 0xff, 0xff, 0xdb, 0xdf, 0xff, 0xf0,
    0x0, 0x6f, 0xff, 0xff, 0xff, 0xff, 0xff, 0xf0,
    0x0, 0x4, 0xef, 0xff, 0xff, 0xff, 0xfd, 0x40,
    0x0, 0x0, 0x5, 0xad, 0xff, 0xda, 0x50, 0x0,

    /* U+0048 "H" */
    0xef, 0xff, 0x50, 0x0, 0x0, 0xcf, 0xff, 0x8e,
    0xff, 0xf5, 0x0, 0x0, 0xc, 0xff, 0xf8, 0xef,
    0xff, 0x50, 0x0, 0x0, 0xcf, 0xff, 0x8e, 0xff,
    0xf5, 0x0, 0x0, 0xc, 0xff, 0xf8, 0xef, 0xff,
    0x50, 0x0, 0x0, 0xcf, 0xff, 0x8e, 0xff, 0xf5,
    0x0, 0x0, 0xc, 0xff, 0xf8, 0xef, 0xff, 0x50,
    0x0, 0x0, 0xcf, 0xff, 0x8e, 0xff, 0xff, 0xff,
    0xff, 0xff, 0xff, 0xf8, 0xef, 0xff, 0xff, 0xff,
    0xff, 0xff, 0xff, 0x8e, 0xff, 0xff, 0xff, 0xff,
    0xff, 0xff, 0xf8, 0xef, 0xff, 0xdb, 0xbb, 0xbb,
    0xef, 0xff, 0x8e, 0xff, 0xf5, 0x0, 0x0, 0xc,
    0xff, 0xf8, 0xef, 0xff, 0x50, 0x0, 0x0, 0xcf,
    0xff, 0x8e, 0xff, 0xf5, 0x0, 0x0, 0xc, 0xff,
    0xf8, 0xef, 0xff, 0x50, 0x0, 0x0, 0xcf, 0xff,
    0x8e, 0xff, 0xf5, 0x0, 0x0, 0xc, 0xff, 0xf8,
    0xef, 0xff, 0x50, 0x0, 0x0, 0xcf, 0xff, 0x8e,
    0xff, 0xf5, 0x0, 0x0, 0xc, 0xff, 0xf8,

    /* U+0049 "I" */
    0xef, 0xff, 0x5e, 0xff, 0xf5, 0xef, 0xff, 0x5e,
    0xff, 0xf5, 0xef, 0xff, 0x5e, 0xff, 0xf5, 0xef,
    0xff, 0x5e, 0xff, 0xf5, 0xef, 0xff, 0x5e, 0xff,
    0xf5, 0xef, 0xff, 0x5e, 0xff, 0xf5, 0xef, 0xff,
    0x5e, 0xff, 0xf5, 0xef, 0xff, 0x5e, 0xff, 0xf5,
    0xef, 0xff, 0x5e, 0xff, 0xf5,

    /* U+004A "J" */
    0x0, 0x0, 0x0, 0x2, 0xff, 0xff, 0x10, 0x0,
    0x0, 0x0, 0x2f, 0xff, 0xf1, 0x0, 0x0, 0x0,
    0x2, 0xff, 0xff, 0x10, 0x0, 0x0, 0x0, 0x2f,
    0xff, 0xf1, 0x0, 0x0, 0x0, 0x2, 0xff, 0xff,
    0x10, 0x0, 0x0, 0x0, 0x2f, 0xff, 0xf1, 0x0,
    0x0, 0x0, 0x2, 0xff, 0xff, 0x10, 0x0, 0x0,
    0x0, 0x2f, 0xff, 0xf1, 0x0, 0x0, 0x0, 0x2,
    0xff, 0xff, 0x10, 0x0, 0x0, 0x0, 0x2f, 0xff,
    0xf1, 0x0, 0x0, 0x0, 0x2, 0xff, 0xff, 0x10,
    0x0, 0x0, 0x0, 0x3f, 0xff, 0xf1, 0x0, 0x0,
    0x0, 0x5, 0xff, 0xff, 0x0, 0x1b, 0xc0, 0x0,
    0xbf, 0xff, 0xd0, 0x3f, 0xff, 0xfc, 0xef, 0xff,
    0xf8, 0x0, 0xef, 0xff, 0xff, 0xff, 0xfe, 0x0,
    0x3, 0xef, 0xff, 0xff, 0xfd, 0x30, 0x0, 0x1,
    0x8d, 0xff, 0xd8, 0x0, 0x0,

    /* U+004B "K" */
    0xef, 0xff, 0x50, 0x0, 0xd, 0xff, 0xfc, 0x0,
    0xef, 0xff, 0x50, 0x0, 0x9f, 0xff, 0xf2, 0x0,
    0xef, 0xff, 0x50, 0x4, 0xff, 0xff, 0x50, 0x0,
    0xef, 0xff, 0x50, 0x1e, 0xff, 0xf9, 0x0, 0x0,
    0xef, 0xff, 0x50, 0xbf, 0xff, 0xc0, 0x0, 0x0,
    0xef, 0xff, 0x56, 0xff, 0xff, 0x20, 0x0, 0x0,
    0xef, 0xff, 0x8f, 0xff, 0xf5, 0x0, 0x0, 0x0,
    0xef, 0xff, 0xff, 0xff, 0xf0, 0x0, 0x0, 0x0,
    0xef, 0xff, 0xff, 0xff, 0xf8, 0x0, 0x0, 0x0,
    0xef, 0xff, 0xff, 0xff, 0xff, 0x20, 0x0, 0x0,
    0xef, 0xff, 0xff, 0xef, 0xff, 0xb0, 0x0, 0x0,
    0xef, 0xff, 0xfa, 0x3f, 0xff, 0xf5, 0x0, 0x0,
    0xef, 0xff, 0xd0, 0xa, 0xff, 0xfe, 0x0, 0x0,
    0xef, 0xff, 0x60, 0x1, 0xff, 0xff, 0x80, 0x0,
    0xef, 0xff, 0x50, 0x0, 0x7f, 0xff, 0xf2, 0x0,
    0xef, 0xff, 0x50, 0x0, 0xd, 0xff, 0xfb, 0x0,
    0xef, 0xff, 0x50, 0x0, 0x5, 0xff, 0xff, 0x40,
    0xef, 0xff, 0x50, 0x0, 0x0, 0xcf, 0xff, 0xd0,

    /* U+004C "L" */
    0xef, 0xff, 0x50, 0x0, 0x0, 0x0, 0xef, 0xff,
    0x50, 0x0, 0x0, 0x0, 0xef, 0xff, 0x50, 0x0,
    0x0, 0x0, 0xef, 0xff, 0x50, 0x0, 0x0, 0x0,
    0xef, 0xff, 0x50, 0x0, 0x0, 0x0, 0xef, 0xff,
    0x50, 0x0, 0x0, 0x0, 0xef, 0xff, 0x50, 0x0,
    0x0, 0x0, 0xef, 0xff, 0x50, 0x0, 0x0, 0x0,
    0xef, 0xff, 0x50, 0x0, 0x0, 0x0, 0xef, 0xff,
    0x50, 0x0, 0x0, 0x0, 0xef, 0xff, 0x50, 0x0,
    0x0, 0x0, 0xef, 0xff, 0x50, 0x0, 0x0, 0x0,
    0xef, 0xff, 0x50, 0x0, 0x0, 0x0, 0xef, 0xff,
    0x50, 0x0, 0x0, 0x0, 0xef, 0xff, 0xb9, 0x99,
    0x99, 0x93, 0xef, 0xff, 0xff, 0xff, 0xff, 0xf4,
    0xef, 0xff, 0xff, 0xff, 0xff, 0xf4, 0xef, 0xff,
    0xff, 0xff, 0xff, 0xf4,

    /* U+004D "M" */
    0xef, 0xff, 0xe0, 0x0, 0x0, 0x0, 0xdf, 0xff,
    0xf0, 0xef, 0xff, 0xf3, 0x0, 0x0, 0x2, 0xff,
    0xff, 0xf0, 0xef, 0xff, 0xf9, 0x0, 0x0, 0x8,
    0xff, 0xff, 0xf0, 0xef, 0xff, 0xff, 0x0, 0x0,
    0xd, 0xff, 0xff, 0xf0, 0xef, 0xff, 0xff, 0x50,
    0x0, 0x3f, 0xff, 0xff, 0xf0, 0xef, 0xfd, 0xff,
    0xb0, 0x0, 0x9f, 0xfd, 0xff, 0xf0, 0xef, 0xfa,
    0xff, 0xf1, 0x0, 0xef, 0xf9, 0xff, 0xf0, 0xef,
    0xf9, 0xdf, 0xf6, 0x4, 0xff, 0xc9, 0xff, 0xf0,
    0xef, 0xfb, 0x8f, 0xfb, 0x9, 0xff, 0x7b, 0xff,
    0xf0, 0xef, 0xfc, 0x3f, 0xff, 0x1e, 0xff, 0x3c,
    0xff, 0xf0, 0xef, 0xfd, 0xe, 0xff, 0x9f, 0xfd,
    0xd, 0xff, 0xf0, 0xef, 0xfe, 0x8, 0xff, 0xff,
    0xf7, 0xe, 0xff, 0xf0, 0xef, 0xfe, 0x2, 0xff,
    0xff, 0xf1, 0xe, 0xff, 0xf0, 0xef, 0xfe, 0x0,
    0xcf, 0xff, 0xb0, 0xe, 0xff, 0xf0, 0xef, 0xfe,
    0x0, 0x6f, 0xff, 0x50, 0xe, 0xff, 0xf0, 0xef,
    0xfe, 0x0, 0x1f, 0xff, 0x0, 0xe, 0xff, 0xf0,
    0xef, 0xfe, 0x0, 0x5, 0x75, 0x0, 0xe, 0xff,
    0xf0, 0xef, 0xfe, 0x0, 0x0, 0x0, 0x0, 0xe,
    0xff, 0xf0,

    /* U+004E "N" */
    0xef, 0xff, 0xb0, 0x0, 0x0, 0xdf, 0xff, 0x3e,
    0xff, 0xff, 0x30, 0x0, 0xd, 0xff, 0xf3, 0xef,
    0xff, 0xfb, 0x0, 0x0, 0xdf, 0xff, 0x3e, 0xff,
    0xff, 0xf3, 0x0, 0xd, 0xff, 0xf3, 0xef, 0xff,
    0xff, 0xc0, 0x0, 0xdf, 0xff, 0x3e, 0xff, 0xdf,
    0xff, 0x40, 0xd, 0xff, 0xf3, 0xef, 0xfb, 0xcf,
    0xfc, 0x0, 0xcf, 0xff, 0x3e, 0xff, 0xd5, 0xff,
    0xf4, 0xb, 0xff, 0xf3, 0xef, 0xfe, 0xe, 0xff,
    0xc0, 0xaf, 0xff, 0x3e, 0xff, 0xf0, 0x7f, 0xff,
    0x49, 0xff, 0xf3, 0xef, 0xff, 0x0, 0xef, 0xfb,
    0x7f, 0xff, 0x3e, 0xff, 0xf1, 0x7, 0xff, 0xf8,
    0xff, 0xf3, 0xef, 0xff, 0x20, 0xe, 0xff, 0xdf,
    0xff, 0x3e, 0xff, 0xf2, 0x0, 0x6f, 0xff, 0xff,
    0xf3, 0xef, 0xff, 0x20, 0x0, 0xef, 0xff, 0xff,
    0x3e, 0xff, 0xf2, 0x0, 0x6, 0xff, 0xff, 0xf3,
    0xef, 0xff, 0x20, 0x0, 0xd, 0xff, 0xff, 0x3e,
    0xff, 0xf2, 0x0, 0x0, 0x6f, 0xff, 0xf3,

    /* U+004F "O" */
    0x0, 0x0, 0x18, 0xce, 0xfe, 0xc7, 0x10, 0x0,
    0x0, 0x0, 0x7f, 0xff, 0xff, 0xff, 0xff, 0x60,
    0x0, 0x0, 0x9f, 0xff, 0xff, 0xff, 0xff, 0xff,
    0x70, 0x0, 0x5f, 0xff, 0xff, 0xeb, 0xef, 0xff,
    0xff, 0x30, 0xd, 0xff, 0xff, 0x50, 0x0, 0x7f,
    0xff, 0xfb, 0x4, 0xff, 0xff, 0x70, 0x0, 0x0,
    0x9f, 0xff, 0xf1, 0x8f, 0xff, 0xf0, 0x0, 0x0,
    0x2, 0xff, 0xff, 0x5a, 0xff, 0xfc, 0x0, 0x0,
    0x0, 0xe, 0xff, 0xf7, 0xbf, 0xff, 0xb0, 0x0,
    0x0, 0x0, 0xcf, 0xff, 0x9b, 0xff, 0xfb, 0x0,
    0x0, 0x0, 0xd, 0xff, 0xf8, 0xaf, 0xff, 0xd0,
    0x0, 0x0, 0x0, 0xff, 0xff, 0x77, 0xff, 0xff,
    0x10, 0x0, 0x0, 0x3f, 0xff, 0xf5, 0x3f, 0xff,
    0xf8, 0x0, 0x0, 0xa, 0xff, 0xff, 0x10, 0xcf,
    0xff, 0xf6, 0x0, 0x8, 0xff, 0xff, 0xa0, 0x4,
    0xff, 0xff, 0xfe, 0xcf, 0xff, 0xff, 0xf2, 0x0,
    0x8, 0xff, 0xff, 0xff, 0xff, 0xff, 0xf6, 0x0,
    0x0, 0x6, 0xff, 0xff, 0xff, 0xff, 0xe5, 0x0,
    0x0, 0x0, 0x1, 0x7c, 0xef, 0xeb, 0x70, 0x0,
    0x0,

    /* U+0050 "P" */
    0xef, 0xff, 0xff, 0xfe, 0xc8, 0x20, 0x0, 0xef,
    0xff, 0xff, 0xff, 0xff, 0xf8, 0x0, 0xef, 0xff,
    0xff, 0xff, 0xff, 0xff, 0x70, 0xef, 0xff, 0xa6,
    0x79, 0xef, 0xff, 0xf1, 0xef, 0xff, 0x50, 0x0,
    0x2f, 0xff, 0xf5, 0xef, 0xff, 0x50, 0x0, 0xb,
    0xff, 0xf7, 0xef, 0xff, 0x50, 0x0, 0xc, 0xff,
    0xf6, 0xef, 0xff, 0x50, 0x0, 0x3f, 0xff, 0xf4,
    0xef, 0xff, 0x96, 0x69, 0xff, 0xff, 0xe0, 0xef,
    0xff, 0xff, 0xff, 0xff, 0xff, 0x30, 0xef, 0xff,
    0xff, 0xff, 0xff, 0xe5, 0x0, 0xef, 0xff, 0xff,
    0xfd, 0xb7, 0x0, 0x0, 0xef, 0xff, 0x50, 0x0,
    0x0, 0x0, 0x0, 0xef, 0xff, 0x50, 0x0, 0x0,
    0x0, 0x0, 0xef, 0xff, 0x50, 0x0, 0x0, 0x0,
    0x0, 0xef, 0xff, 0x50, 0x0, 0x0, 0x0, 0x0,
    0xef, 0xff, 0x50, 0x0, 0x0, 0x0, 0x0, 0xef,
    0xff, 0x50, 0x0, 0x0, 0x0, 0x0,

    /* U+0051 "Q" */
    0x0, 0x0, 0x18, 0xce, 0xfe, 0xb7, 0x10, 0x0,
    0x0, 0x0, 0x7, 0xff, 0xff, 0xff, 0xff, 0xe5,
    0x0, 0x0, 0x0, 0x8f, 0xff, 0xff, 0xff, 0xff,
    0xff, 0x60, 0x0, 0x4, 0xff, 0xff, 0xfe, 0xbe,
    0xff, 0xff, 0xf3, 0x0, 0xd, 0xff, 0xff, 0x50,
    0x0, 0x7f, 0xff, 0xfa, 0x0, 0x3f, 0xff, 0xf7,
    0x0, 0x0, 0x9, 0xff, 0xff, 0x10, 0x7f, 0xff,
    0xf1, 0x0, 0x0, 0x2, 0xff, 0xff, 0x50, 0xaf,
    0xff, 0xd0, 0x0, 0x0, 0x0, 0xff, 0xff, 0x70,
    0xbf, 0xff, 0xb0, 0x0, 0x0, 0x0, 0xdf, 0xff,
    0x90, 0xbf, 0xff, 0xa0, 0x0, 0x0, 0x0, 0xcf,
    0xff, 0x80, 0x9f, 0xff, 0xc0, 0x0, 0x0, 0x0,
    0xef, 0xff, 0x60, 0x7f, 0xff, 0xe0, 0x0, 0x0,
    0x0, 0xff, 0xff, 0x40, 0x4f, 0xff, 0xf4, 0x0,
    0x0, 0x6, 0xff, 0xff, 0x10, 0xd, 0xff, 0xfc,
    0x0, 0x0, 0x1d, 0xff, 0xfb, 0x0, 0x5, 0xff,
    0xff, 0xc5, 0x36, 0xdf, 0xff, 0xf4, 0x0, 0x0,
    0xbf, 0xff, 0xff, 0xff, 0xff, 0xff, 0x80, 0x0,
    0x0, 0xa, 0xff, 0xff, 0xff, 0xff, 0xf9, 0x0,
    0x0, 0x0, 0x0, 0x5b, 0xff, 0xff, 0xfb, 0x30,
    0x0, 0x0, 0x0, 0x0, 0x0, 0x5f, 0xff, 0xf8,
    0x0, 0x0, 0x0, 0x0, 0x0, 0x0, 0xa, 0xff,
    0xff, 0xd9, 0x77, 0x90, 0x0, 0x0, 0x0, 0x1,
    0xcf, 0xff, 0xff, 0xff, 0xf2, 0x0, 0x0, 0x0,
    0x0, 0x9, 0xff, 0xff, 0xff, 0xf6, 0x0, 0x0,
    0x0, 0x0, 0x0, 0x18, 0xbe, 0xfe, 0xc4,

    /* U+0052 "R" */
    0xef, 0xff, 0xff, 0xfe, 0xc9, 0x30, 0x0, 0xe,
    0xff, 0xff, 0xff, 0xff, 0xff, 0xa0, 0x0, 0xef,
    0xff, 0xff, 0xff, 0xff, 0xff, 0x90, 0xe, 0xff,
    0xfa, 0x67, 0x8e, 0xff, 0xff, 0x20, 0xef, 0xff,
    0x50, 0x0, 0x1e, 0xff, 0xf7, 0xe, 0xff, 0xf5,
    0x0, 0x0, 0xaf, 0xff, 0x80, 0xef, 0xff, 0x50,
    0x0, 0xb, 0xff, 0xf8, 0xe, 0xff, 0xf5, 0x0,
    0x2, 0xff, 0xff, 0x60, 0xef, 0xff, 0x96, 0x69,
    0xff, 0xff, 0xf1, 0xe, 0xff, 0xff, 0xff, 0xff,
    0xff, 0xf8, 0x0, 0xef, 0xff, 0xff, 0xff, 0xff,
    0xf8, 0x0, 0xe, 0xff, 0xff, 0xff, 0xff, 0xfb,
    0x0, 0x0, 0xef, 0xff, 0x50, 0x4f, 0xff, 0xf4,
    0x0, 0xe, 0xff, 0xf5, 0x0, 0xcf, 0xff, 0xd0,
    0x0, 0xef, 0xff, 0x50, 0x3, 0xff, 0xff, 0x70,
    0xe, 0xff, 0xf5, 0x0, 0xa, 0xff, 0xff, 0x10,
    0xef, 0xff, 0x50, 0x0, 0x2f, 0xff, 0xfa, 0xe,
    0xff, 0xf5, 0x0, 0x0, 0x8f, 0xff, 0xf3,

    /* U+0053 "S" */
    0x0, 0x0, 0x18, 0xbe, 0xfd, 0x94, 0x0, 0x0,
    0x0, 0x7f, 0xff, 0xff, 0xff, 0xfc, 0x20, 0x0,
    0x5f, 0xff, 0xff, 0xff, 0xff, 0xf9, 0x0, 0xf,
    0xff, 0xff, 0xdc, 0xff, 0xfd, 0x0, 0x3, 0xff,
    0xff, 0x30, 0x0, 0x5c, 0x10, 0x0, 0x5f, 0xff,
    0xf2, 0x0, 0x0, 0x0, 0x0, 0x2, 0xff, 0xff,
    0xe6, 0x0, 0x0, 0x0, 0x0, 0xb, 0xff, 0xff,
    0xff, 0xa4, 0x0, 0x0, 0x0, 0x1d, 0xff, 0xff,
    0xff, 0xfc, 0x30, 0x0, 0x0, 0x19, 0xff, 0xff,
    0xff, 0xff, 0x40, 0x0, 0x0, 0x1, 0x7d, 0xff,
    0xff, 0xfe, 0x0, 0x0, 0x0, 0x0, 0x4, 0xcf,
    0xff, 0xf4, 0x0, 0x2, 0x0, 0x0, 0x1, 0xff,
    0xff, 0x60, 0x8, 0xf9, 0x10, 0x0, 0x4f, 0xff,
    0xf3, 0x5, 0xff, 0xff, 0xeb, 0xcf, 0xff, 0xff,
    0x0, 0xcf, 0xff, 0xff, 0xff, 0xff, 0xff, 0x50,
    0x0, 0x9f, 0xff, 0xff, 0xff, 0xfe, 0x60, 0x0,
    0x0, 0x17, 0xce, 0xfd, 0xb8, 0x10, 0x0,

    /* U+0054 "T" */
    0x4f, 0xff, 0xff, 0xff, 0xff, 0xff, 0xff, 0xa4,
    0xff, 0xff, 0xff, 0xff, 0xff, 0xff, 0xfa, 0x4f,
    0xff, 0xff, 0xff, 0xff, 0xff, 0xff, 0xa2, 0x99,
    0x99, 0xcf, 0xff, 0xe9, 0x99, 0x96, 0x0, 0x0,
    0x7, 0xff, 0xfc, 0x0, 0x0, 0x0, 0x0, 0x0,
    0x7f, 0xff, 0xc0, 0x0, 0x0, 0x0, 0x0, 0x7,
    0xff, 0xfc, 0x0, 0x0, 0x0, 0x0, 0x0, 0x7f,
    0xff, 0xc0, 0x0, 0x0, 0x0, 0x0, 0x7, 0xff,
    0xfc, 0x0, 0x0, 0x0, 0x0, 0x0, 0x7f, 0xff,
    0xc0, 0x0, 0x0, 0x0, 0x0, 0x7, 0xff, 0xfc,
    0x0, 0x0, 0x0, 0x0, 0x0, 0x7f, 0xff, 0xc0,
    0x0, 0x0, 0x0, 0x0, 0x7, 0xff, 0xfc, 0x0,
    0x0, 0x0, 0x0, 0x0, 0x7f, 0xff, 0xc0, 0x0,
    0x0, 0x0, 0x0, 0x7, 0xff, 0xfc, 0x0, 0x0,
    0x0, 0x0, 0x0, 0x7f, 0xff, 0xc0, 0x0, 0x0,
    0x0, 0x0, 0x7, 0xff, 0xfc, 0x0, 0x0, 0x0,
    0x0, 0x0, 0x7f, 0xff, 0xc0, 0x0, 0x0,

    /* U+0055 "U" */
    0xf, 0xff, 0xf3, 0x0, 0x0, 0xc, 0xff, 0xf5,
    0xf, 0xff, 0xf3, 0x0, 0x0, 0xc, 0xff, 0xf5,
    0xf, 0xff, 0xf3, 0x0, 0x0, 0xc, 0xff, 0xf5,
    0xf, 0xff, 0xf3, 0x0, 0x0, 0xc, 0xff, 0xf5,
    0xf, 0xff, 0xf3, 0x0, 0x0, 0xc, 0xff, 0xf5,
    0xf, 0xff, 0xf3, 0x0, 0x0, 0xc, 0xff, 0xf5,
    0xf, 0xff, 0xf3, 0x0, 0x0, 0xc, 0xff, 0xf5,
    0xf, 0xff, 0xf3, 0x0, 0x0, 0xc, 0xff, 0xf5,
    0xf, 0xff, 0xf3, 0x0, 0x0, 0xc, 0xff, 0xf5,
    0xf, 0xff, 0xf3, 0x0, 0x0, 0xc, 0xff, 0xf5,
    0xf, 0xff, 0xf4, 0x0, 0x0, 0xd, 0xff, 0xf5,
    0xe, 0xff, 0xf5, 0x0, 0x0, 0xe, 0xff, 0xf4,
    0xb, 0xff, 0xf9, 0x0, 0x0, 0x2f, 0xff, 0xf1,
    0x8, 0xff, 0xff, 0x40, 0x0, 0xbf, 0xff, 0xd0,
    0x2, 0xff, 0xff, 0xfd, 0xce, 0xff, 0xff, 0x70,
    0x0, 0x8f, 0xff, 0xff, 0xff, 0xff, 0xfd, 0x0,
    0x0, 0x9, 0xff, 0xff, 0xff, 0xff, 0xd2, 0x0,
    0x0, 0x0, 0x39, 0xdf, 0xfe, 0xb6, 0x0, 0x0,

    /* U+0056 "V" */
    0x1f, 0xff, 0xf6, 0x0, 0x0, 0x0, 0xdf, 0xff,
    0x70, 0xcf, 0xff, 0xa0, 0x0, 0x0, 0x1f, 0xff,
    0xf2, 0x7, 0xff, 0xfe, 0x0, 0x0, 0x5, 0xff,
    0xfe, 0x0, 0x3f, 0xff, 0xf2, 0x0, 0x0, 0xaf,
    0xff, 0x90, 0x0, 0xef, 0xff, 0x50, 0x0, 0xe,
    0xff, 0xf4, 0x0, 0x9, 0xff, 0xf9, 0x0, 0x2,
    0xff, 0xff, 0x0, 0x0, 0x5f, 0xff, 0xd0, 0x0,
    0x6f, 0xff, 0xa0, 0x0, 0x0, 0xff, 0xff, 0x10,
    0xa, 0xff, 0xf5, 0x0, 0x0, 0xb, 0xff, 0xf4,
    0x0, 0xef, 0xff, 0x10, 0x0, 0x0, 0x7f, 0xff,
    0x80, 0x2f, 0xff, 0xc0, 0x0, 0x0, 0x2, 0xff,
    0xfc, 0x6, 0xff, 0xf7, 0x0, 0x0, 0x0, 0xd,
    0xff, 0xf0, 0xaf, 0xff, 0x20, 0x0, 0x0, 0x0,
    0x9f, 0xff, 0x4e, 0xff, 0xd0, 0x0, 0x0, 0x0,
    0x4, 0xff, 0xfa, 0xff, 0xf8, 0x0, 0x0, 0x0,
    0x0, 0xf, 0xff, 0xff, 0xff, 0x30, 0x0, 0x0,
    0x0, 0x0, 0xaf, 0xff, 0xff, 0xe0, 0x0, 0x0,
    0x0, 0x0, 0x6, 0xff, 0xff, 0xf9, 0x0, 0x0,
    0x0, 0x0, 0x0, 0x1f, 0xff, 0xff, 0x50, 0x0,
    0x0,

    /* U+0057 "W" */
    0x8f, 0xff, 0xc0, 0x0, 0x9, 0xff, 0xf4, 0x0,
    0x0, 0xff, 0xff, 0x6, 0xff, 0xfe, 0x0, 0x0,
    0xcf, 0xff, 0x70, 0x0, 0x3f, 0xff, 0xd0, 0x3f,
    0xff, 0xf0, 0x0, 0xf, 0xff, 0xfb, 0x0, 0x5,
    0xff, 0xfa, 0x0, 0xff, 0xff, 0x30, 0x4, 0xff,
    0xff, 0xe0, 0x0, 0x7f, 0xff, 0x70, 0xd, 0xff,
    0xf5, 0x0, 0x7f, 0xff, 0xff, 0x20, 0xa, 0xff,
    0xf4, 0x0, 0xaf, 0xff, 0x70, 0xb, 0xff, 0xff,
    0xf5, 0x0, 0xcf, 0xff, 0x10, 0x7, 0xff, 0xf9,
    0x0, 0xff, 0xfb, 0xff, 0x90, 0xf, 0xff, 0xf0,
    0x0, 0x5f, 0xff, 0xb0, 0x2f, 0xfd, 0x8f, 0xfc,
    0x1, 0xff, 0xfc, 0x0, 0x2, 0xff, 0xfd, 0x6,
    0xff, 0xb5, 0xff, 0xf0, 0x3f, 0xff, 0x90, 0x0,
    0xf, 0xff, 0xf0, 0x9f, 0xf8, 0x3f, 0xff, 0x35,
    0xff, 0xf6, 0x0, 0x0, 0xcf, 0xff, 0x1c, 0xff,
    0x50, 0xff, 0xf6, 0x7f, 0xff, 0x30, 0x0, 0x9,
    0xff, 0xf3, 0xef, 0xf2, 0xd, 0xff, 0x99, 0xff,
    0xf1, 0x0, 0x0, 0x7f, 0xff, 0x7f, 0xff, 0x0,
    0x9f, 0xfc, 0xbf, 0xfe, 0x0, 0x0, 0x4, 0xff,
    0xfc, 0xff, 0xb0, 0x6, 0xff, 0xed, 0xff, 0xb0,
    0x0, 0x0, 0x1f, 0xff, 0xff, 0xf8, 0x0, 0x3f,
    0xff, 0xff, 0xf8, 0x0, 0x0, 0x0, 0xef, 0xff,
    0xff, 0x50, 0x0, 0xff, 0xff, 0xff, 0x50, 0x0,
    0x0, 0xb, 0xff, 0xff, 0xf2, 0x0, 0xc, 0xff,
    0xff, 0xf3, 0x0, 0x0, 0x0, 0x8f, 0xff, 0xfe,
    0x0, 0x0, 0x9f, 0xff, 0xff, 0x0, 0x0,

    /* U+0058 "X" */
    0x2f, 0xff, 0xf9, 0x0, 0x0, 0x9f, 0xff, 0xe0,
    0xa, 0xff, 0xff, 0x10, 0x0, 0xef, 0xff, 0x60,
    0x2, 0xff, 0xff, 0x70, 0x5, 0xff, 0xfd, 0x0,
    0x0, 0x9f, 0xff, 0xe0, 0xc, 0xff, 0xf5, 0x0,
    0x0, 0x1f, 0xff, 0xf5, 0x2f, 0xff, 0xd0, 0x0,
    0x0, 0x8, 0xff, 0xfc, 0x8f, 0xff, 0x50, 0x0,
    0x0, 0x0, 0xef, 0xff, 0xff, 0xfd, 0x0, 0x0,
    0x0, 0x0, 0x7f, 0xff, 0xff, 0xf4, 0x0, 0x0,
    0x0, 0x0, 0xe, 0xff, 0xff, 0xc0, 0x0, 0x0,
    0x0, 0x0, 0x3f, 0xff, 0xff, 0xd0, 0x0, 0x0,
    0x0, 0x0, 0xbf, 0xff, 0xff, 0xf6, 0x0, 0x0,
    0x0, 0x4, 0xff, 0xfd, 0xff, 0xfe, 0x0, 0x0,
    0x0, 0xc, 0xff, 0xf3, 0xdf, 0xff, 0x70, 0x0,
    0x0, 0x4f, 0xff, 0xc0, 0x6f, 0xff, 0xf1, 0x0,
    0x0, 0xdf, 0xff, 0x60, 0xe, 0xff, 0xf9, 0x0,
    0x5, 0xff, 0xfe, 0x0, 0x7, 0xff, 0xff, 0x20,
    0xd, 0xff, 0xf8, 0x0, 0x1, 0xff, 0xff, 0xa0,
    0x6f, 0xff, 0xf1, 0x0, 0x0, 0x8f, 0xff, 0xf3,

    /* U+0059 "Y" */
    0xe, 0xff, 0xf8, 0x0, 0x0, 0xd, 0xff, 0xf9,
    0x8, 0xff, 0xfe, 0x0, 0x0, 0x3f, 0xff, 0xf2,
    0x1, 0xff, 0xff, 0x40, 0x0, 0x9f, 0xff, 0xa0,
    0x0, 0x9f, 0xff, 0xa0, 0x0, 0xef, 0xff, 0x30,
    0x0, 0x2f, 0xff, 0xf0, 0x5, 0xff, 0xfb, 0x0,
    0x0, 0xa, 0xff, 0xf5, 0xb, 0xff, 0xf4, 0x0,
    0x0, 0x3, 0xff, 0xfb, 0x1f, 0xff, 0xd0, 0x0,
    0x0, 0x0, 0xcf, 0xff, 0x8f, 0xff, 0x50, 0x0,
    0x0, 0x0, 0x4f, 0xff, 0xff, 0xfe, 0x0, 0x0,
    0x0, 0x0, 0xd, 0xff, 0xff, 0xf6, 0x0, 0x0,
    0x0, 0x0, 0x5, 0xff, 0xff, 0xe0, 0x0, 0x0,
    0x0, 0x0, 0x0, 0xef, 0xff, 0x80, 0x0, 0x0,
    0x0, 0x0, 0x0, 0xdf, 0xff, 0x60, 0x0, 0x0,
    0x0, 0x0, 0x0, 0xdf, 0xff, 0x60, 0x0, 0x0,
    0x0, 0x0, 0x0, 0xdf, 0xff, 0x60, 0x0, 0x0,
    0x0, 0x0, 0x0, 0xdf, 0xff, 0x60, 0x0, 0x0,
    0x0, 0x0, 0x0, 0xdf, 0xff, 0x60, 0x0, 0x0,
    0x0, 0x0, 0x0, 0xdf, 0xff, 0x60, 0x0, 0x0,

    /* U+005A "Z" */
    0x4, 0xff, 0xff, 0xff, 0xff, 0xff, 0xfe, 0x4,
    0xff, 0xff, 0xff, 0xff, 0xff, 0xfe, 0x4, 0xff,
    0xff, 0xff, 0xff, 0xff, 0xfd, 0x2, 0x99, 0x99,
    0x99, 0xcf, 0xff, 0xf5, 0x0, 0x0, 0x0, 0x0,
    0xef, 0xff, 0xa0, 0x0, 0x0, 0x0, 0x9, 0xff,
    0xfe, 0x10, 0x0, 0x0, 0x0, 0x4f, 0xff, 0xf6,
    0x0, 0x0, 0x0, 0x0, 0xdf, 0xff, 0xb0, 0x0,
    0x0, 0x0, 0x8, 0xff, 0xff, 0x10, 0x0, 0x0,
    0x0, 0x3f, 0xff, 0xf6, 0x0, 0x0, 0x0, 0x0,
    0xdf, 0xff, 0xc0, 0x0, 0x0, 0x0, 0x8, 0xff,
    0xff, 0x20, 0x0, 0x0, 0x0, 0x2f, 0xff, 0xf7,
    0x0, 0x0, 0x0, 0x0, 0xcf, 0xff, 0xc0, 0x0,
    0x0, 0x0, 0x7, 0xff, 0xff, 0xb9, 0x99, 0x99,
    0x99, 0xf, 0xff, 0xff, 0xff, 0xff, 0xff, 0xff,
    0xf, 0xff, 0xff, 0xff, 0xff, 0xff, 0xff, 0xf,
    0xff, 0xff, 0xff, 0xff, 0xff, 0xff,

    /* U+005B "[" */
    0x9f, 0xff, 0xff, 0x49, 0xff, 0xff, 0xf4, 0x9f,
    0xfa, 0x44, 0x19, 0xff, 0x80, 0x0, 0x9f, 0xf8,
    0x0, 0x9, 0xff, 0x80, 0x0, 0x9f, 0xf8, 0x0,
    0x9, 0xff, 0x80, 0x0, 0x9f, 0xf8, 0x0, 0x9,
    0xff, 0x80, 0x0, 0x9f, 0xf8, 0x0, 0x9, 0xff,
    0x80, 0x0, 0x9f, 0xf8, 0x0, 0x9, 0xff, 0x80,
    0x0, 0x9f, 0xf8, 0x0, 0x9, 0xff, 0x80, 0x0,
    0x9f, 0xf8, 0x0, 0x9, 0xff, 0x80, 0x0, 0x9f,
    0xf8, 0x0, 0x9, 0xff, 0x80, 0x0, 0x9f, 0xf8,
    0x0, 0x9, 0xff, 0xa4, 0x41, 0x9f, 0xff, 0xff,
    0x49, 0xff, 0xff, 0xf4,

    /* U+005C "\\" */
    0xf, 0xfb, 0x0, 0x0, 0x0, 0xdf, 0xe0, 0x0,
    0x0, 0x9, 0xff, 0x20, 0x0, 0x0, 0x6f, 0xf5,
    0x0, 0x0, 0x2, 0xff, 0x90, 0x0, 0x0, 0xf,
    0xfc, 0x0, 0x0, 0x0, 0xbf, 0xf0, 0x0, 0x0,
    0x8, 0xff, 0x30, 0x0, 0x0, 0x4f, 0xf7, 0x0,
    0x0, 0x1, 0xff, 0xa0, 0x0, 0x0, 0xd, 0xfe,
    0x0, 0x0, 0x0, 0xaf, 0xf1, 0x0, 0x0, 0x6,
    0xff, 0x50, 0x0, 0x0, 0x2f, 0xf8, 0x0, 0x0,
    0x0, 0xff, 0xc0, 0x0, 0x0, 0xb, 0xff, 0x0,
    0x0, 0x0, 0x8f, 0xf3, 0x0, 0x0, 0x4, 0xff,
    0x70, 0x0, 0x0, 0x1f, 0xfa, 0x0, 0x0, 0x0,
    0xdf, 0xe0, 0x0, 0x0, 0xa, 0xff, 0x10, 0x0,
    0x0, 0x6f, 0xf5, 0x0, 0x0, 0x3, 0xff, 0x80,
    0x0, 0x0, 0xf, 0xfc,

    /* U+005D "]" */
    0xaf, 0xff, 0xff, 0x3a, 0xff, 0xff, 0xf3, 0x24,
    0x4f, 0xff, 0x30, 0x0, 0xef, 0xf3, 0x0, 0xe,
    0xff, 0x30, 0x0, 0xef, 0xf3, 0x0, 0xe, 0xff,
    0x30, 0x0, 0xef, 0xf3, 0x0, 0xe, 0xff, 0x30,
    0x0, 0xef, 0xf3, 0x0, 0xe, 0xff, 0x30, 0x0,
    0xef, 0xf3, 0x0, 0xe, 0xff, 0x30, 0x0, 0xef,
    0xf3, 0x0, 0xe, 0xff, 0x30, 0x0, 0xef, 0xf3,
    0x0, 0xe, 0xff, 0x30, 0x0, 0xef, 0xf3, 0x0,
    0xe, 0xff, 0x30, 0x0, 0xef, 0xf3, 0x0, 0xe,
    0xff, 0x32, 0x44, 0xff, 0xf3, 0xaf, 0xff, 0xff,
    0x3a, 0xff, 0xff, 0xf3,

    /* U+005E "^" */
    0x0, 0x0, 0x9f, 0xff, 0x30, 0x0, 0x0, 0x0,
    0xf, 0xff, 0xf9, 0x0, 0x0, 0x0, 0x5, 0xff,
    0xff, 0xf0, 0x0, 0x0, 0x0, 0xcf, 0xff, 0xff,
    0x60, 0x0, 0x0, 0x2f, 0xff, 0x7f, 0xfc, 0x0,
    0x0, 0x8, 0xff, 0xb1, 0xff, 0xf2, 0x0, 0x0,
    0xef, 0xf6, 0xc, 0xff, 0x80, 0x0, 0x4f, 0xff,
    0x10, 0x7f, 0xfe, 0x0, 0xb, 0xff, 0xb0, 0x1,
    0xff, 0xf4, 0x1, 0xff, 0xf5, 0x0, 0xc, 0xff,
    0xa0, 0x7f, 0xff, 0x0, 0x0, 0x6f, 0xff, 0x10,

    /* U+005F "_" */
    0x46, 0x66, 0x66, 0x66, 0x66, 0x66, 0x62, 0xaf,
    0xff, 0xff, 0xff, 0xff, 0xff, 0xf6, 0xaf, 0xff,
    0xff, 0xff, 0xff, 0xff, 0xf6,

    /* U+0060 "`" */
    0x1, 0x11, 0x10, 0x0, 0x9, 0xff, 0xff, 0x40,
    0x0, 0xa, 0xff, 0xfd, 0x0, 0x0, 0xa, 0xff,
    0xf8, 0x0, 0x0, 0xa, 0xff, 0xf2, 0x0, 0x0,
    0xa, 0xff, 0xb0,

    /* U+0061 "a" */
    0x0, 0x17, 0xad, 0xfd, 0xa3, 0x0, 0x19, 0xff,
    0xff, 0xff, 0xff, 0x60, 0x1f, 0xff, 0xff, 0xff,
    0xff, 0xf1, 0x7, 0xfd, 0x97, 0x8f, 0xff, 0xf9,
    0x0, 0x40, 0x0, 0x8, 0xff, 0xfb, 0x0, 0x1,
    0x59, 0xbe, 0xff, 0xfe, 0x1, 0x9f, 0xff, 0xff,
    0xff, 0xff, 0xc, 0xff, 0xff, 0xcb, 0xff, 0xff,
    0x8f, 0xff, 0xb1, 0x4, 0xff, 0xff, 0xcf, 0xff,
    0x40, 0x5, 0xff, 0xff, 0xcf, 0xff, 0xc6, 0x8f,
    0xff, 0xff, 0x8f, 0xff, 0xff, 0xff, 0xff, 0xff,
    0x1e, 0xff, 0xff, 0xfd, 0xdf, 0xff, 0x1, 0xad,
    0xeb, 0x60, 0x9f, 0xff,

    /* U+0062 "b" */
    0x3, 0x33, 0x30, 0x0, 0x0, 0x0, 0x0, 0x4f,
    0xff, 0xf0, 0x0, 0x0, 0x0, 0x0, 0x4f, 0xff,
    0xf0, 0x0, 0x0, 0x0, 0x0, 0x4f, 0xff, 0xf0,
    0x0, 0x0, 0x0, 0x0, 0x4f, 0xff, 0xf0, 0x0,
    0x0, 0x0, 0x0, 0x4f, 0xff, 0xf0, 0x0, 0x0,
    0x0, 0x0, 0x4f, 0xff, 0xe0, 0x8c, 0xfc, 0x70,
    0x0, 0x4f, 0xff, 0xfe, 0xff, 0xff, 0xfc, 0x10,
    0x4f, 0xff, 0xff, 0xff, 0xff, 0xff, 0xa0, 0x4f,
    0xff, 0xff, 0xa8, 0xef, 0xff, 0xf2, 0x4f, 0xff,
    0xf3, 0x0, 0x2f, 0xff, 0xf7, 0x4f, 0xff, 0xf0,
    0x0, 0xc, 0xff, 0xf9, 0x4f, 0xff, 0xf0, 0x0,
    0xa, 0xff, 0xfb, 0x4f, 0xff, 0xf0, 0x0, 0xb,
    0xff, 0xfa, 0x4f, 0xff, 0xf0, 0x0, 0xd, 0xff,
    0xf7, 0x4f, 0xff, 0xf0, 0x0, 0x4f, 0xff, 0xf5,
    0x4f, 0xff, 0xfe, 0x99, 0xff, 0xff, 0xd0, 0x4f,
    0xff, 0xff, 0xff, 0xff, 0xff, 0x50, 0x4f, 0xff,
    0xaf, 0xff, 0xff, 0xf7, 0x0, 0x4f, 0xff, 0x22,
    0xae, 0xea, 0x40, 0x0,

    /* U+0063 "c" */
    0x0, 0x0, 0x18, 0xbe, 0xec, 0x80, 0x0, 0x0,
    0x6e, 0xff, 0xff, 0xff, 0xd0, 0x0, 0x5f, 0xff,
    0xff, 0xff, 0xf5, 0x0, 0x2f, 0xff, 0xff, 0xa7,
    0xb8, 0x0, 0x9, 0xff, 0xff, 0x30, 0x0, 0x0,
    0x0, 0xef, 0xff, 0x90, 0x0, 0x0, 0x0, 0xf,
    0xff, 0xf6, 0x0, 0x0, 0x0, 0x0, 0xff, 0xff,
    0x60, 0x0, 0x0, 0x0, 0xe, 0xff, 0xf9, 0x0,
    0x0, 0x0, 0x0, 0xaf, 0xff, 0xf3, 0x0, 0x1,
    0x0, 0x2, 0xff, 0xff, 0xfa, 0x8b, 0xf2, 0x0,
    0x8, 0xff, 0xff, 0xff, 0xff, 0xb0, 0x0, 0x8,
    0xff, 0xff, 0xff, 0xfc, 0x10, 0x0, 0x2, 0x9c,
    0xee, 0xb6, 0x0,

    /* U+0064 "d" */
    0x0, 0x0, 0x0, 0x0, 0x3, 0x33, 0x30, 0x0,
    0x0, 0x0, 0x0, 0x2f, 0xff, 0xf1, 0x0, 0x0,
    0x0, 0x0, 0x2f, 0xff, 0xf1, 0x0, 0x0, 0x0,
    0x0, 0x2f, 0xff, 0xf1, 0x0, 0x0, 0x0, 0x0,
    0x2f, 0xff, 0xf1, 0x0, 0x0, 0x0, 0x0, 0x2f,
    0xff, 0xf1, 0x0, 0x6, 0xbe, 0xd9, 0x2f, 0xff,
    0xf1, 0x0, 0xaf, 0xff, 0xff, 0xef, 0xff, 0xf1,
    0x9, 0xff, 0xff, 0xff, 0xff, 0xff, 0xf1, 0x2f,
    0xff, 0xfe, 0x89, 0xff, 0xff, 0xf1, 0x8f, 0xff,
    0xf1, 0x0, 0x3f, 0xff, 0xf1, 0xbf, 0xff, 0x90,
    0x0, 0x2f, 0xff, 0xf1, 0xef, 0xff, 0x70, 0x0,
    0x2f, 0xff, 0xf1, 0xef, 0xff, 0x70, 0x0, 0x2f,
    0xff, 0xf1, 0xcf, 0xff, 0x90, 0x0, 0x2f, 0xff,
    0xf1, 0xaf, 0xff, 0xe1, 0x0, 0x6f, 0xff, 0xf1,
    0x4f, 0xff, 0xfe, 0x9a, 0xff, 0xff, 0xf1, 0xc,
    0xff, 0xff, 0xff, 0xff, 0xff, 0xf1, 0x2, 0xdf,
    0xff, 0xff, 0xed, 0xff, 0xf1, 0x0, 0x8, 0xcf,
    0xc8, 0x17, 0xff, 0xf1,

    /* U+0065 "e" */
    0x0, 0x0, 0x29, 0xcf, 0xc9, 0x30, 0x0, 0x0,
    0x7, 0xff, 0xff, 0xff, 0xf6, 0x0, 0x0, 0x7f,
    0xff, 0xff, 0xff, 0xff, 0x30, 0x2, 0xff, 0xff,
    0x85, 0x7f, 0xff, 0xc0, 0x9, 0xff, 0xf5, 0x0,
    0x7, 0xff, 0xf0, 0xe, 0xff, 0xfd, 0xcc, 0xce,
    0xff, 0xf2, 0xf, 0xff, 0xff, 0xff, 0xff, 0xff,
    0xf4, 0xf, 0xff, 0xff, 0xff, 0xff, 0xff, 0xf3,
    0xe, 0xff, 0xf3, 0x0, 0x0, 0x0, 0x0, 0xa,
    0xff, 0xfb, 0x0, 0x0, 0x0, 0x0, 0x2, 0xff,
    0xff, 0xc6, 0x56, 0xbc, 0x0, 0x0, 0x7f, 0xff,
    0xff, 0xff, 0xff, 0x40, 0x0, 0x7, 0xff, 0xff,
    0xff, 0xff, 0x70, 0x0, 0x0, 0x29, 0xce, 0xeb,
    0x81, 0x0,

    /* U+0066 "f" */
    0x0, 0x0, 0x0, 0x24, 0x41, 0x0, 0x0, 0x7,
    0xff, 0xff, 0xf4, 0x0, 0x9, 0xff, 0xff, 0xff,
    0x0, 0x2, 0xff, 0xff, 0xff, 0xb0, 0x0, 0x6f,
    0xff, 0xf3, 0x1, 0x0, 0x8, 0xff, 0xfc, 0x0,
    0x0, 0x7e, 0xff, 0xff, 0xff, 0xf2, 0x8, 0xff,
    0xff, 0xff, 0xff, 0x20, 0x8f, 0xff, 0xff, 0xff,
    0xf2, 0x3, 0x5b, 0xff, 0xfd, 0x55, 0x0, 0x0,
    0x8f, 0xff, 0xb0, 0x0, 0x0, 0x8, 0xff, 0xfb,
    0x0, 0x0, 0x0, 0x8f, 0xff, 0xb0, 0x0, 0x0,
    0x8, 0xff, 0xfb, 0x0, 0x0, 0x0, 0x8f, 0xff,
    0xb0, 0x0, 0x0, 0x8, 0xff, 0xfb, 0x0, 0x0,
    0x0, 0x8f, 0xff, 0xb0, 0x0, 0x0, 0x8, 0xff,
    0xfb, 0x0, 0x0, 0x0, 0x8f, 0xff, 0xb0, 0x0,
    0x0, 0x8, 0xff, 0xfb, 0x0, 0x0,

    /* U+0067 "g" */
    0x0, 0x1, 0x8c, 0xff, 0xff, 0xff, 0xff, 0x20,
    0x5, 0xff, 0xff, 0xff, 0xff, 0xff, 0xf2, 0x3,
    0xff, 0xff, 0xff, 0xff, 0xff, 0xff, 0x20, 0x8f,
    0xff, 0xb0, 0x1b, 0xff, 0xf3, 0x20, 0xb, 0xff,
    0xf5, 0x0, 0x5f, 0xff, 0x50, 0x0, 0x9f, 0xff,
    0x80, 0x8, 0xff, 0xf3, 0x0, 0x2, 0xff, 0xff,
    0xbc, 0xff, 0xfe, 0x0, 0x0, 0x3, 0xff, 0xff,
    0xff, 0xff, 0x30, 0x0, 0x0, 0x6f, 0xfd, 0xee,
    0xd8, 0x10, 0x0, 0x0, 0x1f, 0xff, 0x10, 0x0,
    0x0, 0x0, 0x0, 0x5, 0xff, 0xf8, 0x44, 0x43,
    0x20, 0x0, 0x0, 0x2f, 0xff, 0xff, 0xff, 0xff,
    0xfa, 0x10, 0x0, 0x9f, 0xff, 0xff, 0xff, 0xff,
    0xfd, 0x0, 0xb, 0xff, 0xef, 0xff, 0xff, 0xff,
    0xf3, 0xb, 0xff, 0x90, 0x0, 0x2, 0xef, 0xff,
    0x50, 0xff, 0xfa, 0x0, 0x0, 0x2e, 0xff, 0xf1,
    0xd, 0xff, 0xfe, 0xbb, 0xcf, 0xff, 0xf7, 0x0,
    0x4f, 0xff, 0xff, 0xff, 0xff, 0xe6, 0x0, 0x0,
    0x28, 0xce, 0xfe, 0xca, 0x60, 0x0, 0x0,

    /* U+0068 "h" */
    0x3, 0x33, 0x30, 0x0, 0x0, 0x0, 0x0, 0x4f,
    0xff, 0xf0, 0x0, 0x0, 0x0, 0x0, 0x4f, 0xff,
    0xf0, 0x0, 0x0, 0x0, 0x0, 0x4f, 0xff, 0xf0,
    0x0, 0x0, 0x0, 0x0, 0x4f, 0xff, 0xf0, 0x0,
    0x0, 0x0, 0x0, 0x4f, 0xff, 0xf0, 0x0, 0x0,
    0x0, 0x0, 0x4f, 0xff, 0xe0, 0x5c, 0xfe, 0xa2,
    0x0, 0x4f, 0xff, 0xda, 0xff, 0xff, 0xfe, 0x20,
    0x4f, 0xff, 0xff, 0xff, 0xff, 0xff, 0xa0, 0x4f,
    0xff, 0xff, 0xdb, 0xff, 0xff, 0xf0, 0x4f, 0xff,
    0xf7, 0x0, 0x5f, 0xff, 0xf1, 0x4f, 0xff, 0xf0,
    0x0, 0x1f, 0xff, 0xf2, 0x4f, 0xff, 0xf0, 0x0,
    0x1f, 0xff, 0xf3, 0x4f, 0xff, 0xf0, 0x0, 0xf,
    0xff, 0xf3, 0x4f, 0xff, 0xf0, 0x0, 0xf, 0xff,
    0xf3, 0x4f, 0xff, 0xf0, 0x0, 0xf, 0xff, 0xf3,
    0x4f, 0xff, 0xf0, 0x0, 0xf, 0xff, 0xf3, 0x4f,
    0xff, 0xf0, 0x0, 0xf, 0xff, 0xf3, 0x4f, 0xff,
    0xf0, 0x0, 0xf, 0xff, 0xf3, 0x4f, 0xff, 0xf0,
    0x0, 0xf, 0xff, 0xf3,

    /* U+0069 "i" */
    0x9, 0xfe, 0x60, 0x6f, 0xff, 0xf1, 0x7f, 0xff,
    0xf2, 0x2e, 0xff, 0xb0, 0x1, 0x54, 0x0, 0x0,
    0x0, 0x0, 0x4f, 0xff, 0xf0, 0x4f, 0xff, 0xf0,
    0x4f, 0xff, 0xf0, 0x4f, 0xff, 0xf0, 0x4f, 0xff,
    0xf0, 0x4f, 0xff, 0xf0, 0x4f, 0xff, 0xf0, 0x4f,
    0xff, 0xf0, 0x4f, 0xff, 0xf0, 0x4f, 0xff, 0xf0,
    0x4f, 0xff, 0xf0, 0x4f, 0xff, 0xf0, 0x4f, 0xff,
    0xf0, 0x4f, 0xff, 0xf0,

    /* U+006A "j" */
    0x0, 0x0, 0x15, 0x40, 0x0, 0x0, 0x1e, 0xff,
    0xc0, 0x0, 0x6, 0xff, 0xff, 0x30, 0x0, 0x5f,
    0xff, 0xf2, 0x0, 0x0, 0x9e, 0xe6, 0x0, 0x0,
    0x0, 0x0, 0x0, 0x0, 0x0, 0x0, 0x0, 0x0,
    0x0, 0x3f, 0xff, 0xf0, 0x0, 0x3, 0xff, 0xff,
    0x0, 0x0, 0x3f, 0xff, 0xf0, 0x0, 0x3, 0xff,
    0xff, 0x0, 0x0, 0x3f, 0xff, 0xf0, 0x0, 0x3,
    0xff, 0xff, 0x0, 0x0, 0x3f, 0xff, 0xf0, 0x0,
    0x3, 0xff, 0xff, 0x0, 0x0, 0x3f, 0xff, 0xf0,
    0x0, 0x3, 0xff, 0xff, 0x0, 0x0, 0x3f, 0xff,
    0xf0, 0x0, 0x3, 0xff, 0xff, 0x0, 0x0, 0x3f,
    0xff, 0xf0, 0x0, 0x4, 0xff, 0xff, 0x0, 0x0,
    0x5f, 0xff, 0xe0, 0x5, 0x6d, 0xff, 0xfc, 0x0,
    0xef, 0xff, 0xff, 0x50, 0x2f, 0xff, 0xff, 0xa0,
    0x4, 0xdf, 0xeb, 0x60, 0x0,

    /* U+006B "k" */
    0x3, 0x33, 0x20, 0x0, 0x0, 0x0, 0x0, 0x4,
    0xff, 0xfe, 0x0, 0x0, 0x0, 0x0, 0x0, 0x4f,
    0xff, 0xe0, 0x0, 0x0, 0x0, 0x0, 0x4, 0xff,
    0xfe, 0x0, 0x0, 0x0, 0x0, 0x0, 0x4f, 0xff,
    0xe0, 0x0, 0x0, 0x0, 0x0, 0x4, 0xff, 0xfe,
    0x0, 0x0, 0x0, 0x0, 0x0, 0x4f, 0xff, 0xe0,
    0x0, 0x4f, 0xff, 0xf5, 0x4, 0xff, 0xfe, 0x0,
    0x2e, 0xff, 0xf8, 0x0, 0x4f, 0xff, 0xe0, 0xc,
    0xff, 0xfb, 0x0, 0x4, 0xff, 0xfe, 0x9, 0xff,
    0xfd, 0x10, 0x0, 0x4f, 0xff, 0xe5, 0xff, 0xff,
    0x20, 0x0, 0x4, 0xff, 0xff, 0xff, 0xff, 0x40,
    0x0, 0x0, 0x4f, 0xff, 0xff, 0xff, 0xf6, 0x0,
    0x0, 0x4, 0xff, 0xff, 0xff, 0xff, 0xf1, 0x0,
    0x0, 0x4f, 0xff, 0xff, 0xef, 0xff, 0xa0, 0x0,
    0x4, 0xff, 0xff, 0xc1, 0xff, 0xff, 0x40, 0x0,
    0x4f, 0xff, 0xf1, 0x7, 0xff, 0xfe, 0x0, 0x4,
    0xff, 0xfe, 0x0, 0xe, 0xff, 0xf8, 0x0, 0x4f,
    0xff, 0xe0, 0x0, 0x5f, 0xff, 0xf2, 0x4, 0xff,
    0xfe, 0x0, 0x0, 0xcf, 0xff, 0xc0,

    /* U+006C "l" */
    0x27, 0x77, 0x70, 0x4, 0xff, 0xff, 0x0, 0x4f,
    0xff, 0xf0, 0x4, 0xff, 0xff, 0x0, 0x4f, 0xff,
    0xf0, 0x4, 0xff, 0xff, 0x0, 0x4f, 0xff, 0xf0,
    0x4, 0xff, 0xff, 0x0, 0x4f, 0xff, 0xf0, 0x4,
    0xff, 0xff, 0x0, 0x4f, 0xff, 0xf0, 0x4, 0xff,
    0xff, 0x0, 0x4f, 0xff, 0xf0, 0x4, 0xff, 0xff,
    0x0, 0x4f, 0xff, 0xf0, 0x3, 0xff, 0xff, 0x0,
    0x2f, 0xff, 0xfa, 0x10, 0xef, 0xff, 0xf6, 0x7,
    0xff, 0xff, 0x80, 0x6, 0xcf, 0xe8,

    /* U+006D "m" */
    0x4f, 0xff, 0x40, 0x7d, 0xfe, 0xa2, 0x0, 0x6c,
    0xfd, 0x91, 0x0, 0x4f, 0xff, 0x8c, 0xff, 0xff,
    0xfe, 0x2a, 0xff, 0xff, 0xfd, 0x10, 0x4f, 0xff,
    0xff, 0xff, 0xff, 0xff, 0xff, 0xff, 0xff, 0xff,
    0x70, 0x4f, 0xff, 0xff, 0xdb, 0xff, 0xff, 0xff,
    0xdb, 0xff, 0xff, 0xc0, 0x4f, 0xff, 0xf7, 0x0,
    0x8f, 0xff, 0xf7, 0x0, 0x7f, 0xff, 0xe0, 0x4f,
    0xff, 0xf0, 0x0, 0x4f, 0xff, 0xf0, 0x0, 0x4f,
    0xff, 0xf0, 0x4f, 0xff, 0xf0, 0x0, 0x4f, 0xff,
    0xf0, 0x0, 0x3f, 0xff, 0xf0, 0x4f, 0xff, 0xf0,
    0x0, 0x3f, 0xff, 0xf0, 0x0, 0x3f, 0xff, 0xf0,
    0x4f, 0xff, 0xf0, 0x0, 0x3f, 0xff, 0xf0, 0x0,
    0x3f, 0xff, 0xf0, 0x4f, 0xff, 0xf0, 0x0, 0x3f,
    0xff, 0xf0, 0x0, 0x3f, 0xff, 0xf0, 0x4f, 0xff,
    0xf0, 0x0, 0x3f, 0xff, 0xf0, 0x0, 0x3f, 0xff,
    0xf0, 0x4f, 0xff, 0xf0, 0x0, 0x3f, 0xff, 0xf0,
    0x0, 0x3f, 0xff, 0xf0, 0x4f, 0xff, 0xf0, 0x0,
    0x3f, 0xff, 0xf0, 0x0, 0x3f, 0xff, 0xf0, 0x4f,
    0xff, 0xf0, 0x0, 0x3f, 0xff, 0xf0, 0x0, 0x3f,
    0xff, 0xf0,

    /* U+006E "n" */
    0x4f, 0xff, 0x40, 0x6c, 0xfe, 0xa2, 0x0, 0x4f,
    0xff, 0x9b, 0xff, 0xff, 0xfe, 0x20, 0x4f, 0xff,
    0xff, 0xff, 0xff, 0xff, 0xa0, 0x4f, 0xff, 0xff,
    0xdb, 0xff, 0xff, 0xf0, 0x4f, 0xff, 0xf7, 0x0,
    0x5f, 0xff, 0xf1, 0x4f, 0xff, 0xf0, 0x0, 0x1f,
    0xff, 0xf2, 0x4f, 0xff, 0xf0, 0x0, 0x1f, 0xff,
    0xf3, 0x4f, 0xff, 0xf0, 0x0, 0xf, 0xff, 0xf3,
    0x4f, 0xff, 0xf0, 0x0, 0xf, 0xff, 0xf3, 0x4f,
    0xff, 0xf0, 0x0, 0xf, 0xff, 0xf3, 0x4f, 0xff,
    0xf0, 0x0, 0xf, 0xff, 0xf3, 0x4f, 0xff, 0xf0,
    0x0, 0xf, 0xff, 0xf3, 0x4f, 0xff, 0xf0, 0x0,
    0xf, 0xff, 0xf3, 0x4f, 0xff, 0xf0, 0x0, 0xf,
    0xff, 0xf3,

    /* U+006F "o" */
    0x0, 0x0, 0x29, 0xcf, 0xda, 0x40, 0x0, 0x0,
    0x0, 0x7f, 0xff, 0xff, 0xff, 0xa1, 0x0, 0x0,
    0x7f, 0xff, 0xff, 0xff, 0xff, 0xb0, 0x0, 0x2f,
    0xff, 0xfd, 0x8b, 0xff, 0xff, 0x60, 0xa, 0xff,
    0xfd, 0x0, 0xa, 0xff, 0xfe, 0x0, 0xef, 0xff,
    0x80, 0x0, 0x3f, 0xff, 0xf2, 0xf, 0xff, 0xf5,
    0x0, 0x1, 0xff, 0xff, 0x40, 0xff, 0xff, 0x50,
    0x0, 0x1f, 0xff, 0xf4, 0xe, 0xff, 0xf8, 0x0,
    0x3, 0xff, 0xff, 0x20, 0xaf, 0xff, 0xd0, 0x0,
    0xaf, 0xff, 0xe0, 0x2, 0xff, 0xff, 0xd8, 0xbf,
    0xff, 0xf6, 0x0, 0x7, 0xff, 0xff, 0xff, 0xff,
    0xfb, 0x0, 0x0, 0x7, 0xff, 0xff, 0xff, 0xfa,
    0x10, 0x0, 0x0, 0x2, 0x9c, 0xfd, 0xa4, 0x0,
    0x0,

    /* U+0070 "p" */
    0x4f, 0xff, 0x41, 0x9c, 0xfc, 0x80, 0x0, 0x4f,
    0xff, 0xcf, 0xff, 0xff, 0xfc, 0x10, 0x4f, 0xff,
    0xff, 0xff, 0xff, 0xff, 0xa0, 0x4f, 0xff, 0xff,
    0xa8, 0xef, 0xff, 0xf2, 0x4f, 0xff, 0xf3, 0x0,
    0x2f, 0xff, 0xf7, 0x4f, 0xff, 0xf0, 0x0, 0xc,
    0xff, 0xf9, 0x4f, 0xff, 0xf0, 0x0, 0xa, 0xff,
    0xfb, 0x4f, 0xff, 0xf0, 0x0, 0xb, 0xff, 0xfa,
    0x4f, 0xff, 0xf0, 0x0, 0xd, 0xff, 0xf7, 0x4f,
    0xff, 0xf0, 0x0, 0x4f, 0xff, 0xf5, 0x4f, 0xff,
    0xfe, 0x99, 0xff, 0xff, 0xd0, 0x4f, 0xff, 0xff,
    0xff, 0xff, 0xff, 0x50, 0x4f, 0xff, 0xfe, 0xff,
    0xff, 0xf7, 0x0, 0x4f, 0xff, 0xe1, 0xae, 0xea,
    0x40, 0x0, 0x4f, 0xff, 0xf0, 0x0, 0x0, 0x0,
    0x0, 0x4f, 0xff, 0xf0, 0x0, 0x0, 0x0, 0x0,
    0x4f, 0xff, 0xf0, 0x0, 0x0, 0x0, 0x0, 0x4f,
    0xff, 0xf0, 0x0, 0x0, 0x0, 0x0, 0x4f, 0xff,
    0xf0, 0x0, 0x0, 0x0, 0x0,

    /* U+0071 "q" */
    0x0, 0x6, 0xbe, 0xda, 0x15, 0xff, 0xf1, 0x0,
    0xaf, 0xff, 0xff, 0xfc, 0xff, 0xf1, 0x9, 0xff,
    0xff, 0xff, 0xff, 0xff, 0xf1, 0x2f, 0xff, 0xfe,
    0x89, 0xff, 0xff, 0xf1, 0x8f, 0xff, 0xf1, 0x0,
    0x3f, 0xff, 0xf1, 0xbf, 0xff, 0x90, 0x0, 0x2f,
    0xff, 0xf1, 0xef, 0xff, 0x70, 0x0, 0x2f, 0xff,
    0xf1, 0xef, 0xff, 0x70, 0x0, 0x2f, 0xff, 0xf1,
    0xcf, 0xff, 0x90, 0x0, 0x2f, 0xff, 0xf1, 0xaf,
    0xff, 0xe1, 0x0, 0x6f, 0xff, 0xf1, 0x4f, 0xff,
    0xfe, 0x9a, 0xff, 0xff, 0xf1, 0xc, 0xff, 0xff,
    0xff, 0xff, 0xff, 0xf1, 0x2, 0xdf, 0xff, 0xff,
    0xdf, 0xff, 0xf1, 0x0, 0x8, 0xcf, 0xc7, 0x2f,
    0xff, 0xf1, 0x0, 0x0, 0x0, 0x0, 0x2f, 0xff,
    0xf1, 0x0, 0x0, 0x0, 0x0, 0x2f, 0xff, 0xf1,
    0x0, 0x0, 0x0, 0x0, 0x2f, 0xff, 0xf1, 0x0,
    0x0, 0x0, 0x0, 0x2f, 0xff, 0xf1, 0x0, 0x0,
    0x0, 0x0, 0x2f, 0xff, 0xf1,

    /* U+0072 "r" */
    0x4f, 0xff, 0x40, 0x5d, 0xff, 0x4, 0xff, 0xf6,
    0x8f, 0xff, 0xd0, 0x4f, 0xff, 0xcf, 0xff, 0xf9,
    0x4, 0xff, 0xff, 0xff, 0xcc, 0x50, 0x4f, 0xff,
    0xff, 0x30, 0x0, 0x4, 0xff, 0xff, 0x50, 0x0,
    0x0, 0x4f, 0xff, 0xf0, 0x0, 0x0, 0x4, 0xff,
    0xff, 0x0, 0x0, 0x0, 0x4f, 0xff, 0xf0, 0x0,
    0x0, 0x4, 0xff, 0xff, 0x0, 0x0, 0x0, 0x4f,
    0xff, 0xf0, 0x0, 0x0, 0x4, 0xff, 0xff, 0x0,
    0x0, 0x0, 0x4f, 0xff, 0xf0, 0x0, 0x0, 0x4,
    0xff, 0xff, 0x0, 0x0, 0x0,

    /* U+0073 "s" */
    0x0, 0x3, 0xad, 0xfd, 0xa6, 0x0, 0x0, 0x7f,
    0xff, 0xff, 0xff, 0xc2, 0x3, 0xff, 0xff, 0xff,
    0xff, 0xd0, 0x8, 0xff, 0xfb, 0x34, 0x8e, 0x20,
    0x9, 0xff, 0xf8, 0x0, 0x0, 0x0, 0x5, 0xff,
    0xff, 0xd7, 0x10, 0x0, 0x0, 0xbf, 0xff, 0xff,
    0xf9, 0x0, 0x0, 0x7, 0xef, 0xff, 0xff, 0xb0,
    0x0, 0x0, 0x6, 0xcf, 0xff, 0xf4, 0x0, 0x30,
    0x0, 0xa, 0xff, 0xf7, 0x5, 0xfc, 0x63, 0x4d,
    0xff, 0xf5, 0x2f, 0xff, 0xff, 0xff, 0xff, 0xe1,
    0x8, 0xff, 0xff, 0xff, 0xff, 0x40, 0x0, 0x29,
    0xdf, 0xec, 0x81, 0x0,

    /* U+0074 "t" */
    0x0, 0xf, 0xff, 0x80, 0x0, 0x0, 0x2, 0xff,
    0xf8, 0x0, 0x0, 0x0, 0x4f, 0xff, 0x80, 0x0,
    0x0, 0x6, 0xff, 0xf8, 0x0, 0x0, 0x7e, 0xff,
    0xff, 0xff, 0xfc, 0x8, 0xff, 0xff, 0xff, 0xff,
    0xc0, 0x8f, 0xff, 0xff, 0xff, 0xfc, 0x3, 0x5d,
    0xff, 0xfb, 0x55, 0x40, 0x0, 0xbf, 0xff, 0x80,
    0x0, 0x0, 0xb, 0xff, 0xf8, 0x0, 0x0, 0x0,
    0xbf, 0xff, 0x80, 0x0, 0x0, 0xb, 0xff, 0xf8,
    0x0, 0x0, 0x0, 0xbf, 0xff, 0x80, 0x0, 0x0,
    0x9, 0xff, 0xfb, 0x0, 0x0, 0x0, 0x7f, 0xff,
    0xf8, 0x64, 0x0, 0x1, 0xff, 0xff, 0xff, 0xc0,
    0x0, 0x7, 0xff, 0xff, 0xff, 0x0, 0x0, 0x5,
    0xbe, 0xfd, 0xa1,

    /* U+0075 "u" */
    0x6f, 0xff, 0xd0, 0x0, 0x4f, 0xff, 0xf6, 0xff,
    0xfd, 0x0, 0x4, 0xff, 0xff, 0x6f, 0xff, 0xd0,
    0x0, 0x4f, 0xff, 0xf6, 0xff, 0xfd, 0x0, 0x4,
    0xff, 0xff, 0x6f, 0xff, 0xd0, 0x0, 0x4f, 0xff,
    0xf6, 0xff, 0xfd, 0x0, 0x4, 0xff, 0xff, 0x6f,
    0xff, 0xd0, 0x0, 0x4f, 0xff, 0xf6, 0xff, 0xfd,
    0x0, 0x4, 0xff, 0xff, 0x6f, 0xff, 0xe0, 0x0,
    0x4f, 0xff, 0xf4, 0xff, 0xff, 0x20, 0xc, 0xff,
    0xff, 0x3f, 0xff, 0xfe, 0xbe, 0xff, 0xff, 0xf0,
    0xdf, 0xff, 0xff, 0xff, 0xff, 0xff, 0x5, 0xff,
    0xff, 0xff, 0x6b, 0xff, 0xf0, 0x4, 0xbe, 0xeb,
    0x30, 0x8f, 0xff,

    /* U+0076 "v" */
    0x7f, 0xff, 0xb0, 0x0, 0x0, 0xff, 0xff, 0x12,
    0xff, 0xff, 0x0, 0x0, 0x4f, 0xff, 0xc0, 0xd,
    0xff, 0xf4, 0x0, 0x8, 0xff, 0xf7, 0x0, 0x8f,
    0xff, 0x80, 0x0, 0xcf, 0xff, 0x20, 0x3, 0xff,
    0xfc, 0x0, 0xf, 0xff, 0xc0, 0x0, 0xd, 0xff,
    0xf0, 0x4, 0xff, 0xf7, 0x0, 0x0, 0x8f, 0xff,
    0x40, 0x8f, 0xff, 0x20, 0x0, 0x3, 0xff, 0xf8,
    0xc, 0xff, 0xd0, 0x0, 0x0, 0xe, 0xff, 0xc0,
    0xff, 0xf8, 0x0, 0x0, 0x0, 0x9f, 0xff, 0x4f,
    0xff, 0x30, 0x0, 0x0, 0x4, 0xff, 0xfc, 0xff,
    0xe0, 0x0, 0x0, 0x0, 0xe, 0xff, 0xff, 0xf9,
    0x0, 0x0, 0x0, 0x0, 0x9f, 0xff, 0xff, 0x40,
    0x0, 0x0, 0x0, 0x4, 0xff, 0xff, 0xf0, 0x0,
    0x0,

    /* U+0077 "w" */
    0x3f, 0xff, 0xf0, 0x0, 0x1f, 0xff, 0xd0, 0x0,
    0x3f, 0xff, 0xb0, 0xff, 0xff, 0x20, 0x4, 0xff,
    0xff, 0x0, 0x6, 0xff, 0xf8, 0xb, 0xff, 0xf6,
    0x0, 0x8f, 0xff, 0xf4, 0x0, 0x9f, 0xff, 0x40,
    0x7f, 0xff, 0x90, 0xc, 0xff, 0xff, 0x80, 0xc,
    0xff, 0xf0, 0x3, 0xff, 0xfc, 0x0, 0xff, 0xef,
    0xfb, 0x0, 0xff, 0xfd, 0x0, 0xf, 0xff, 0xf0,
    0x3f, 0xf9, 0xff, 0xf0, 0x2f, 0xff, 0x90, 0x0,
    0xcf, 0xff, 0x27, 0xff, 0x6e, 0xff, 0x35, 0xff,
    0xf5, 0x0, 0x8, 0xff, 0xf4, 0xaf, 0xf3, 0xbf,
    0xf6, 0x7f, 0xff, 0x20, 0x0, 0x4f, 0xff, 0x6d,
    0xff, 0x8, 0xff, 0x99, 0xff, 0xe0, 0x0, 0x0,
    0xff, 0xf9, 0xff, 0xd0, 0x5f, 0xfc, 0xbf, 0xfa,
    0x0, 0x0, 0xc, 0xff, 0xef, 0xfa, 0x1, 0xff,
    0xfe, 0xff, 0x70, 0x0, 0x0, 0x9f, 0xff, 0xff,
    0x60, 0xe, 0xff, 0xff, 0xf3, 0x0, 0x0, 0x5,
    0xff, 0xff, 0xf3, 0x0, 0xaf, 0xff, 0xff, 0x0,
    0x0, 0x0, 0x1f, 0xff, 0xff, 0x0, 0x7, 0xff,
    0xff, 0xc0, 0x0,

    /* U+0078 "x" */
    0x1f, 0xff, 0xf7, 0x0, 0xe, 0xff, 0xf7, 0x7,
    0xff, 0xfe, 0x10, 0x4f, 0xff, 0xe0, 0x0, 0xef,
    0xff, 0x80, 0xaf, 0xff, 0x50, 0x0, 0x5f, 0xff,
    0xe1, 0xff, 0xfd, 0x0, 0x0, 0xb, 0xff, 0xfd,
    0xff, 0xf4, 0x0, 0x0, 0x2, 0xff, 0xff, 0xff,
    0xb0, 0x0, 0x0, 0x0, 0x9f, 0xff, 0xff, 0x30,
    0x0, 0x0, 0x0, 0xdf, 0xff, 0xfe, 0x10, 0x0,
    0x0, 0x7, 0xff, 0xff, 0xff, 0x90, 0x0, 0x0,
    0x1f, 0xff, 0xcf, 0xff, 0xf3, 0x0, 0x0, 0x9f,
    0xff, 0x48, 0xff, 0xfc, 0x0, 0x3, 0xff, 0xfe,
    0x1, 0xff, 0xff, 0x60, 0xb, 0xff, 0xf7, 0x0,
    0x7f, 0xff, 0xf1, 0x5f, 0xff, 0xf1, 0x0, 0xd,
    0xff, 0xfa,

    /* U+0079 "y" */
    0x7f, 0xff, 0xc0, 0x0, 0x0, 0xff, 0xff, 0x1,
    0xff, 0xff, 0x10, 0x0, 0x4f, 0xff, 0xa0, 0xa,
    0xff, 0xf6, 0x0, 0x9, 0xff, 0xf5, 0x0, 0x4f,
    0xff, 0xb0, 0x0, 0xdf, 0xff, 0x0, 0x0, 0xef,
    0xff, 0x10, 0x2f, 0xff, 0xa0, 0x0, 0x8, 0xff,
    0xf6, 0x6, 0xff, 0xf4, 0x0, 0x0, 0x1f, 0xff,
    0xa0, 0xaf, 0xff, 0x0, 0x0, 0x0, 0xbf, 0xfe,
    0xe, 0xff, 0x90, 0x0, 0x0, 0x5, 0xff, 0xf5,
    0xff, 0xf4, 0x0, 0x0, 0x0, 0xe, 0xff, 0xdf,
    0xfe, 0x0, 0x0, 0x0, 0x0, 0x8f, 0xff, 0xff,
    0x90, 0x0, 0x0, 0x0, 0x2, 0xff, 0xff, 0xf4,
    0x0, 0x0, 0x0, 0x0, 0xc, 0xff, 0xfe, 0x0,
    0x0, 0x0, 0x0, 0x0, 0x8f, 0xff, 0x90, 0x0,
    0x0, 0x0, 0x0, 0xe, 0xff, 0xf2, 0x0, 0x0,
    0x0, 0x5, 0x7c, 0xff, 0xfa, 0x0, 0x0, 0x0,
    0x0, 0xff, 0xff, 0xff, 0x20, 0x0, 0x0, 0x0,
    0x4f, 0xff, 0xff, 0x50, 0x0, 0x0, 0x0, 0x6,
    0xef, 0xda, 0x20, 0x0, 0x0, 0x0, 0x0,

    /* U+007A "z" */
    0x4f, 0xff, 0xff, 0xff, 0xff, 0xe0, 0x4f, 0xff,
    0xff, 0xff, 0xff, 0xe0, 0x4f, 0xff, 0xff, 0xff,
    0xff, 0xc0, 0x15, 0x55, 0x5c, 0xff, 0xff, 0x20,
    0x0, 0x0, 0x3f, 0xff, 0xf7, 0x0, 0x0, 0x0,
    0xcf, 0xff, 0xc0, 0x0, 0x0, 0x7, 0xff, 0xff,
    0x20, 0x0, 0x0, 0x2f, 0xff, 0xf7, 0x0, 0x0,
    0x0, 0xcf, 0xff, 0xc0, 0x0, 0x0, 0x7, 0xff,
    0xff, 0x20, 0x0, 0x0, 0x2f, 0xff, 0xfb, 0x55,
    0x55, 0x50, 0xcf, 0xff, 0xff, 0xff, 0xff, 0xf1,
    0xef, 0xff, 0xff, 0xff, 0xff, 0xf1, 0xef, 0xff,
    0xff, 0xff, 0xff, 0xf1,

    /* U+007B "{" */
    0x0, 0x0, 0x8d, 0xff, 0x40, 0x0, 0x8f, 0xff,
    0xf4, 0x0, 0xe, 0xff, 0xd4, 0x10, 0x0, 0xff,
    0xf7, 0x0, 0x0, 0x1f, 0xff, 0x60, 0x0, 0x0,
    0xff, 0xf6, 0x0, 0x0, 0xf, 0xff, 0x60, 0x0,
    0x0, 0xef, 0xf7, 0x0, 0x0, 0xd, 0xff, 0x70,
    0x0, 0x0, 0xef, 0xf6, 0x0, 0x1, 0x9f, 0xff,
    0x30, 0x2, 0xff, 0xff, 0xa0, 0x0, 0x2f, 0xff,
    0xc2, 0x0, 0x1, 0xaf, 0xff, 0xf1, 0x0, 0x0,
    0x2f, 0xff, 0x60, 0x0, 0x0, 0xdf, 0xf7, 0x0,
    0x0, 0xd, 0xff, 0x70, 0x0, 0x0, 0xef, 0xf7,
    0x0, 0x0, 0xf, 0xff, 0x60, 0x0, 0x0, 0xff,
    0xf6, 0x0, 0x0, 0xf, 0xff, 0x60, 0x0, 0x0,
    0xef, 0xfd, 0x41, 0x0, 0x9, 0xff, 0xff, 0x40,
    0x0, 0x9, 0xef, 0xf4,

    /* U+007C "|" */
    0x47, 0x70, 0xaf, 0xf1, 0xaf, 0xf1, 0xaf, 0xf1,
    0xaf, 0xf1, 0xaf, 0xf1, 0xaf, 0xf1, 0xaf, 0xf1,
    0xaf, 0xf1, 0xaf, 0xf1, 0xaf, 0xf1, 0xaf, 0xf1,
    0xaf, 0xf1, 0xaf, 0xf1, 0xaf, 0xf1, 0xaf, 0xf1,
    0xaf, 0xf1, 0xaf, 0xf1, 0xaf, 0xf1, 0xaf, 0xf1,
    0xaf, 0xf1, 0xaf, 0xf1, 0xaf, 0xf1, 0xaf, 0xf1,
    0xaf, 0xf1, 0xaf, 0xf1, 0xaf, 0xf1, 0xaf, 0xf1,

    /* U+007D "}" */
    0xaf, 0xfc, 0x40, 0x0, 0xaf, 0xff, 0xf2, 0x0,
    0x26, 0xff, 0xf7, 0x0, 0x0, 0xdf, 0xf9, 0x0,
    0x0, 0xcf, 0xfa, 0x0, 0x0, 0xcf, 0xf9, 0x0,
    0x0, 0xdf, 0xf8, 0x0, 0x0, 0xdf, 0xf7, 0x0,
    0x0, 0xdf, 0xf6, 0x0, 0x0, 0xdf, 0xf8, 0x0,
    0x0, 0xaf, 0xfe, 0x40, 0x0, 0x2e, 0xff, 0xfc,
    0x0, 0x6, 0xff, 0xfc, 0x0, 0x7f, 0xff, 0xd7,
    0x0, 0xcf, 0xfb, 0x0, 0x0, 0xdf, 0xf6, 0x0,
    0x0, 0xdf, 0xf7, 0x0, 0x0, 0xdf, 0xf8, 0x0,
    0x0, 0xcf, 0xf9, 0x0, 0x0, 0xcf, 0xfa, 0x0,
    0x0, 0xdf, 0xf9, 0x0, 0x26, 0xff, 0xf8, 0x0,
    0xaf, 0xff, 0xf2, 0x0, 0xaf, 0xfc, 0x50, 0x0,

    /* U+007E "~" */
    0x0, 0x0, 0x0, 0x0, 0x0, 0x0, 0x0, 0x0,
    0x2a, 0xfe, 0xa2, 0x0, 0x4, 0x0, 0x3, 0xef,
    0xff, 0xff, 0x71, 0x5f, 0xd2, 0xd, 0xff, 0xff,
    0xff, 0xff, 0xff, 0xf8, 0x6, 0xfc, 0x22, 0xaf,
    0xff, 0xff, 0xb0, 0x0, 0x31, 0x0, 0x4, 0xcf,
    0xd7, 0x0,

    /* U+00B7 "·" */
    0x0, 0x4a, 0xa4, 0x0, 0x8, 0xff, 0xff, 0x80,
    0x1f, 0xff, 0xff, 0xf1, 0x4f, 0xff, 0xff, 0xf4,
    0x2f, 0xff, 0xff, 0xf2, 0xb, 0xff, 0xff, 0xb0,
    0x0, 0x9e, 0xe9, 0x0,

    /* U+2026 "…" */
    0x0, 0x33, 0x0, 0x0, 0x0, 0x33, 0x0, 0x0,
    0x0, 0x33, 0x0, 0x9, 0xff, 0xa0, 0x0, 0x9,
    0xff, 0x90, 0x0, 0xa, 0xff, 0x90, 0x1f, 0xff,
    0xf1, 0x0, 0x1f, 0xff, 0xf1, 0x0, 0x1f, 0xff,
    0xf1, 0xf, 0xff, 0xf0, 0x0, 0xf, 0xff, 0xf0,
    0x0, 0xf, 0xff, 0xf0, 0x5, 0xee, 0x50, 0x0,
    0x5, 0xee, 0x50, 0x0, 0x5, 0xee, 0x50,

    /* U+25B2 "▲" */
    0x0, 0x0, 0x0, 0x0, 0x0, 0x3, 0x30, 0x0,
    0x0, 0x0, 0x0, 0x0, 0x0, 0x0, 0x0, 0x0,
    0x0, 0xc, 0xc0, 0x0, 0x0, 0x0, 0x0, 0x0,
    0x0, 0x0, 0x0, 0x0, 0x0, 0x5f, 0xf5, 0x0,
    0x0, 0x0, 0x0, 0x0, 0x0, 0x0, 0x0, 0x0,
    0x0, 0xef, 0xfe, 0x0, 0x0, 0x0, 0x0, 0x0,
    0x0, 0x0, 0x0, 0x0, 0x7, 0xff, 0xff, 0x70,
    0x0, 0x0, 0x0, 0x0, 0x0, 0x0, 0x0, 0x0,
    0x1f, 0xff, 0xff, 0xf1, 0x0, 0x0, 0x0, 0x0,
    0x0, 0x0, 0x0, 0x0, 0xaf, 0xff, 0xff, 0xfa,
    0x0, 0x0, 0x0, 0x0, 0x0, 0x0, 0x0, 0x3,
    0xff, 0xff, 0xff, 0xff, 0x30, 0x0, 0x0, 0x0,
    0x0, 0x0, 0x0, 0xc, 0xff, 0xff, 0xff, 0xff,
    0xc0, 0x0, 0x0, 0x0, 0x0, 0x0, 0x0, 0x6f,
    0xff, 0xff, 0xff, 0xff, 0xf6, 0x0, 0x0, 0x0,
    0x0, 0x0, 0x0, 0xef, 0xff, 0xff, 0xff, 0xff,
    0xfe, 0x0, 0x0, 0x0, 0x0, 0x0, 0x8, 0xff,
    0xff, 0xff, 0xff, 0xff, 0xff, 0x80, 0x0, 0x0,
    0x0, 0x0, 0x2f, 0xff, 0xff, 0xff, 0xff, 0xff,
    0xff, 0xf2, 0x0, 0x0, 0x0, 0x0, 0xbf, 0xff,
    0xff, 0xff, 0xff, 0xff, 0xff, 0xfb, 0x0, 0x0,
    0x0, 0x4, 0xff, 0xff, 0xff, 0xff, 0xff, 0xff,
    0xff, 0xff, 0x40, 0x0, 0x0, 0xd, 0xff, 0xff,
    0xff, 0xff, 0xff, 0xff, 0xff, 0xff, 0xd0, 0x0,
    0x0, 0x6f, 0xff, 0xff, 0xff, 0xff, 0xff, 0xff,
    0xff, 0xff, 0xf6, 0x0, 0x1, 0xef, 0xff, 0xff,
    0xff, 0xff, 0xff, 0xff, 0xff, 0xff, 0xfe, 0x10,
    0x9, 0xff, 0xff, 0xff, 0xff, 0xff, 0xff, 0xff,
    0xff, 0xff, 0xff, 0x90, 0x1b, 0xbb, 0xbb, 0xbb,
    0xbb, 0xbb, 0xbb, 0xbb, 0xbb, 0xbb, 0xbb, 0xb1,

    /* U+25B6 "▶" */
    0x1, 0x0, 0x0, 0x0, 0x0, 0x0, 0x0, 0x0,
    0x0, 0x0, 0x1, 0xe6, 0x0, 0x0, 0x0, 0x0,
    0x0, 0x0, 0x0, 0x0, 0x0, 0x1f, 0xfd, 0x40,
    0x0, 0x0, 0x0, 0x0, 0x0, 0x0, 0x0, 0x1,
    0xff, 0xff, 0xa2, 0x0, 0x0, 0x0, 0x0, 0x0,
    0x0, 0x0, 0x1f, 0xff, 0xff, 0xf8, 0x0, 0x0,
    0x0, 0x0, 0x0, 0x0, 0x1, 0xff, 0xff, 0xff,
    0xfe, 0x50, 0x0, 0x0, 0x0, 0x0, 0x0, 0x1f,
    0xff, 0xff, 0xff, 0xff, 0xc3, 0x0, 0x0, 0x0,
    0x0, 0x1, 0xff, 0xff, 0xff, 0xff, 0xff, 0xfa,
    0x10, 0x0, 0x0, 0x0, 0x1f, 0xff, 0xff, 0xff,
    0xff, 0xff, 0xff, 0x70, 0x0, 0x0, 0x1, 0xff,
    0xff, 0xff, 0xff, 0xff, 0xff, 0xff, 0xe5, 0x0,
    0x0, 0x1f, 0xff, 0xff, 0xff, 0xff, 0xff, 0xff,
    0xff, 0xfc, 0x30, 0x1, 0xff, 0xff, 0xff, 0xff,
    0xff, 0xff, 0xff, 0xff, 0xff, 0x91, 0x1f, 0xff,
    0xff, 0xff, 0xff, 0xff, 0xff, 0xff, 0xff, 0xf8,
    0x1, 0xff, 0xff, 0xff, 0xff, 0xff, 0xff, 0xff,
    0xff, 0xa1, 0x0, 0x1f, 0xff, 0xff, 0xff, 0xff,
    0xff, 0xff, 0xfc, 0x30, 0x0, 0x1, 0xff, 0xff,
    0xff, 0xff, 0xff, 0xff, 0xe6, 0x0, 0x0, 0x0,
    0x1f, 0xff, 0xff, 0xff, 0xff, 0xff, 0x80, 0x0,
    0x0, 0x0, 0x1, 0xff, 0xff, 0xff, 0xff, 0xfb,
    0x20, 0x0, 0x0, 0x0, 0x0, 0x1f, 0xff, 0xff,
    0xff, 0xd4, 0x0, 0x0, 0x0, 0x0, 0x0, 0x1,
    0xff, 0xff, 0xfe, 0x70, 0x0, 0x0, 0x0, 0x0,
    0x0, 0x0, 0x1f, 0xff, 0xf9, 0x10, 0x0, 0x0,
    0x0, 0x0, 0x0, 0x0, 0x1, 0xff, 0xb2, 0x0,
    0x0, 0x0, 0x0, 0x0, 0x0, 0x0, 0x0, 0x1d,
    0x50, 0x0, 0x0, 0x0, 0x0, 0x0, 0x0, 0x0,
    0x0, 0x0, 0x0, 0x0, 0x0, 0x0, 0x0, 0x0,
    0x0, 0x0, 0x0, 0x0,

    /* U+25BC "▼" */
    0x1e, 0xff, 0xff, 0xff, 0xff, 0xff, 0xff, 0xff,
    0xff, 0xff, 0xff, 0xe1, 0x7, 0xff, 0xff, 0xff,
    0xff, 0xff, 0xff, 0xff, 0xff, 0xff, 0xff, 0x70,
    0x0, 0xdf, 0xff, 0xff, 0xff, 0xff, 0xff, 0xff,
    0xff, 0xff, 0xfd, 0x0, 0x0, 0x4f, 0xff, 0xff,
    0xff, 0xff, 0xff, 0xff, 0xff, 0xff, 0xf4, 0x0,
    0x0, 0xb, 0xff, 0xff, 0xff, 0xff, 0xff, 0xff,
    0xff, 0xff, 0xb0, 0x0, 0x0, 0x2, 0xff, 0xff,
    0xff, 0xff, 0xff, 0xff, 0xff, 0xff, 0x20, 0x0,
    0x0, 0x0, 0x8f, 0xff, 0xff, 0xff, 0xff, 0xff,
    0xff, 0xf8, 0x0, 0x0, 0x0, 0x0, 0xe, 0xff,
    0xff, 0xff, 0xff, 0xff, 0xff, 0xe0, 0x0, 0x0,
    0x0, 0x0, 0x6, 0xff, 0xff, 0xff, 0xff, 0xff,
    0xff, 0x60, 0x0, 0x0, 0x0, 0x0, 0x0, 0xcf,
    0xff, 0xff, 0xff, 0xff, 0xfc, 0x0, 0x0, 0x0,
    0x0, 0x0, 0x0, 0x3f, 0xff, 0xff, 0xff, 0xff,
    0xf3, 0x0, 0x0, 0x0, 0x0, 0x0, 0x0, 0xa,
    0xff, 0xff, 0xff, 0xff, 0xa0, 0x0, 0x0, 0x0,
    0x0, 0x0, 0x0, 0x1, 0xff, 0xff, 0xff, 0xff,
    0x10, 0x0, 0x0, 0x0, 0x0, 0x0, 0x0, 0x0,
    0x8f, 0xff, 0xff, 0xf8, 0x0, 0x0, 0x0, 0x0,
    0x0, 0x0, 0x0, 0x0, 0xe, 0xff, 0xff, 0xe0,
    0x0, 0x0, 0x0, 0x0, 0x0, 0x0, 0x0, 0x0,
    0x5, 0xff, 0xff, 0x50, 0x0, 0x0, 0x0, 0x0,
    0x0, 0x0, 0x0, 0x0, 0x0, 0xcf, 0xfc, 0x0,
    0x0, 0x0, 0x0, 0x0, 0x0, 0x0, 0x0, 0x0,
    0x0, 0x3f, 0xf3, 0x0, 0x0, 0x0, 0x0, 0x0,
    0x0, 0x0, 0x0, 0x0, 0x0, 0x9, 0x90, 0x0,
    0x0, 0x0, 0x0, 0x0, 0x0, 0x0, 0x0, 0x0,
    0x0, 0x1, 0x10, 0x0, 0x0, 0x0, 0x0, 0x0,

    /* U+25C0 "◀" */
    0x0, 0x0, 0x0, 0x0, 0x0, 0x0, 0x0, 0x0,
    0x0, 0x1, 0x0, 0x0, 0x0, 0x0, 0x0, 0x0,
    0x0, 0x0, 0x0, 0x6, 0xe1, 0x0, 0x0, 0x0,
    0x0, 0x0, 0x0, 0x0, 0x0, 0x4d, 0xff, 0x10,
    0x0, 0x0, 0x0, 0x0, 0x0, 0x0, 0x2, 0xaf,
    0xff, 0xf1, 0x0, 0x0, 0x0, 0x0, 0x0, 0x0,
    0x8, 0xff, 0xff, 0xff, 0x10, 0x0, 0x0, 0x0,
    0x0, 0x0, 0x5e, 0xff, 0xff, 0xff, 0xf1, 0x0,
    0x0, 0x0, 0x0, 0x3, 0xcf, 0xff, 0xff, 0xff,
    0xff, 0x10, 0x0, 0x0, 0x0, 0x1a, 0xff, 0xff,
    0xff, 0xff, 0xff, 0xf1, 0x0, 0x0, 0x0, 0x7f,
    0xff, 0xff, 0xff, 0xff, 0xff, 0xff, 0x10, 0x0,
    0x5, 0xef, 0xff, 0xff, 0xff, 0xff, 0xff, 0xff,
    0xf1, 0x0, 0x3c, 0xff, 0xff, 0xff, 0xff, 0xff,
    0xff, 0xff, 0xff, 0x11, 0x9f, 0xff, 0xff, 0xff,
    0xff, 0xff, 0xff, 0xff, 0xff, 0xf1, 0x8, 0xff,
    0xff, 0xff, 0xff, 0xff, 0xff, 0xff, 0xff, 0xff,
    0x10, 0x1, 0xaf, 0xff, 0xff, 0xff, 0xff, 0xff,
    0xff, 0xff, 0xf1, 0x0, 0x0, 0x3c, 0xff, 0xff,
    0xff, 0xff, 0xff, 0xff, 0xff, 0x10, 0x0, 0x0,
    0x6, 0xef, 0xff, 0xff, 0xff, 0xff, 0xff, 0xf1,
    0x0, 0x0, 0x0, 0x0, 0x8f, 0xff, 0xff, 0xff,
    0xff, 0xff, 0x10, 0x0, 0x0, 0x0, 0x0, 0x2b,
    0xff, 0xff, 0xff, 0xff, 0xf1, 0x0, 0x0, 0x0,
    0x0, 0x0, 0x4, 0xdf, 0xff, 0xff, 0xff, 0x10,
    0x0, 0x0, 0x0, 0x0, 0x0, 0x0, 0x7e, 0xff,
    0xff, 0xf1, 0x0, 0x0, 0x0, 0x0, 0x0, 0x0,
    0x0, 0x19, 0xff, 0xff, 0x10, 0x0, 0x0, 0x0,
    0x0, 0x0, 0x0, 0x0, 0x2, 0xbf, 0xf1, 0x0,
    0x0, 0x0, 0x0, 0x0, 0x0, 0x0, 0x0, 0x0,
    0x5d, 0x10, 0x0, 0x0, 0x0, 0x0, 0x0, 0x0,
    0x0, 0x0, 0x0, 0x0,

    /* U+25C6 "◆" */
    0x0, 0x0, 0x0, 0x0, 0x0, 0x5, 0x50, 0x0,
    0x0, 0x0, 0x0, 0x0, 0x0, 0x0, 0x0, 0x0,
    0x0, 0x5f, 0xf5, 0x0, 0x0, 0x0, 0x0, 0x0,
    0x0, 0x0, 0x0, 0x0, 0x5, 0xff, 0xff, 0x50,
    0x0, 0x0, 0x0, 0x0, 0x0, 0x0, 0x0, 0x0,
    0x5f, 0xff, 0xff, 0xf5, 0x0, 0x0, 0x0, 0x0,
    0x0, 0x0, 0x0, 0x5, 0xff, 0xff, 0xff, 0xff,
    0x50, 0x0, 0x0, 0x0, 0x0, 0x0, 0x0, 0x5f,
    0xff, 0xff, 0xff, 0xff, 0xf5, 0x0, 0x0, 0x0,
    0x0, 0x0, 0x5, 0xff, 0xff, 0xff, 0xff, 0xff,
    0xff, 0x50, 0x0, 0x0, 0x0, 0x0, 0x5f, 0xff,
    0xff, 0xff, 0xff, 0xff, 0xff, 0xf5, 0x0, 0x0,
    0x0, 0x5, 0xff, 0xff, 0xff, 0xff, 0xff, 0xff,
    0xff, 0xff, 0x50, 0x0, 0x0, 0x5f, 0xff, 0xff,
    0xff, 0xff, 0xff, 0xff, 0xff, 0xff, 0xf5, 0x0,
    0x5, 0xff, 0xff, 0xff, 0xff, 0xff, 0xff, 0xff,
    0xff, 0xff, 0xff, 0x50, 0x5f, 0xff, 0xff, 0xff,
    0xff, 0xff, 0xff, 0xff, 0xff, 0xff, 0xff, 0xf5,
    0x2e, 0xff, 0xff, 0xff, 0xff, 0xff, 0xff, 0xff,
    0xff, 0xff, 0xff, 0xe2, 0x2, 0xef, 0xff, 0xff,
    0xff, 0xff, 0xff, 0xff, 0xff, 0xff, 0xfe, 0x20,
    0x0, 0x2e, 0xff, 0xff, 0xff, 0xff, 0xff, 0xff,
    0xff, 0xff, 0xe2, 0x0, 0x0, 0x2, 0xef, 0xff,
    0xff, 0xff, 0xff, 0xff, 0xff, 0xfe, 0x20, 0x0,
    0x0, 0x0, 0x2e, 0xff, 0xff, 0xff, 0xff, 0xff,
    0xff, 0xe2, 0x0, 0x0, 0x0, 0x0, 0x2, 0xef,
    0xff, 0xff, 0xff, 0xff, 0xfe, 0x20, 0x0, 0x0,
    0x0, 0x0, 0x0, 0x2e, 0xff, 0xff, 0xff, 0xff,
    0xe2, 0x0, 0x0, 0x0, 0x0, 0x0, 0x0, 0x2,
    0xef, 0xff, 0xff, 0xfe, 0x20, 0x0, 0x0, 0x0,
    0x0, 0x0, 0x0, 0x0, 0x2e, 0xff, 0xff, 0xe2,
    0x0, 0x0, 0x0, 0x0, 0x0, 0x0, 0x0, 0x0,
    0x2, 0xef, 0xfe, 0x20, 0x0, 0x0, 0x0, 0x0,
    0x0, 0x0, 0x0, 0x0, 0x0, 0x2e, 0xe2, 0x0,
    0x0, 0x0, 0x0, 0x0, 0x0, 0x0, 0x0, 0x0,
    0x0, 0x2, 0x20, 0x0, 0x0, 0x0, 0x0, 0x0,

    /* U+2605 "★" */
    0x0, 0x0, 0x0, 0x0, 0x0, 0x2, 0x20, 0x0,
    0x0, 0x0, 0x0, 0x0, 0x0, 0x0, 0x0, 0x0,
    0x0, 0x7, 0x70, 0x0, 0x0, 0x0, 0x0, 0x0,
    0x0, 0x0, 0x0, 0x0, 0x0, 0xc, 0xc0, 0x0,
    0x0, 0x0, 0x0, 0x0, 0x0, 0x0, 0x0, 0x0,
    0x0, 0x2f, 0xf2, 0x0, 0x0, 0x0, 0x0, 0x0,
    0x0, 0x0, 0x0, 0x0, 0x0, 0x7f, 0xf7, 0x0,
    0x0, 0x0, 0x0, 0x0, 0x0, 0x0, 0x0, 0x0,
    0x0, 0xcf, 0xfc, 0x0, 0x0, 0x0, 0x0, 0x0,
    0x0, 0x0, 0x0, 0x0, 0x1, 0xff, 0xff, 0x10,
    0x0, 0x0, 0x0, 0x0, 0x0, 0x0, 0x0, 0x0,
    0x7, 0xff, 0xff, 0x70, 0x0, 0x0, 0x0, 0x0,
    0x8, 0xaa, 0xaa, 0xaa, 0xae, 0xff, 0xff, 0xea,
    0xaa, 0xaa, 0xaa, 0x80, 0x0, 0xaf, 0xff, 0xff,
    0xff, 0xff, 0xff, 0xff, 0xff, 0xff, 0xfa, 0x0,
    0x0, 0x6, 0xff, 0xff, 0xff, 0xff, 0xff, 0xff,
    0xff, 0xff, 0x60, 0x0, 0x0, 0x0, 0x2c, 0xff,
    0xff, 0xff, 0xff, 0xff, 0xff, 0xc2, 0x0, 0x0,
    0x0, 0x0, 0x0, 0x9f, 0xff, 0xff, 0xff, 0xff,
    0xf9, 0x0, 0x0, 0x0, 0x0, 0x0, 0x0, 0x8,
    0xff, 0xff, 0xff, 0xff, 0x80, 0x0, 0x0, 0x0,
    0x0, 0x0, 0x0, 0xb, 0xff, 0xff, 0xff, 0xff,
    0xb0, 0x0, 0x0, 0x0, 0x0, 0x0, 0x0, 0xf,
    0xff, 0xff, 0xff, 0xff, 0xf0, 0x0, 0x0, 0x0,
    0x0, 0x0, 0x0, 0x5f, 0xff, 0xfd, 0xdf, 0xff,
    0xf5, 0x0, 0x0, 0x0, 0x0, 0x0, 0x0, 0xbf,
    0xff, 0xa0, 0xa, 0xff, 0xfb, 0x0, 0x0, 0x0,
    0x0, 0x0, 0x0, 0xff, 0xf5, 0x0, 0x0, 0x5f,
    0xff, 0x0, 0x0, 0x0, 0x0, 0x0, 0x5, 0xfc,
    0x20, 0x0, 0x0, 0x2, 0xcf, 0x50, 0x0, 0x0,
    0x0, 0x0, 0xa, 0x80, 0x0, 0x0, 0x0, 0x0,
    0x8, 0xa0, 0x0, 0x0, 0x0, 0x0, 0x3, 0x0,
    0x0, 0x0, 0x0, 0x0, 0x0, 0x30, 0x0, 0x0,

    /* U+3001 "、" */
    0x0, 0x0, 0x0, 0x0, 0x0, 0x0, 0xb7, 0x0,
    0x0, 0x2, 0xdf, 0xf8, 0x0, 0x0, 0xef, 0xff,
    0xf8, 0x0, 0x4, 0xff, 0xff, 0xf8, 0x0, 0x3,
    0xff, 0xff, 0xf6, 0x0, 0x3, 0xff, 0xff, 0x80,
    0x0, 0x5, 0xff, 0x60, 0x0, 0x0, 0x6, 0x40,
    0x0,

    /* U+4E00 "一" */
    0x0, 0x0, 0x0, 0x0, 0x0, 0x0, 0x0, 0x0,
    0x0, 0x0, 0x0, 0x0, 0x2f, 0xff, 0xff, 0xff,
    0xff, 0xff, 0xff, 0xff, 0xff, 0xff, 0xff, 0xf3,
    0x2f, 0xff, 0xff, 0xff, 0xff, 0xff, 0xff, 0xff,
    0xff, 0xff, 0xff, 0xf3, 0x2f, 0xff, 0xff, 0xff,
    0xff, 0xff, 0xff, 0xff, 0xff, 0xff, 0xff, 0xf3,
    0x1c, 0xcc, 0xcc, 0xcc, 0xcc, 0xcc, 0xcc, 0xcc,
    0xcc, 0xcc, 0xcc, 0xc2,

    /* U+4E0A "上" */
    0x0, 0x0, 0x0, 0x0, 0x1, 0x22, 0x20, 0x0,
    0x0, 0x0, 0x0, 0x0, 0x0, 0x0, 0x0, 0x0,
    0xa, 0xff, 0xf1, 0x0, 0x0, 0x0, 0x0, 0x0,
    0x0, 0x0, 0x0, 0x0, 0xa, 0xff, 0xf1, 0x0,
    0x0, 0x0, 0x0, 0x0, 0x0, 0x0, 0x0, 0x0,
    0xa, 0xff, 0xf1, 0x0, 0x0, 0x0, 0x0, 0x0,
    0x0, 0x0, 0x0, 0x0, 0xa, 0xff, 0xf1, 0x0,
    0x0, 0x0, 0x0, 0x0, 0x0, 0x0, 0x0, 0x0,
    0xa, 0xff, 0xf1, 0x0, 0x0, 0x0, 0x0, 0x0,
    0x0, 0x0, 0x0, 0x0, 0xa, 0xff, 0xf1, 0x0,
    0x0, 0x0, 0x0, 0x0, 0x0, 0x0, 0x0, 0x0,
    0xa, 0xff, 0xf9, 0x88, 0x88, 0x88, 0x83, 0x0,
    0x0, 0x0, 0x0, 0x0, 0xa, 0xff, 0xff, 0xff,
    0xff, 0xff, 0xf6, 0x0, 0x0, 0x0, 0x0, 0x0,
    0xa, 0xff, 0xff, 0xff, 0xff, 0xff, 0xf6, 0x0,
    0x0, 0x0, 0x0, 0x0, 0xa, 0xff, 0xff, 0xff,
    0xff, 0xff, 0xf5, 0x0, 0x0, 0x0, 0x0, 0x0,
    0xa, 0xff, 0xf1, 0x0, 0x0, 0x0, 0x0, 0x0,
    0x0, 0x0, 0x0, 0x0, 0xa, 0xff, 0xf1, 0x0,
    0x0, 0x0, 0x0, 0x0, 0x0, 0x0, 0x0, 0x0,
    0xa, 0xff, 0xf1, 0x0, 0x0, 0x0, 0x0, 0x0,
    0x0, 0x0, 0x0, 0x0, 0xa, 0xff, 0xf1, 0x0,
    0x0, 0x0, 0x0, 0x0, 0x0, 0x0, 0x0, 0x0,
    0xa, 0xff, 0xf1, 0x0, 0x0, 0x0, 0x0, 0x0,
    0x0, 0x0, 0x0, 0x0, 0xa, 0xff, 0xf1, 0x0,
    0x0, 0x0, 0x0, 0x0, 0x0, 0x0, 0x0, 0x0,
    0xa, 0xff, 0xf1, 0x0, 0x0, 0x0, 0x0, 0x0,
    0x7, 0x77, 0x77, 0x77, 0x7d, 0xff, 0xf8, 0x77,
    0x77, 0x77, 0x77, 0x70, 0xf, 0xff, 0xff, 0xff,
    0xff, 0xff, 0xff, 0xff, 0xff, 0xff, 0xff, 0xf1,
    0xf, 0xff, 0xff, 0xff, 0xff, 0xff, 0xff, 0xff,
    0xff, 0xff, 0xff, 0xf1, 0xf, 0xff, 0xff, 0xff,
    0xff, 0xff, 0xff, 0xff, 0xff, 0xff, 0xff, 0xf1,
    0x0, 0x0, 0x0, 0x0, 0x0, 0x0, 0x0, 0x0,
    0x0, 0x0, 0x0, 0x0,

    /* U+4E0B "下" */
    0x69, 0x99, 0x99, 0x99, 0x99, 0x99, 0x99, 0x99,
    0x99, 0x99, 0x98, 0xbf, 0xff, 0xff, 0xff, 0xff,
    0xff, 0xff, 0xff, 0xff, 0xff, 0xfe, 0xbf, 0xff,
    0xff, 0xff, 0xff, 0xff, 0xff, 0xff, 0xff, 0xff,
    0xfe, 0xaf, 0xff, 0xff, 0xff, 0xff, 0xff, 0xff,
    0xff, 0xff, 0xff, 0xfe, 0x0, 0x0, 0x0, 0x0,
    0x4f, 0xff, 0x70, 0x0, 0x0, 0x0, 0x0, 0x0,
    0x0, 0x0, 0x0, 0x4f, 0xff, 0x70, 0x0, 0x0,
    0x0, 0x0, 0x0, 0x0, 0x0, 0x0, 0x4f, 0xff,
    0x71, 0x0, 0x0, 0x0, 0x0, 0x0, 0x0, 0x0,
    0x0, 0x4f, 0xff, 0xef, 0x81, 0x0, 0x0, 0x0,
    0x0, 0x0, 0x0, 0x0, 0x4f, 0xff, 0xff, 0xff,
    0x70, 0x0, 0x0, 0x0, 0x0, 0x0, 0x0, 0x4f,
    0xff, 0xff, 0xff, 0xfe, 0x50, 0x0, 0x0, 0x0,
    0x0, 0x0, 0x4f, 0xff, 0xcf, 0xff, 0xff, 0xfb,
    0x10, 0x0, 0x0, 0x0, 0x0, 0x4f, 0xff, 0x72,
    0xbf, 0xff, 0xff, 0xc0, 0x0, 0x0, 0x0, 0x0,
    0x4f, 0xff, 0x70, 0x5, 0xef, 0xff, 0x30, 0x0,
    0x0, 0x0, 0x0, 0x4f, 0xff, 0x70, 0x0, 0x1b,
    0xf5, 0x0, 0x0, 0x0, 0x0, 0x0, 0x4f, 0xff,
    0x70, 0x0, 0x0, 0x40, 0x0, 0x0, 0x0, 0x0,
    0x0, 0x4f, 0xff, 0x70, 0x0, 0x0, 0x0, 0x0,
    0x0, 0x0, 0x0, 0x0, 0x4f, 0xff, 0x70, 0x0,
    0x0, 0x0, 0x0, 0x0, 0x0, 0x0, 0x0, 0x4f,
    0xff, 0x70, 0x0, 0x0, 0x0, 0x0, 0x0, 0x0,
    0x0, 0x0, 0x4f, 0xff, 0x70, 0x0, 0x0, 0x0,
    0x0, 0x0, 0x0, 0x0, 0x0, 0x4f, 0xff, 0x70,
    0x0, 0x0, 0x0, 0x0, 0x0, 0x0, 0x0, 0x0,
    0x4f, 0xff, 0x70, 0x0, 0x0, 0x0, 0x0,

    /* U+4E0E "与" */
    0x0, 0x0, 0x14, 0x21, 0x0, 0x0, 0x0, 0x0,
    0x0, 0x0, 0x0, 0x0, 0x0, 0x5f, 0xff, 0x40,
    0x0, 0x0, 0x0, 0x0, 0x0, 0x0, 0x0, 0x0,
    0x8f, 0xff, 0x20, 0x0, 0x0, 0x0, 0x0, 0x0,
    0x0, 0x0, 0x0, 0xaf, 0xff, 0xff, 0xff, 0xff,
    0xff, 0xff, 0xff, 0x70, 0x0, 0x0, 0xdf, 0xff,
    0xff, 0xff, 0xff, 0xff, 0xff, 0xff, 0x70, 0x0,
    0x0, 0xff, 0xff, 0xff, 0xff, 0xff, 0xff, 0xff,
    0xff, 0x70, 0x0, 0x2, 0xff, 0xfa, 0x55, 0x55,
    0x55, 0x55, 0x55, 0x55, 0x20, 0x0, 0x5, 0xff,
    0xf4, 0x0, 0x0, 0x0, 0x0, 0x0, 0x0, 0x0,
    0x0, 0x8, 0xff, 0xf1, 0x0, 0x0, 0x0, 0x0,
    0x0, 0x0, 0x0, 0x0, 0xc, 0xff, 0xff, 0xff,
    0xff, 0xff, 0xff, 0xff, 0xff, 0xf3, 0x0, 0xf,
    0xff, 0xff, 0xff, 0xff, 0xff, 0xff, 0xff, 0xff,
    0xf2, 0x0, 0x3f, 0xff, 0xff, 0xff, 0xff, 0xff,
    0xff, 0xff, 0xff, 0xf0, 0x0, 0x14, 0x44, 0x44,
    0x44, 0x44, 0x44, 0x44, 0x4b, 0xff, 0xf0, 0x0,
    0x0, 0x0, 0x0, 0x0, 0x0, 0x0, 0x0, 0xb,
    0xff, 0xd0, 0x56, 0x66, 0x66, 0x66, 0x66, 0x66,
    0x66, 0x60, 0xd, 0xff, 0xb0, 0xef, 0xff, 0xff,
    0xff, 0xff, 0xff, 0xff, 0xf1, 0xf, 0xff, 0x90,
    0xef, 0xff, 0xff, 0xff, 0xff, 0xff, 0xff, 0xf1,
    0x3f, 0xff, 0x70, 0xef, 0xff, 0xff, 0xff, 0xff,
    0xff, 0xff, 0xf1, 0x6f, 0xff, 0x40, 0x0, 0x0,
    0x0, 0x0, 0x0, 0x0, 0x0, 0x0, 0xcf, 0xff,
    0x10, 0x0, 0x0, 0x0, 0x0, 0x2, 0x77, 0x66,
    0x6a, 0xff, 0xfc, 0x0, 0x0, 0x0, 0x0, 0x0,
    0x0, 0xdf, 0xff, 0xff, 0xff, 0xf6, 0x0, 0x0,
    0x0, 0x0, 0x0, 0x0, 0x6f, 0xff, 0xff, 0xff,
    0xb0, 0x0, 0x0, 0x0, 0x0, 0x0, 0x0, 0x2f,
    0xff, 0xfe, 0xb6, 0x0, 0x0, 0x0, 0x0, 0x0,
    0x0, 0x0, 0x0, 0x0, 0x0, 0x0, 0x0, 0x0,

    /* U+4E2D "中" */
    0x0, 0x0, 0x0, 0x0, 0xb, 0xcc, 0x90, 0x0,
    0x0, 0x0, 0x0, 0x0, 0x0, 0x0, 0x0, 0xe,
    0xff, 0xc0, 0x0, 0x0, 0x0, 0x0, 0x0, 0x0,
    0x0, 0x0, 0xe, 0xff, 0xc0, 0x0, 0x0, 0x0,
    0x0, 0x0, 0x0, 0x0, 0x0, 0xe, 0xff, 0xc0,
    0x0, 0x0, 0x0, 0x0, 0x6, 0x66, 0x66, 0x66,
    0x6f, 0xff, 0xd6, 0x66, 0x66, 0x66, 0x60, 0xf,
    0xff, 0xff, 0xff, 0xff, 0xff, 0xff, 0xff, 0xff,
    0xff, 0xf1, 0xf, 0xff, 0xff, 0xff, 0xff, 0xff,
    0xff, 0xff, 0xff, 0xff, 0xf1, 0xf, 0xff, 0xff,
    0xff, 0xff, 0xff, 0xff, 0xff, 0xff, 0xff, 0xf1,
    0xf, 0xff, 0x80, 0x0, 0xe, 0xff, 0xc0, 0x0,
    0x9, 0xff, 0xf1, 0xf, 0xff, 0x70, 0x0, 0xe,
    0xff, 0xc0, 0x0, 0x9, 0xff, 0xf1, 0xf, 0xff,
    0x70, 0x0, 0xe, 0xff, 0xc0, 0x0, 0x9, 0xff,
    0xf1, 0xf, 0xff, 0x70, 0x0, 0xe, 0xff, 0xc0,
    0x0, 0x9, 0xff, 0xf1, 0xf, 0xff, 0xb7, 0x77,
    0x7f, 0xff, 0xe7, 0x77, 0x7c, 0xff, 0xf1, 0xf,
    0xff, 0xff, 0xff, 0xff, 0xff, 0xff, 0xff, 0xff,
    0xff, 0xf1, 0xf, 0xff, 0xff, 0xff, 0xff, 0xff,
    0xff, 0xff, 0xff, 0xff, 0xf1, 0xf, 0xff, 0xff,
    0xff, 0xff, 0xff, 0xff, 0xff, 0xff, 0xff, 0xf1,
    0xf, 0xff, 0x70, 0x0, 0xe, 0xff, 0xc0, 0x0,
    0x9, 0xff, 0xf1, 0x2, 0x22, 0x10, 0x0, 0xe,
    0xff, 0xc0, 0x0, 0x0, 0x0, 0x0, 0x0, 0x0,
    0x0, 0x0, 0xe, 0xff, 0xc0, 0x0, 0x0, 0x0,
    0x0, 0x0, 0x0, 0x0, 0x0, 0xe, 0xff, 0xc0,
    0x0, 0x0, 0x0, 0x0, 0x0, 0x0, 0x0, 0x0,
    0xe, 0xff, 0xc0, 0x0, 0x0, 0x0, 0x0, 0x0,
    0x0, 0x0, 0x0, 0xe, 0xff, 0xc0, 0x0, 0x0,
    0x0, 0x0, 0x0, 0x0, 0x0, 0x0, 0xe, 0xff,
    0xc0, 0x0, 0x0, 0x0, 0x0,

    /* U+4E3A "为" */
    0x0, 0x0, 0x0, 0x0, 0x77, 0x73, 0x0, 0x0,
    0x0, 0x0, 0x0, 0x0, 0x5, 0xb5, 0x0, 0xff,
    0xf7, 0x0, 0x0, 0x0, 0x0, 0x0, 0x0, 0xcf,
    0xff, 0x20, 0xff, 0xf7, 0x0, 0x0, 0x0, 0x0,
    0x0, 0x0, 0x4f, 0xff, 0xb0, 0xff, 0xf7, 0x0,
    0x0, 0x0, 0x0, 0x0, 0x0, 0xb, 0xff, 0xf3,
    0xff, 0xf7, 0x0, 0x0, 0x0, 0x0, 0x0, 0x0,
    0x3, 0xc6, 0x1, 0xff, 0xf7, 0x0, 0x0, 0x0,
    0x0, 0x0, 0x4f, 0xff, 0xff, 0xff, 0xff, 0xff,
    0xff, 0xff, 0xff, 0xff, 0xf2, 0x4f, 0xff, 0xff,
    0xff, 0xff, 0xff, 0xff, 0xff, 0xff, 0xff, 0xf2,
    0x4f, 0xff, 0xff, 0xff, 0xff, 0xff, 0xff, 0xff,
    0xff, 0xff, 0xf1, 0x28, 0x88, 0x88, 0x8d, 0xff,
    0xf8, 0x88, 0x88, 0x8d, 0xff, 0xf1, 0x0, 0x0,
    0x0, 0xd, 0xff, 0xe0, 0x0, 0x0, 0xa, 0xff,
    0xf0, 0x0, 0x0, 0x0, 0x1f, 0xff, 0xa0, 0x45,
    0x0, 0xa, 0xff, 0xf0, 0x0, 0x0, 0x0, 0x7f,
    0xff, 0xac, 0xff, 0x30, 0xb, 0xff, 0xf0, 0x0,
    0x0, 0x0, 0xef, 0xff, 0x3f, 0xff, 0xd0, 0xc,
    0xff, 0xe0, 0x0, 0x0, 0x6, 0xff, 0xfa, 0x7,
    0xff, 0xf6, 0xd, 0xff, 0xd0, 0x0, 0x0, 0x1e,
    0xff, 0xf3, 0x0, 0xef, 0xfc, 0xe, 0xff, 0xc0,
    0x0, 0x0, 0xcf, 0xff, 0xc0, 0x0, 0x6c, 0x50,
    0xf, 0xff, 0xb0, 0x0, 0xa, 0xff, 0xff, 0x20,
    0x0, 0x0, 0x0, 0x2f, 0xff, 0x90, 0x1, 0xbf,
    0xff, 0xf7, 0x0, 0x0, 0x0, 0x0, 0x7f, 0xff,
    0x70, 0x3e, 0xff, 0xff, 0xa0, 0x0, 0x0, 0xa9,
    0x99, 0xff, 0xff, 0x40, 0x5f, 0xff, 0xfa, 0x0,
    0x0, 0x0, 0x9f, 0xff, 0xff, 0xff, 0x0, 0x3,
    0xff, 0x80, 0x0, 0x0, 0x0, 0x3f, 0xff, 0xff,
    0xf6, 0x0, 0x0, 0x34, 0x0, 0x0, 0x0, 0x0,
    0xf, 0xff, 0xda, 0x40, 0x0, 0x0, 0x0, 0x0,
    0x0, 0x0, 0x0, 0x0, 0x0, 0x0, 0x0, 0x0,

    /* U+4E50 "乐" */
    0x0, 0x0, 0x0, 0x0, 0x0, 0x0, 0x0, 0x0,
    0x0, 0x35, 0x10, 0x0, 0x0, 0x0, 0x12, 0x33,
    0x45, 0x66, 0x79, 0xac, 0xef, 0xff, 0x90, 0x0,
    0x0, 0x5, 0xff, 0xff, 0xff, 0xff, 0xff, 0xff,
    0xff, 0xff, 0xf2, 0x0, 0x0, 0x6, 0xff, 0xff,
    0xff, 0xff, 0xff, 0xff, 0xff, 0xff, 0xe7, 0x0,
    0x0, 0x7, 0xff, 0xff, 0xfe, 0xed, 0xcb, 0xa9,
    0x75, 0x31, 0x0, 0x0, 0x0, 0x9, 0xff, 0xf1,
    0x0, 0x2, 0x22, 0x10, 0x0, 0x0, 0x0, 0x0,
    0x0, 0xa, 0xff, 0xd0, 0x0, 0x1f, 0xff, 0x80,
    0x0, 0x0, 0x0, 0x0, 0x0, 0xc, 0xff, 0xb0,
    0x0, 0x1f, 0xff, 0x80, 0x0, 0x0, 0x0, 0x0,
    0x0, 0xf, 0xff, 0x80, 0x0, 0x1f, 0xff, 0x80,
    0x0, 0x0, 0x0, 0x0, 0x0, 0x4f, 0xff, 0xa7,
    0x77, 0x7f, 0xff, 0xc7, 0x77, 0x77, 0x77, 0x30,
    0x0, 0xcf, 0xff, 0xff, 0xff, 0xff, 0xff, 0xff,
    0xff, 0xff, 0xff, 0x70, 0x0, 0x7f, 0xff, 0xff,
    0xff, 0xff, 0xff, 0xff, 0xff, 0xff, 0xff, 0x70,
    0x0, 0x1f, 0xff, 0xff, 0xff, 0xff, 0xff, 0xff,
    0xff, 0xff, 0xff, 0x70, 0x0, 0x4, 0x21, 0x0,
    0x0, 0x1f, 0xff, 0x90, 0x0, 0x0, 0x0, 0x0,
    0x0, 0x0, 0x2c, 0x72, 0x0, 0x1f, 0xff, 0x80,
    0x2, 0x89, 0x0, 0x0, 0x0, 0x0, 0xcf, 0xff,
    0x40, 0x1f, 0xff, 0x80, 0x6f, 0xff, 0x60, 0x0,
    0x0, 0x7, 0xff, 0xfa, 0x0, 0x1f, 0xff, 0x80,
    0xe, 0xff, 0xf2, 0x0, 0x0, 0x4f, 0xff, 0xe1,
    0x0, 0x1f, 0xff, 0x80, 0x4, 0xff, 0xfd, 0x0,
    0x3, 0xff, 0xff, 0x50, 0x0, 0x1f, 0xff, 0x80,
    0x0, 0x9f, 0xff, 0x70, 0xe, 0xff, 0xf9, 0x6,
    0x88, 0x9f, 0xff, 0x80, 0x0, 0x1e, 0xff, 0xf2,
    0x2, 0xcf, 0xc0, 0x6, 0xff, 0xff, 0xff, 0x60,
    0x0, 0x7, 0xff, 0xb2, 0x0, 0x8, 0x10, 0x0,
    0xff, 0xff, 0xfe, 0x10, 0x0, 0x0, 0x82, 0x0,
    0x0, 0x0, 0x0, 0x0, 0xcf, 0xfc, 0x82, 0x0,
    0x0, 0x0, 0x0, 0x0, 0x0, 0x0, 0x0, 0x0,
    0x0, 0x0, 0x0, 0x0, 0x0, 0x0, 0x0, 0x0,

    /* U+4E60 "习" */
    0x2, 0x44, 0x44, 0x44, 0x44, 0x44, 0x44, 0x44,
    0x44, 0x44, 0x40, 0x9, 0xff, 0xff, 0xff, 0xff,
    0xff, 0xff, 0xff, 0xff, 0xff, 0xf0, 0x9, 0xff,
    0xff, 0xff, 0xff, 0xff, 0xff, 0xff, 0xff, 0xff,
    0xf0, 0x9, 0xff, 0xff, 0xff, 0xff, 0xff, 0xff,
    0xff, 0xff, 0xff, 0xf0, 0x0, 0x0, 0x0, 0x10,
    0x0, 0x0, 0x0, 0x0, 0x9, 0xff, 0xf0, 0x0,
    0x0, 0x4, 0xe6, 0x0, 0x0, 0x0, 0x0, 0x9,
    0xff, 0xf0, 0x0, 0x0, 0x4f, 0xff, 0xa0, 0x0,
    0x0, 0x0, 0xa, 0xff, 0xf0, 0x0, 0x0, 0x6f,
    0xff, 0xfd, 0x20, 0x0, 0x0, 0xa, 0xff, 0xe0,
    0x0, 0x0, 0x4, 0xef, 0xff, 0xf5, 0x0, 0x0,
    0xa, 0xff, 0xe0, 0x0, 0x0, 0x0, 0x2d, 0xff,
    0xfe, 0x0, 0x0, 0xa, 0xff, 0xe0, 0x0, 0x0,
    0x0, 0x0, 0xbf, 0xe2, 0x0, 0x0, 0xb, 0xff,
    0xd0, 0x0, 0x0, 0x0, 0x0, 0x9, 0x30, 0x4,
    0x91, 0xb, 0xff, 0xd0, 0x0, 0x0, 0x0, 0x0,
    0x0, 0x38, 0xef, 0xf4, 0xc, 0xff, 0xc0, 0x0,
    0x0, 0x0, 0x2, 0x8d, 0xff, 0xff, 0xf8, 0xc,
    0xff, 0xb0, 0x0, 0x0, 0x27, 0xdf, 0xff, 0xff,
    0xff, 0xd5, 0xd, 0xff, 0xa0, 0x3, 0x8d, 0xff,
    0xff, 0xff, 0xff, 0x93, 0x0, 0xf, 0xff, 0x90,
    0xd, 0xff, 0xff, 0xff, 0xfb, 0x50, 0x0, 0x0,
    0x1f, 0xff, 0x80, 0x8, 0xff, 0xff, 0xd7, 0x20,
    0x0, 0x0, 0x0, 0x4f, 0xff, 0x60, 0x2, 0xfe,
    0x93, 0x0, 0x0, 0x5, 0x43, 0x34, 0xcf, 0xff,
    0x30, 0x0, 0x40, 0x0, 0x0, 0x0, 0xa, 0xff,
    0xff, 0xff, 0xfe, 0x0, 0x0, 0x0, 0x0, 0x0,
    0x0, 0x3, 0xff, 0xff, 0xff, 0xf4, 0x0, 0x0,
    0x0, 0x0, 0x0, 0x0, 0x0, 0xef, 0xff, 0xea,
    0x30, 0x0, 0x0, 0x0, 0x0, 0x0, 0x0, 0x0,
    0x0, 0x0, 0x0, 0x0, 0x0,

    /* U+4E8E "于" */
    0x0, 0x11, 0x11, 0x11, 0x11, 0x11, 0x11, 0x11,
    0x11, 0x11, 0x0, 0x2, 0xff, 0xff, 0xff, 0xff,
    0xff, 0xff, 0xff, 0xff, 0xff, 0x40, 0x2, 0xff,
    0xff, 0xff, 0xff, 0xff, 0xff, 0xff, 0xff, 0xff,
    0x40, 0x2, 0xff, 0xff, 0xff, 0xff, 0xff, 0xff,
    0xff, 0xff, 0xff, 0x40, 0x1, 0x55, 0x55, 0x55,
    0x5b, 0xff, 0xf7, 0x55, 0x55, 0x55, 0x10, 0x0,
    0x0, 0x0, 0x0, 0x8, 0xff, 0xf2, 0x0, 0x0,
    0x0, 0x0, 0x0, 0x0, 0x0, 0x0, 0x8, 0xff,
    0xf2, 0x0, 0x0, 0x0, 0x0, 0x0, 0x0, 0x0,
    0x0, 0x8, 0xff, 0xf2, 0x0, 0x0, 0x0, 0x0,
    0x45, 0x55, 0x55, 0x55, 0x5b, 0xff, 0xf7, 0x55,
    0x55, 0x55, 0x55, 0xcf, 0xff, 0xff, 0xff, 0xff,
    0xff, 0xff, 0xff, 0xff, 0xff, 0xfe, 0xcf, 0xff,
    0xff, 0xff, 0xff, 0xff, 0xff, 0xff, 0xff, 0xff,
    0xfe, 0xcf, 0xff, 0xff, 0xff, 0xff, 0xff, 0xff,
    0xff, 0xff, 0xff, 0xfe, 0x11, 0x11, 0x11, 0x11,
    0x19, 0xff, 0xf4, 0x11, 0x11, 0x11, 0x11, 0x0,
    0x0, 0x0, 0x0, 0x8, 0xff, 0xf2, 0x0, 0x0,
    0x0, 0x0, 0x0, 0x0, 0x0, 0x0, 0x8, 0xff,
    0xf2, 0x0, 0x0, 0x0, 0x0, 0x0, 0x0, 0x0,
    0x0, 0x8, 0xff, 0xf2, 0x0, 0x0, 0x0, 0x0,
    0x0, 0x0, 0x0, 0x0, 0x8, 0xff, 0xf2, 0x0,
    0x0, 0x0, 0x0, 0x0, 0x0, 0x0, 0x0, 0x8,
    0xff, 0xf2, 0x0, 0x0, 0x0, 0x0, 0x0, 0x0,
    0x3a, 0x99, 0x9e, 0xff, 0xf2, 0x0, 0x0, 0x0,
    0x0, 0x0, 0x0, 0xe, 0xff, 0xff, 0xff, 0xf0,
    0x0, 0x0, 0x0, 0x0, 0x0, 0x0, 0x8, 0xff,
    0xff, 0xff, 0x80, 0x0, 0x0, 0x0, 0x0, 0x0,
    0x0, 0x3, 0xff, 0xfd, 0x95, 0x0, 0x0, 0x0,
    0x0, 0x0, 0x0, 0x0, 0x0, 0x0, 0x0, 0x0,
    0x0, 0x0, 0x0, 0x0, 0x0,

    /* U+4EAE "亮" */
    0x0, 0x0, 0x0, 0x0, 0x1, 0x47, 0xa4, 0x0,
    0x0, 0x0, 0x0, 0x0, 0x0, 0x0, 0x0, 0x0,
    0x3, 0xff, 0xfb, 0x0, 0x0, 0x0, 0x0, 0x0,
    0xd, 0xdd, 0xdd, 0xdd, 0xde, 0xff, 0xff, 0xdd,
    0xdd, 0xdd, 0xdd, 0xd0, 0xf, 0xff, 0xff, 0xff,
    0xff, 0xff, 0xff, 0xff, 0xff, 0xff, 0xff, 0xf0,
    0xf, 0xff, 0xff, 0xff, 0xff, 0xff, 0xff, 0xff,
    0xff, 0xff, 0xff, 0xf0, 0x0, 0x0, 0x24, 0x44,
    0x44, 0x44, 0x44, 0x44, 0x44, 0x42, 0x0, 0x0,
    0x0, 0x0, 0x9f, 0xff, 0xff, 0xff, 0xff, 0xff,
    0xff, 0xfa, 0x0, 0x0, 0x0, 0x0, 0x9f, 0xff,
    0xee, 0xee, 0xee, 0xef, 0xff, 0xfa, 0x0, 0x0,
    0x0, 0x0, 0x9f, 0xfd, 0x11, 0x11, 0x11, 0x12,
    0xff, 0xfa, 0x0, 0x0, 0x0, 0x0, 0x9f, 0xff,
    0xff, 0xff, 0xff, 0xff, 0xff, 0xfa, 0x0, 0x0,
    0x0, 0x0, 0x9f, 0xff, 0xff, 0xff, 0xff, 0xff,
    0xff, 0xfa, 0x0, 0x0, 0x2, 0x22, 0x44, 0x44,
    0x44, 0x44, 0x44, 0x44, 0x44, 0x44, 0x22, 0x20,
    0xd, 0xff, 0xff, 0xff, 0xff, 0xff, 0xff, 0xff,
    0xff, 0xff, 0xff, 0xd0, 0xd, 0xff, 0xff, 0xff,
    0xff, 0xff, 0xff, 0xff, 0xff, 0xff, 0xff, 0xd0,
    0xd, 0xff, 0xa6, 0x66, 0x66, 0x66, 0x66, 0x66,
    0x66, 0x6c, 0xff, 0xd0, 0xd, 0xff, 0x60, 0x8d,
    0xdd, 0xdd, 0xdd, 0xdd, 0xd8, 0xa, 0xff, 0xd0,
    0xb, 0xdd, 0x50, 0xcf, 0xff, 0xff, 0xff, 0xff,
    0xf9, 0x8, 0xcc, 0xa0, 0x0, 0x0, 0x1, 0xff,
    0xff, 0xff, 0xff, 0xff, 0xf9, 0x0, 0x20, 0x0,
    0x0, 0x0, 0x8, 0xff, 0xf7, 0x0, 0x1, 0xff,
    0xf9, 0x0, 0xfa, 0x50, 0x0, 0x3, 0xaf, 0xff,
    0xf1, 0x0, 0x1, 0xff, 0xfb, 0x2, 0xff, 0xf1,
    0xa, 0xef, 0xff, 0xff, 0x60, 0x0, 0x0, 0xff,
    0xff, 0xff, 0xff, 0xe0, 0x4, 0xff, 0xff, 0xf7,
    0x0, 0x0, 0x0, 0xbf, 0xff, 0xff, 0xff, 0x80,
    0x0, 0xbf, 0xe9, 0x10, 0x0, 0x0, 0x0, 0x1a,
    0xef, 0xff, 0xe9, 0x0, 0x0, 0x23, 0x0, 0x0,
    0x0, 0x0, 0x0, 0x0, 0x0, 0x0, 0x0, 0x0,

    /* U+4EF6 "件" */
    0x0, 0x0, 0x6, 0x40, 0x0, 0x0, 0x2, 0x77,
    0x70, 0x0, 0x0, 0x0, 0x0, 0x0, 0x1f, 0xfe,
    0x42, 0x10, 0x6, 0xff, 0xf1, 0x0, 0x0, 0x0,
    0x0, 0x0, 0x7f, 0xff, 0x1a, 0xfe, 0x96, 0xff,
    0xf1, 0x0, 0x0, 0x0, 0x0, 0x0, 0xef, 0xfa,
    0xe, 0xff, 0xa6, 0xff, 0xf1, 0x0, 0x0, 0x0,
    0x0, 0x6, 0xff, 0xf4, 0x2f, 0xff, 0x66, 0xff,
    0xf2, 0x0, 0x0, 0x0, 0x0, 0x1e, 0xff, 0xd0,
    0x6f, 0xff, 0xff, 0xff, 0xff, 0xff, 0xfe, 0x0,
    0x0, 0xaf, 0xff, 0x70, 0xbf, 0xff, 0xff, 0xff,
    0xff, 0xff, 0xfe, 0x0, 0x5, 0xff, 0xff, 0x61,
    0xff, 0xff, 0xff, 0xff, 0xff, 0xff, 0xfe, 0x0,
    0x2f, 0xff, 0xff, 0x68, 0xff, 0xf6, 0x6a, 0xff,
    0xf7, 0x66, 0x65, 0x0, 0x9f, 0xff, 0xff, 0x6d,
    0xff, 0x90, 0x6, 0xff, 0xf1, 0x0, 0x0, 0x0,
    0x1f, 0xff, 0xff, 0x60, 0x7e, 0x20, 0x6, 0xff,
    0xf1, 0x0, 0x0, 0x0, 0x9, 0xff, 0xff, 0x61,
    0x12, 0x11, 0x17, 0xff, 0xf3, 0x11, 0x11, 0x10,
    0x2, 0x6e, 0xff, 0x6a, 0xff, 0xff, 0xff, 0xff,
    0xff, 0xff, 0xff, 0xf1, 0x0, 0xe, 0xff, 0x6a,
    0xff, 0xff, 0xff, 0xff, 0xff, 0xff, 0xff, 0xf1,
    0x0, 0xe, 0xff, 0x6a, 0xff, 0xff, 0xff, 0xff,
    0xff, 0xff, 0xff, 0xf1, 0x0, 0xe, 0xff, 0x63,
    0x44, 0x44, 0x49, 0xff, 0xf6, 0x44, 0x44, 0x40,
    0x0, 0xe, 0xff, 0x60, 0x0, 0x0, 0x6, 0xff,
    0xf1, 0x0, 0x0, 0x0, 0x0, 0xe, 0xff, 0x60,
    0x0, 0x0, 0x6, 0xff, 0xf1, 0x0, 0x0, 0x0,
    0x0, 0xe, 0xff, 0x60, 0x0, 0x0, 0x6, 0xff,
    0xf1, 0x0, 0x0, 0x0, 0x0, 0xe, 0xff, 0x60,
    0x0, 0x0, 0x6, 0xff, 0xf1, 0x0, 0x0, 0x0,
    0x0, 0xe, 0xff, 0x60, 0x0, 0x0, 0x6, 0xff,
    0xf1, 0x0, 0x0, 0x0, 0x0, 0xe, 0xff, 0x60,
    0x0, 0x0, 0x6, 0xff, 0xf1, 0x0, 0x0, 0x0,
    0x0, 0xe, 0xff, 0x60, 0x0, 0x0, 0x6, 0xff,
    0xf1, 0x0, 0x0, 0x0,

    /* U+4F4E "低" */
    0x0, 0x0, 0x5, 0x40, 0x0, 0x0, 0x0, 0x0,
    0x0, 0x28, 0x80, 0x0, 0x0, 0x0, 0xf, 0xff,
    0x60, 0x0, 0x0, 0x26, 0xae, 0xff, 0xf8, 0x0,
    0x0, 0x0, 0x5f, 0xff, 0x44, 0x7a, 0xdf, 0xff,
    0xff, 0xff, 0xff, 0x80, 0x0, 0x0, 0xbf, 0xfd,
    0x3f, 0xff, 0xff, 0xff, 0xff, 0xff, 0xd8, 0x40,
    0x0, 0x3, 0xff, 0xf7, 0x3f, 0xff, 0xff, 0xff,
    0xff, 0xf1, 0x0, 0x0, 0x0, 0xa, 0xff, 0xf1,
    0x3f, 0xff, 0x64, 0x15, 0xff, 0xf0, 0x0, 0x0,
    0x0, 0x3f, 0xff, 0xe0, 0x3f, 0xff, 0x0, 0x4,
    0xff, 0xf0, 0x0, 0x0, 0x0, 0xcf, 0xff, 0xe0,
    0x3f, 0xff, 0x0, 0x3, 0xff, 0xf1, 0x0, 0x0,
    0x7, 0xff, 0xff, 0xe0, 0x3f, 0xff, 0x0, 0x2,
    0xff, 0xf2, 0x0, 0x0, 0x3f, 0xff, 0xff, 0xe0,
    0x3f, 0xff, 0xff, 0xff, 0xff, 0xff, 0xff, 0xf0,
    0x1f, 0xff, 0xff, 0xe0, 0x3f, 0xff, 0xff, 0xff,
    0xff, 0xff, 0xff, 0xf0, 0x9, 0xff, 0xff, 0xe0,
    0x3f, 0xff, 0xff, 0xff, 0xff, 0xff, 0xff, 0xf0,
    0x1, 0xe9, 0xff, 0xe0, 0x3f, 0xff, 0x44, 0x44,
    0xef, 0xfa, 0x44, 0x40, 0x0, 0x26, 0xff, 0xe0,
    0x3f, 0xff, 0x0, 0x0, 0xbf, 0xf9, 0x0, 0x0,
    0x0, 0x6, 0xff, 0xe0, 0x3f, 0xff, 0x0, 0x0,
    0x9f, 0xfb, 0x0, 0x0, 0x0, 0x6, 0xff, 0xe0,
    0x3f, 0xff, 0x0, 0x0, 0x7f, 0xfd, 0x0, 0x0,
    0x0, 0x6, 0xff, 0xe0, 0x3f, 0xff, 0x0, 0x4,
    0x4f, 0xff, 0x7, 0x10, 0x0, 0x6, 0xff, 0xe0,
    0x3f, 0xff, 0x5, 0xff, 0x5f, 0xff, 0x4c, 0xd3,
    0x0, 0x6, 0xff, 0xe0, 0x3f, 0xff, 0x38, 0xff,
    0xbc, 0xff, 0xcf, 0xfa, 0x0, 0x6, 0xff, 0xe0,
    0x7f, 0xff, 0xff, 0xbf, 0xf9, 0xff, 0xff, 0xf6,
    0x0, 0x6, 0xff, 0xe0, 0xff, 0xff, 0xff, 0x5f,
    0xf9, 0xff, 0xff, 0xf1, 0x0, 0x6, 0xff, 0xe0,
    0xaf, 0xff, 0xd9, 0xf, 0xfd, 0x6f, 0xff, 0x90,
    0x0, 0x6, 0xff, 0xe0, 0x4d, 0x72, 0x0, 0x7,
    0x60, 0x6, 0xc9, 0x0, 0x0, 0x0, 0x0, 0x0,
    0x0, 0x0, 0x0, 0x0, 0x0, 0x0, 0x0, 0x0,

    /* U+4F4F "住" */
    0x0, 0x0, 0x3, 0x10, 0x0, 0x0, 0x0, 0x15,
    0x40, 0x0, 0x0, 0x0, 0x0, 0x0, 0xe, 0xfc,
    0x60, 0x0, 0x9, 0xff, 0xe0, 0x0, 0x0, 0x0,
    0x0, 0x0, 0x5f, 0xff, 0x80, 0x0, 0x6, 0xff,
    0xf6, 0x0, 0x0, 0x0, 0x0, 0x0, 0xdf, 0xff,
    0x10, 0x0, 0x0, 0xff, 0xfd, 0x0, 0x0, 0x0,
    0x0, 0x5, 0xff, 0xf9, 0x11, 0x11, 0x11, 0xaf,
    0xa5, 0x11, 0x11, 0x10, 0x0, 0xe, 0xff, 0xf1,
    0x9f, 0xff, 0xff, 0xff, 0xff, 0xff, 0xff, 0xf2,
    0x0, 0x9f, 0xff, 0xa0, 0x9f, 0xff, 0xff, 0xff,
    0xff, 0xff, 0xff, 0xf2, 0x4, 0xff, 0xff, 0x90,
    0x9f, 0xff, 0xff, 0xff, 0xff, 0xff, 0xff, 0xf2,
    0x2f, 0xff, 0xff, 0x90, 0x13, 0x33, 0x33, 0xff,
    0xfa, 0x33, 0x33, 0x30, 0x9f, 0xff, 0xff, 0x90,
    0x0, 0x0, 0x0, 0xff, 0xf9, 0x0, 0x0, 0x0,
    0x1f, 0xff, 0xff, 0x90, 0x0, 0x0, 0x0, 0xff,
    0xf9, 0x0, 0x0, 0x0, 0x9, 0xff, 0xff, 0x90,
    0x1, 0x22, 0x22, 0xff, 0xfa, 0x22, 0x22, 0x10,
    0x2, 0x9e, 0xff, 0x90, 0xc, 0xff, 0xff, 0xff,
    0xff, 0xff, 0xff, 0x70, 0x0, 0xe, 0xff, 0x90,
    0xc, 0xff, 0xff, 0xff, 0xff, 0xff, 0xff, 0x70,
    0x0, 0xe, 0xff, 0x90, 0xc, 0xff, 0xff, 0xff,
    0xff, 0xff, 0xff, 0x70, 0x0, 0xe, 0xff, 0x90,
    0x1, 0x22, 0x22, 0xff, 0xfa, 0x22, 0x22, 0x10,
    0x0, 0xe, 0xff, 0x90, 0x0, 0x0, 0x0, 0xff,
    0xf9, 0x0, 0x0, 0x0, 0x0, 0xe, 0xff, 0x90,
    0x0, 0x0, 0x0, 0xff, 0xf9, 0x0, 0x0, 0x0,
    0x0, 0xe, 0xff, 0x90, 0x0, 0x0, 0x0, 0xff,
    0xf9, 0x0, 0x0, 0x0, 0x0, 0xe, 0xff, 0x91,
    0xff, 0xff, 0xff, 0xff, 0xff, 0xff, 0xff, 0xf7,
    0x0, 0xe, 0xff, 0x91, 0xff, 0xff, 0xff, 0xff,
    0xff, 0xff, 0xff, 0xf7, 0x0, 0xe, 0xff, 0x91,
    0xff, 0xff, 0xff, 0xff, 0xff, 0xff, 0xff, 0xf7,
    0x0, 0xe, 0xff, 0x90, 0x55, 0x55, 0x55, 0x55,
    0x55, 0x55, 0x55, 0x52,

    /* U+4F55 "何" */
    0x0, 0x0, 0x2, 0x20, 0x0, 0x0, 0x0, 0x0,
    0x0, 0x0, 0x0, 0x0, 0x0, 0x0, 0xa, 0xfd,
    0x80, 0x0, 0x0, 0x0, 0x0, 0x0, 0x0, 0x0,
    0x0, 0x0, 0x1f, 0xff, 0xe6, 0x55, 0x55, 0x55,
    0x55, 0x55, 0x55, 0x53, 0x0, 0x0, 0x9f, 0xff,
    0x8f, 0xff, 0xff, 0xff, 0xff, 0xff, 0xff, 0xf9,
    0x0, 0x2, 0xff, 0xfc, 0x3f, 0xff, 0xff, 0xff,
    0xff, 0xff, 0xff, 0xf9, 0x0, 0xc, 0xff, 0xf4,
    0x2f, 0xff, 0xff, 0xff, 0xff, 0xff, 0xff, 0xf9,
    0x0, 0x7f, 0xff, 0xf1, 0x0, 0x0, 0x0, 0x0,
    0x0, 0x2f, 0xff, 0x50, 0x3, 0xff, 0xff, 0xf1,
    0x0, 0x0, 0x0, 0x0, 0x0, 0x2f, 0xff, 0x50,
    0x2e, 0xff, 0xff, 0xf1, 0x2f, 0xff, 0xff, 0xff,
    0xf2, 0x2f, 0xff, 0x50, 0x5f, 0xff, 0xff, 0xf1,
    0x2f, 0xff, 0xff, 0xff, 0xf2, 0x2f, 0xff, 0x50,
    0xc, 0xff, 0xff, 0xf1, 0x2f, 0xff, 0xff, 0xff,
    0xf2, 0x2f, 0xff, 0x50, 0x5, 0xfb, 0xff, 0xf1,
    0x2f, 0xff, 0x10, 0xff, 0xf2, 0x2f, 0xff, 0x50,
    0x0, 0x56, 0xff, 0xf1, 0x2f, 0xff, 0x10, 0xff,
    0xf2, 0x2f, 0xff, 0x50, 0x0, 0x6, 0xff, 0xf1,
    0x2f, 0xff, 0x21, 0xff, 0xf2, 0x2f, 0xff, 0x50,
    0x0, 0x6, 0xff, 0xf1, 0x2f, 0xff, 0xff, 0xff,
    0xf2, 0x2f, 0xff, 0x50, 0x0, 0x6, 0xff, 0xf1,
    0x2f, 0xff, 0xff, 0xff, 0xf2, 0x2f, 0xff, 0x50,
    0x0, 0x6, 0xff, 0xf1, 0x2f, 0xff, 0xfe, 0xee,
    0xe2, 0x2f, 0xff, 0x50, 0x0, 0x6, 0xff, 0xf1,
    0x2f, 0xff, 0x10, 0x0, 0x0, 0x2f, 0xff, 0x50,
    0x0, 0x6, 0xff, 0xf1, 0x17, 0x77, 0x0, 0x0,
    0x0, 0x2f, 0xff, 0x50, 0x0, 0x6, 0xff, 0xf1,
    0x0, 0x0, 0x0, 0x6, 0x55, 0x8f, 0xff, 0x50,
    0x0, 0x6, 0xff, 0xf1, 0x0, 0x0, 0x0, 0xd,
    0xff, 0xff, 0xff, 0x40, 0x0, 0x6, 0xff, 0xf1,
    0x0, 0x0, 0x0, 0x7, 0xff, 0xff, 0xfe, 0x0,
    0x0, 0x6, 0xff, 0xf1, 0x0, 0x0, 0x0, 0x3,
    0xff, 0xfd, 0x92, 0x0, 0x0, 0x0, 0x0, 0x0,
    0x0, 0x0, 0x0, 0x0, 0x11, 0x0, 0x0, 0x0,

    /* U+4F5C "作" */
    0x0, 0x0, 0x1, 0x0, 0x0, 0x0, 0x0, 0x0,
    0x0, 0x0, 0x0, 0x0, 0x0, 0x0, 0xd, 0xd8,
    0x30, 0x1, 0xfc, 0x72, 0x0, 0x0, 0x0, 0x0,
    0x0, 0x0, 0x4f, 0xff, 0x80, 0x6, 0xff, 0xf4,
    0x0, 0x0, 0x0, 0x0, 0x0, 0x0, 0xbf, 0xff,
    0x10, 0xc, 0xff, 0xe0, 0x0, 0x0, 0x0, 0x0,
    0x0, 0x4, 0xff, 0xfa, 0x0, 0x4f, 0xff, 0xc6,
    0x66, 0x66, 0x66, 0x62, 0x0, 0xc, 0xff, 0xf2,
    0x0, 0xcf, 0xff, 0xff, 0xff, 0xff, 0xff, 0xf6,
    0x0, 0x7f, 0xff, 0xb0, 0x6, 0xff, 0xff, 0xff,
    0xff, 0xff, 0xff, 0xf6, 0x3, 0xff, 0xff, 0x90,
    0x1e, 0xff, 0xff, 0xff, 0xfd, 0xdd, 0xdd, 0xd5,
    0x1e, 0xff, 0xff, 0x90, 0xcf, 0xff, 0x7a, 0xff,
    0xe0, 0x0, 0x0, 0x0, 0x9f, 0xff, 0xff, 0x99,
    0xff, 0xfd, 0xa, 0xff, 0xf3, 0x33, 0x33, 0x20,
    0x2f, 0xff, 0xff, 0x93, 0xef, 0xf3, 0xa, 0xff,
    0xff, 0xff, 0xff, 0xc0, 0xa, 0xff, 0xff, 0x90,
    0x1d, 0x60, 0xa, 0xff, 0xff, 0xff, 0xff, 0xc0,
    0x3, 0xae, 0xff, 0x90, 0x0, 0x0, 0xa, 0xff,
    0xff, 0xff, 0xff, 0xb0, 0x0, 0xe, 0xff, 0x90,
    0x0, 0x0, 0xa, 0xff, 0xe0, 0x0, 0x0, 0x0,
    0x0, 0xe, 0xff, 0x90, 0x0, 0x0, 0xa, 0xff,
    0xe0, 0x0, 0x0, 0x0, 0x0, 0xe, 0xff, 0x90,
    0x0, 0x0, 0xa, 0xff, 0xff, 0xff, 0xff, 0xf1,
    0x0, 0xe, 0xff, 0x90, 0x0, 0x0, 0xa, 0xff,
    0xff, 0xff, 0xff, 0xf1, 0x0, 0xe, 0xff, 0x90,
    0x0, 0x0, 0xa, 0xff, 0xff, 0xff, 0xff, 0xf1,
    0x0, 0xe, 0xff, 0x90, 0x0, 0x0, 0xa, 0xff,
    0xf3, 0x33, 0x33, 0x30, 0x0, 0xe, 0xff, 0x90,
    0x0, 0x0, 0xa, 0xff, 0xe0, 0x0, 0x0, 0x0,
    0x0, 0xe, 0xff, 0x90, 0x0, 0x0, 0xa, 0xff,
    0xe0, 0x0, 0x0, 0x0, 0x0, 0xe, 0xff, 0x90,
    0x0, 0x0, 0xa, 0xff, 0xe0, 0x0, 0x0, 0x0,
    0x0, 0xe, 0xff, 0x90, 0x0, 0x0, 0xa, 0xff,
    0xe0, 0x0, 0x0, 0x0,

    /* U+4F73 "佳" */
    0x0, 0x0, 0x4, 0x20, 0x0, 0x0, 0x3, 0x99,
    0x91, 0x0, 0x0, 0x0, 0x0, 0x0, 0xf, 0xfc,
    0x50, 0x0, 0x6, 0xff, 0xf1, 0x0, 0x0, 0x0,
    0x0, 0x0, 0x6f, 0xff, 0x41, 0x11, 0x17, 0xff,
    0xf3, 0x11, 0x11, 0x0, 0x0, 0x0, 0xdf, 0xfd,
    0xf, 0xff, 0xff, 0xff, 0xff, 0xff, 0xfd, 0x0,
    0x0, 0x6, 0xff, 0xf5, 0xf, 0xff, 0xff, 0xff,
    0xff, 0xff, 0xfd, 0x0, 0x0, 0x1e, 0xff, 0xe0,
    0xf, 0xff, 0xff, 0xff, 0xff, 0xff, 0xfd, 0x0,
    0x0, 0xaf, 0xff, 0x90, 0x1, 0x11, 0x17, 0xff,
    0xf3, 0x11, 0x11, 0x0, 0x5, 0xff, 0xff, 0x80,
    0x0, 0x0, 0x6, 0xff, 0xf1, 0x0, 0x0, 0x0,
    0x3f, 0xff, 0xff, 0x81, 0xff, 0xff, 0xff, 0xff,
    0xff, 0xff, 0xff, 0xe0, 0x9f, 0xff, 0xff, 0x81,
    0xff, 0xff, 0xff, 0xff, 0xff, 0xff, 0xff, 0xe0,
    0x1f, 0xff, 0xff, 0x81, 0xff, 0xff, 0xff, 0xff,
    0xff, 0xff, 0xff, 0xe0, 0x9, 0xff, 0xff, 0x80,
    0x55, 0x55, 0x56, 0x88, 0x85, 0x55, 0x55, 0x50,
    0x2, 0x5e, 0xff, 0x80, 0x0, 0x0, 0x6, 0xff,
    0xf1, 0x0, 0x0, 0x0, 0x0, 0xe, 0xff, 0x80,
    0x24, 0x44, 0x49, 0xff, 0xf6, 0x44, 0x44, 0x10,
    0x0, 0xe, 0xff, 0x80, 0x7f, 0xff, 0xff, 0xff,
    0xff, 0xff, 0xff, 0x50, 0x0, 0xe, 0xff, 0x80,
    0x7f, 0xff, 0xff, 0xff, 0xff, 0xff, 0xff, 0x50,
    0x0, 0xe, 0xff, 0x80, 0x7f, 0xff, 0xff, 0xff,
    0xff, 0xff, 0xff, 0x50, 0x0, 0xe, 0xff, 0x80,
    0x0, 0x0, 0x6, 0xff, 0xf1, 0x0, 0x0, 0x0,
    0x0, 0xe, 0xff, 0x80, 0x0, 0x0, 0x6, 0xff,
    0xf1, 0x0, 0x0, 0x0, 0x0, 0xe, 0xff, 0x8b,
    0xff, 0xff, 0xff, 0xff, 0xff, 0xff, 0xff, 0xf5,
    0x0, 0xe, 0xff, 0x8b, 0xff, 0xff, 0xff, 0xff,
    0xff, 0xff, 0xff, 0xf5, 0x0, 0xe, 0xff, 0x8b,
    0xff, 0xff, 0xff, 0xff, 0xff, 0xff, 0xff, 0xf5,
    0x0, 0xe, 0xff, 0x84, 0x66, 0x66, 0x66, 0x66,
    0x66, 0x66, 0x66, 0x62,

    /* U+504F "偏" */
    0x0, 0x0, 0x2, 0x0, 0x0, 0x0, 0x0, 0x14,
    0x10, 0x0, 0x0, 0x0, 0x0, 0x0, 0xef, 0xa3,
    0x0, 0x0, 0xdf, 0xf7, 0x0, 0x0, 0x0, 0x0,
    0x0, 0x5f, 0xff, 0x50, 0x0, 0xb, 0xff, 0xe1,
    0x0, 0x0, 0x0, 0x0, 0xc, 0xff, 0xdd, 0xff,
    0xff, 0xff, 0xff, 0xff, 0xff, 0xf1, 0x0, 0x5,
    0xff, 0xf6, 0xdf, 0xff, 0xff, 0xff, 0xff, 0xff,
    0xff, 0x10, 0x0, 0xef, 0xfe, 0xd, 0xff, 0xdb,
    0xbb, 0xbb, 0xbc, 0xff, 0xf1, 0x0, 0x9f, 0xff,
    0x70, 0xdf, 0xf5, 0x0, 0x0, 0x0, 0x3f, 0xff,
    0x10, 0x5f, 0xff, 0xf6, 0xd, 0xff, 0xb8, 0x88,
    0x88, 0x8a, 0xff, 0xf1, 0x3f, 0xff, 0xff, 0x60,
    0xdf, 0xff, 0xff, 0xff, 0xff, 0xff, 0xff, 0x1b,
    0xff, 0xff, 0xf6, 0xe, 0xff, 0xff, 0xff, 0xff,
    0xff, 0xff, 0xf1, 0x3f, 0xff, 0xff, 0x60, 0xef,
    0xf7, 0x44, 0x44, 0x44, 0x44, 0x44, 0x0, 0xbf,
    0xff, 0xf6, 0xf, 0xff, 0xff, 0xff, 0xff, 0xff,
    0xff, 0xf6, 0x3, 0x4e, 0xff, 0x60, 0xff, 0xff,
    0xff, 0xff, 0xff, 0xff, 0xff, 0x60, 0x0, 0xef,
    0xf6, 0x1f, 0xff, 0xff, 0xcf, 0xfa, 0xff, 0xbf,
    0xf6, 0x0, 0xe, 0xff, 0x63, 0xff, 0xef, 0xf7,
    0xef, 0x3f, 0xf5, 0xff, 0x60, 0x0, 0xef, 0xf6,
    0x6f, 0xfc, 0xff, 0xcf, 0xfa, 0xff, 0xbf, 0xf6,
    0x0, 0xe, 0xff, 0x68, 0xff, 0x9f, 0xff, 0xff,
    0xff, 0xff, 0xff, 0x60, 0x0, 0xef, 0xf6, 0xcf,
    0xf6, 0xff, 0xff, 0xff, 0xff, 0xff, 0xf6, 0x0,
    0xe, 0xff, 0x8f, 0xff, 0x3f, 0xf7, 0xef, 0x4f,
    0xf6, 0xff, 0x60, 0x0, 0xef, 0xfd, 0xff, 0xf0,
    0xff, 0x7e, 0xf3, 0xff, 0x5f, 0xf6, 0x0, 0xe,
    0xff, 0xff, 0xfa, 0xf, 0xf7, 0xef, 0x3f, 0xfe,
    0xff, 0x60, 0x0, 0xef, 0xf9, 0xdf, 0x40, 0xff,
    0x7e, 0xf3, 0xff, 0xef, 0xf2, 0x0, 0xe, 0xff,
    0x61, 0x90, 0xf, 0xf7, 0x9a, 0x29, 0x97, 0xb5,
    0x0,

    /* U+505C "停" */
    0x0, 0x0, 0x4, 0x0, 0x0, 0x0, 0x0, 0x27,
    0x90, 0x0, 0x0, 0x0, 0x0, 0x0, 0x1f, 0xfa,
    0x10, 0x0, 0x6, 0xff, 0xf3, 0x0, 0x0, 0x0,
    0x0, 0x0, 0x7f, 0xff, 0xdd, 0xdd, 0xde, 0xff,
    0xfe, 0xdd, 0xdd, 0xb0, 0x0, 0x0, 0xef, 0xfc,
    0xff, 0xff, 0xff, 0xff, 0xff, 0xff, 0xff, 0xd0,
    0x0, 0x6, 0xff, 0xf5, 0xff, 0xff, 0xff, 0xff,
    0xff, 0xff, 0xff, 0xd0, 0x0, 0xe, 0xff, 0xb0,
    0x5, 0x55, 0x55, 0x55, 0x55, 0x55, 0x52, 0x0,
    0x0, 0x9f, 0xff, 0x40, 0xf, 0xff, 0xff, 0xff,
    0xff, 0xff, 0xf6, 0x0, 0x3, 0xff, 0xff, 0x20,
    0xf, 0xff, 0xee, 0xee, 0xee, 0xff, 0xf6, 0x0,
    0x1e, 0xff, 0xff, 0x20, 0xf, 0xff, 0x83, 0x33,
    0x33, 0xcf, 0xf6, 0x0, 0x7f, 0xff, 0xff, 0x20,
    0xf, 0xff, 0xff, 0xff, 0xff, 0xff, 0xf6, 0x0,
    0xe, 0xff, 0xff, 0x20, 0xf, 0xff, 0xff, 0xff,
    0xff, 0xff, 0xf6, 0x0, 0x7, 0xff, 0xff, 0x24,
    0x45, 0x55, 0x55, 0x55, 0x55, 0x55, 0x55, 0x40,
    0x1, 0x7f, 0xff, 0x2d, 0xff, 0xff, 0xff, 0xff,
    0xff, 0xff, 0xff, 0xf2, 0x0, 0xf, 0xff, 0x2d,
    0xff, 0xff, 0xff, 0xff, 0xff, 0xff, 0xff, 0xf2,
    0x0, 0xf, 0xff, 0x2d, 0xff, 0x76, 0x66, 0x66,
    0x66, 0x66, 0xff, 0xf2, 0x0, 0xf, 0xff, 0x2d,
    0xff, 0xaa, 0xaa, 0xaa, 0xaa, 0xaa, 0xff, 0xf2,
    0x0, 0xf, 0xff, 0x24, 0x57, 0xff, 0xff, 0xff,
    0xff, 0xff, 0x95, 0x50, 0x0, 0xf, 0xff, 0x20,
    0x3, 0xff, 0xff, 0xff, 0xff, 0xff, 0x60, 0x0,
    0x0, 0xf, 0xff, 0x20, 0x0, 0x0, 0x1, 0xff,
    0xf7, 0x0, 0x0, 0x0, 0x0, 0xf, 0xff, 0x20,
    0x0, 0x1, 0x2, 0xff, 0xf7, 0x0, 0x0, 0x0,
    0x0, 0xf, 0xff, 0x20, 0x0, 0x6f, 0xff, 0xff,
    0xf5, 0x0, 0x0, 0x0, 0x0, 0xf, 0xff, 0x20,
    0x0, 0xe, 0xff, 0xff, 0xf2, 0x0, 0x0, 0x0,
    0x0, 0xf, 0xff, 0x20, 0x0, 0xa, 0xee, 0xc9,
    0x30, 0x0, 0x0, 0x0,

    /* U+5173 "关" */
    0x0, 0x0, 0x0, 0x18, 0x0, 0x0, 0x0, 0x0,
    0x65, 0x10, 0x0, 0x0, 0x0, 0x0, 0x9, 0xff,
    0xa0, 0x0, 0x0, 0x1, 0xff, 0xfb, 0x10, 0x0,
    0x0, 0x0, 0xb, 0xff, 0xf5, 0x0, 0x0, 0x7,
    0xff, 0xfb, 0x0, 0x0, 0x0, 0x0, 0x1, 0xff,
    0xfd, 0x0, 0x0, 0xe, 0xff, 0xf2, 0x0, 0x0,
    0x0, 0x0, 0x0, 0x7f, 0xfb, 0x10, 0x0, 0x8f,
    0xff, 0x70, 0x0, 0x0, 0x0, 0xc, 0xff, 0xff,
    0xff, 0xff, 0xff, 0xff, 0xff, 0xff, 0xfa, 0x0,
    0x0, 0xc, 0xff, 0xff, 0xff, 0xff, 0xff, 0xff,
    0xff, 0xff, 0xfb, 0x0, 0x0, 0xc, 0xff, 0xff,
    0xff, 0xff, 0xff, 0xff, 0xff, 0xff, 0xfb, 0x0,
    0x0, 0x6, 0x77, 0x77, 0x77, 0xcf, 0xff, 0xc7,
    0x77, 0x77, 0x75, 0x0, 0x0, 0x0, 0x0, 0x0,
    0x0, 0x9f, 0xff, 0x80, 0x0, 0x0, 0x0, 0x0,
    0x0, 0x0, 0x0, 0x0, 0x0, 0x9f, 0xff, 0x80,
    0x0, 0x0, 0x0, 0x0, 0x3, 0x77, 0x77, 0x77,
    0x77, 0xcf, 0xff, 0xc7, 0x77, 0x77, 0x77, 0x70,
    0x7, 0xff, 0xff, 0xff, 0xff, 0xff, 0xff, 0xff,
    0xff, 0xff, 0xff, 0xe0, 0x7, 0xff, 0xff, 0xff,
    0xff, 0xff, 0xff, 0xff, 0xff, 0xff, 0xff, 0xe0,
    0x7, 0xff, 0xff, 0xff, 0xff, 0xff, 0xff, 0xff,
    0xff, 0xff, 0xff, 0xe0, 0x0, 0x0, 0x0, 0x0,
    0xb, 0xff, 0xff, 0xfc, 0x0, 0x0, 0x0, 0x0,
    0x0, 0x0, 0x0, 0x0, 0x8f, 0xff, 0xff, 0xff,
    0xb0, 0x0, 0x0, 0x0, 0x0, 0x0, 0x0, 0x1b,
    0xff, 0xff, 0xef, 0xff, 0xfe, 0x30, 0x0, 0x0,
    0x0, 0x0, 0x18, 0xff, 0xff, 0xff, 0x24, 0xff,
    0xff, 0xfb, 0x30, 0x0, 0x0, 0x4a, 0xff, 0xff,
    0xff, 0xe3, 0x0, 0x6f, 0xff, 0xff, 0xfd, 0x94,
    0x1e, 0xff, 0xff, 0xff, 0xfb, 0x10, 0x0, 0x4,
    0xef, 0xff, 0xff, 0xf5, 0x3, 0xff, 0xff, 0xfc,
    0x40, 0x0, 0x0, 0x0, 0x1a, 0xff, 0xff, 0x90,
    0x0, 0x6f, 0xfa, 0x40, 0x0, 0x0, 0x0, 0x0,
    0x0, 0x29, 0xee, 0x0, 0x0, 0x4, 0x0, 0x0,
    0x0, 0x0, 0x0, 0x0, 0x0, 0x0, 0x1, 0x0,

    /* U+5185 "内" */
    0x0, 0x0, 0x0, 0x0, 0x4, 0x66, 0x50, 0x0,
    0x0, 0x0, 0x0, 0x0, 0x0, 0x0, 0x0, 0xc,
    0xff, 0xd0, 0x0, 0x0, 0x0, 0x0, 0x0, 0x0,
    0x0, 0x0, 0xc, 0xff, 0xd0, 0x0, 0x0, 0x0,
    0x0, 0x0, 0x0, 0x0, 0x0, 0xc, 0xff, 0xd0,
    0x0, 0x0, 0x0, 0x0, 0x7, 0x77, 0x77, 0x77,
    0x7e, 0xff, 0xe7, 0x77, 0x77, 0x77, 0x70, 0xf,
    0xff, 0xff, 0xff, 0xff, 0xff, 0xff, 0xff, 0xff,
    0xff, 0xf1, 0xf, 0xff, 0xff, 0xff, 0xff, 0xff,
    0xff, 0xff, 0xff, 0xff, 0xf1, 0xf, 0xff, 0xff,
    0xff, 0xff, 0xff, 0xff, 0xff, 0xff, 0xff, 0xf1,
    0xf, 0xff, 0x70, 0x0, 0xd, 0xff, 0xb0, 0x0,
    0x5, 0xff, 0xf1, 0xf, 0xff, 0x70, 0x0, 0xf,
    0xff, 0x90, 0x0, 0x5, 0xff, 0xf1, 0xf, 0xff,
    0x70, 0x0, 0x3f, 0xff, 0xb0, 0x0, 0x5, 0xff,
    0xf1, 0xf, 0xff, 0x70, 0x0, 0x9f, 0xff, 0xfb,
    0x0, 0x5, 0xff, 0xf1, 0xf, 0xff, 0x70, 0x1,
    0xff, 0xff, 0xff, 0xc1, 0x5, 0xff, 0xf1, 0xf,
    0xff, 0x70, 0xc, 0xff, 0xfe, 0xff, 0xfd, 0x15,
    0xff, 0xf1, 0xf, 0xff, 0x70, 0xaf, 0xff, 0xb1,
    0xdf, 0xff, 0xc6, 0xff, 0xf1, 0xf, 0xff, 0xbd,
    0xff, 0xfe, 0x10, 0x1d, 0xff, 0xff, 0xff, 0xf1,
    0xf, 0xff, 0xcf, 0xff, 0xe3, 0x0, 0x1, 0xef,
    0xd8, 0xff, 0xf1, 0xf, 0xff, 0x74, 0xfd, 0x20,
    0x0, 0x0, 0x39, 0x5, 0xff, 0xf1, 0xf, 0xff,
    0x70, 0x40, 0x0, 0x0, 0x0, 0x0, 0x5, 0xff,
    0xf1, 0xf, 0xff, 0x70, 0x0, 0x0, 0x0, 0x1,
    0x65, 0x5a, 0xff, 0xf1, 0xf, 0xff, 0x70, 0x0,
    0x0, 0x0, 0x0, 0xdf, 0xff, 0xff, 0xf0, 0xf,
    0xff, 0x70, 0x0, 0x0, 0x0, 0x0, 0x8f, 0xff,
    0xff, 0x90, 0xf, 0xff, 0x70, 0x0, 0x0, 0x0,
    0x0, 0x4f, 0xfe, 0xb6, 0x0,

    /* U+518D "再" */
    0x0, 0x33, 0x33, 0x33, 0x33, 0x33, 0x33, 0x33,
    0x33, 0x33, 0x33, 0x20, 0x2, 0xff, 0xff, 0xff,
    0xff, 0xff, 0xff, 0xff, 0xff, 0xff, 0xff, 0x90,
    0x2, 0xff, 0xff, 0xff, 0xff, 0xff, 0xff, 0xff,
    0xff, 0xff, 0xff, 0x90, 0x2, 0xff, 0xff, 0xff,
    0xff, 0xff, 0xff, 0xff, 0xff, 0xff, 0xff, 0x90,
    0x0, 0x0, 0x0, 0x0, 0x0, 0x9f, 0xfd, 0x0,
    0x0, 0x0, 0x0, 0x0, 0x0, 0x7, 0xff, 0xff,
    0xff, 0xff, 0xff, 0xff, 0xff, 0xff, 0xe0, 0x0,
    0x0, 0x7, 0xff, 0xff, 0xff, 0xff, 0xff, 0xff,
    0xff, 0xff, 0xf0, 0x0, 0x0, 0x7, 0xff, 0xff,
    0xff, 0xff, 0xff, 0xff, 0xff, 0xff, 0xf0, 0x0,
    0x0, 0x7, 0xff, 0xf2, 0x22, 0xaf, 0xfe, 0x22,
    0x29, 0xff, 0xf0, 0x0, 0x0, 0x7, 0xff, 0xfc,
    0xcc, 0xef, 0xff, 0xcc, 0xce, 0xff, 0xf0, 0x0,
    0x0, 0x7, 0xff, 0xff, 0xff, 0xff, 0xff, 0xff,
    0xff, 0xff, 0xf0, 0x0, 0x0, 0x7, 0xff, 0xff,
    0xff, 0xff, 0xff, 0xff, 0xff, 0xff, 0xf0, 0x0,
    0x0, 0x7, 0xff, 0xf2, 0x22, 0xaf, 0xfe, 0x22,
    0x29, 0xff, 0xf0, 0x0, 0x3, 0x39, 0xff, 0xf3,
    0x33, 0xbf, 0xfe, 0x33, 0x3a, 0xff, 0xf3, 0x32,
    0x2f, 0xff, 0xff, 0xff, 0xff, 0xff, 0xff, 0xff,
    0xff, 0xff, 0xff, 0xf9, 0x2f, 0xff, 0xff, 0xff,
    0xff, 0xff, 0xff, 0xff, 0xff, 0xff, 0xff, 0xf9,
    0x2f, 0xff, 0xff, 0xff, 0xff, 0xff, 0xff, 0xff,
    0xff, 0xff, 0xff, 0xf9, 0x0, 0x7, 0xff, 0xf0,
    0x0, 0x0, 0x0, 0x0, 0x8, 0xff, 0xf0, 0x0,
    0x0, 0x7, 0xff, 0xf0, 0x0, 0x0, 0x0, 0x32,
    0x2a, 0xff, 0xe0, 0x0, 0x0, 0x7, 0xff, 0xf0,
    0x0, 0x0, 0x0, 0xef, 0xff, 0xff, 0xc0, 0x0,
    0x0, 0x7, 0xff, 0xf0, 0x0, 0x0, 0x0, 0x8f,
    0xff, 0xff, 0x80, 0x0, 0x0, 0x7, 0xff, 0xf0,
    0x0, 0x0, 0x0, 0x3f, 0xfe, 0xb6, 0x0, 0x0,
    0x0, 0x0, 0x0, 0x0, 0x0, 0x0, 0x0, 0x0,
    0x0, 0x0, 0x0, 0x0,

    /* U+51B2 "冲" */
    0x0, 0x0, 0x0, 0x0, 0x0, 0x0, 0x6, 0xcc,
    0xc0, 0x0, 0x0, 0x0, 0x0, 0x0, 0x0, 0x0,
    0x0, 0x0, 0x8f, 0xff, 0x0, 0x0, 0x0, 0x0,
    0x2d, 0x40, 0x0, 0x0, 0x0, 0x8, 0xff, 0xf0,
    0x0, 0x0, 0x0, 0x2e, 0xff, 0x70, 0x0, 0x0,
    0x0, 0x8f, 0xff, 0x0, 0x0, 0x0, 0xb, 0xff,
    0xff, 0x91, 0x77, 0x77, 0x7c, 0xff, 0xf7, 0x77,
    0x77, 0x70, 0xb, 0xff, 0xff, 0x9f, 0xff, 0xff,
    0xff, 0xff, 0xff, 0xff, 0xfe, 0x0, 0xa, 0xff,
    0xc2, 0xff, 0xff, 0xff, 0xff, 0xff, 0xff, 0xff,
    0xe0, 0x0, 0xb, 0xc0, 0x1f, 0xff, 0xff, 0xff,
    0xff, 0xff, 0xff, 0xfe, 0x0, 0x0, 0x1, 0x1,
    0xff, 0xf5, 0x8, 0xff, 0xf0, 0xb, 0xff, 0xe0,
    0x0, 0x0, 0x0, 0x1f, 0xff, 0x40, 0x8f, 0xff,
    0x0, 0xbf, 0xfe, 0x0, 0x0, 0x0, 0x1, 0xff,
    0xf4, 0x8, 0xff, 0xf0, 0xb, 0xff, 0xe0, 0x0,
    0x4, 0x20, 0x1f, 0xff, 0x40, 0x8f, 0xff, 0x0,
    0xbf, 0xfe, 0x0, 0x0, 0xef, 0x51, 0xff, 0xfb,
    0x9c, 0xff, 0xf9, 0x9d, 0xff, 0xe0, 0x0, 0x6f,
    0xff, 0x7f, 0xff, 0xff, 0xff, 0xff, 0xff, 0xff,
    0xfe, 0x0, 0xe, 0xff, 0xf3, 0xff, 0xff, 0xff,
    0xff, 0xff, 0xff, 0xff, 0xe0, 0x8, 0xff, 0xf7,
    0x1f, 0xff, 0xff, 0xff, 0xff, 0xff, 0xff, 0xfe,
    0x2, 0xff, 0xfe, 0x1, 0x99, 0x92, 0x8, 0xff,
    0xf0, 0x5, 0x77, 0x70, 0xbf, 0xff, 0x70, 0x0,
    0x0, 0x0, 0x8f, 0xff, 0x0, 0x0, 0x0, 0x4f,
    0xff, 0xe0, 0x0, 0x0, 0x0, 0x8, 0xff, 0xf0,
    0x0, 0x0, 0x0, 0x6e, 0xf7, 0x0, 0x0, 0x0,
    0x0, 0x8f, 0xff, 0x0, 0x0, 0x0, 0x0, 0x19,
    0x0, 0x0, 0x0, 0x0, 0x8, 0xff, 0xf0, 0x0,
    0x0, 0x0, 0x0, 0x0, 0x0, 0x0, 0x0, 0x0,
    0x8f, 0xff, 0x0, 0x0, 0x0, 0x0, 0x0, 0x0,
    0x0, 0x0, 0x0, 0x8, 0xff, 0xf0, 0x0, 0x0,
    0x0,

    /* U+51CF "减" */
    0x0, 0x0, 0x0, 0x0, 0x0, 0x0, 0x0, 0x6,
    0x88, 0x21, 0x30, 0x0, 0x0, 0x0, 0x0, 0x0,
    0x0, 0x0, 0x0, 0xb, 0xff, 0x9e, 0xf7, 0x0,
    0x6, 0xc8, 0x0, 0x0, 0x0, 0x0, 0x0, 0xa,
    0xff, 0xaf, 0xff, 0x70, 0x3f, 0xfe, 0x0, 0x0,
    0x0, 0x0, 0x0, 0xa, 0xff, 0x54, 0xfb, 0x10,
    0xd, 0xff, 0x40, 0xdf, 0xff, 0xff, 0xff, 0xff,
    0xff, 0xff, 0xff, 0xf5, 0x8, 0xff, 0xa0, 0xdf,
    0xff, 0xff, 0xff, 0xff, 0xff, 0xff, 0xff, 0xf5,
    0x2, 0xff, 0xf0, 0xdf, 0xff, 0xff, 0xff, 0xff,
    0xff, 0xff, 0xff, 0xf5, 0x0, 0xef, 0xf4, 0xdf,
    0xf3, 0x11, 0x11, 0x18, 0xff, 0x91, 0x21, 0x10,
    0x0, 0xaf, 0xf8, 0xdf, 0xf7, 0xee, 0xee, 0xe6,
    0xff, 0xa0, 0xce, 0xb2, 0x0, 0x6c, 0x50, 0xdf,
    0xf8, 0xff, 0xff, 0xf5, 0xff, 0xc2, 0xff, 0xf0,
    0x0, 0x0, 0x0, 0xdf, 0xf5, 0x66, 0x66, 0x63,
    0xff, 0xd7, 0xff, 0xa0, 0x0, 0x10, 0x0, 0xdf,
    0xf5, 0x99, 0x99, 0x95, 0xff, 0xec, 0xff, 0x40,
    0x0, 0x7e, 0x70, 0xef, 0xf7, 0xff, 0xff, 0xf6,
    0xff, 0xff, 0xfe, 0x0, 0x0, 0xbf, 0xf5, 0xef,
    0xf7, 0xff, 0xff, 0xf5, 0xef, 0xff, 0xf7, 0x0,
    0x0, 0xff, 0xf2, 0xff, 0xf6, 0xff, 0x2e, 0xf5,
    0xcf, 0xff, 0xe0, 0x0, 0x3, 0xff, 0xe1, 0xff,
    0xe5, 0xff, 0x1e, 0xf5, 0x9f, 0xff, 0x70, 0x0,
    0x7, 0xff, 0xb3, 0xff, 0xd5, 0xff, 0xaf, 0xf5,
    0x8f, 0xfe, 0x9, 0x10, 0xb, 0xff, 0x76, 0xff,
    0xa5, 0xff, 0xff, 0xf7, 0xef, 0xfd, 0xe, 0xe4,
    0xf, 0xff, 0x39, 0xff, 0x75, 0xff, 0xff, 0xff,
    0xff, 0xff, 0x4f, 0xf7, 0x5f, 0xfe, 0xe, 0xff,
    0x45, 0xdd, 0x12, 0xdf, 0xff, 0xff, 0xff, 0xf3,
    0x5e, 0xfa, 0x5f, 0xff, 0x0, 0x0, 0x3e, 0xff,
    0xe7, 0xff, 0xff, 0xe0, 0x0, 0x44, 0x4e, 0xf9,
    0x0, 0x0, 0x2d, 0xfe, 0x30, 0xbf, 0xff, 0x80,
    0x0, 0x0, 0x0, 0xa2, 0x0, 0x0, 0x1, 0xb2,
    0x0, 0xa, 0xfa, 0x0, 0x0, 0x0, 0x0, 0x0,
    0x0, 0x0, 0x0, 0x0, 0x0, 0x0, 0x0, 0x0,

    /* U+51E0 "几" */
    0x0, 0x0, 0x5, 0x77, 0x77, 0x77, 0x77, 0x77,
    0x77, 0x0, 0x0, 0x0, 0x0, 0x0, 0xb, 0xff,
    0xff, 0xff, 0xff, 0xff, 0xff, 0x10, 0x0, 0x0,
    0x0, 0x0, 0xb, 0xff, 0xff, 0xff, 0xff, 0xff,
    0xff, 0x10, 0x0, 0x0, 0x0, 0x0, 0xb, 0xff,
    0xff, 0xff, 0xff, 0xff, 0xff, 0x10, 0x0, 0x0,
    0x0, 0x0, 0xb, 0xff, 0xf0, 0x0, 0x0, 0x8f,
    0xff, 0x10, 0x0, 0x0, 0x0, 0x0, 0xb, 0xff,
    0xf0, 0x0, 0x0, 0x8f, 0xff, 0x10, 0x0, 0x0,
    0x0, 0x0, 0xb, 0xff, 0xf0, 0x0, 0x0, 0x8f,
    0xff, 0x10, 0x0, 0x0, 0x0, 0x0, 0xb, 0xff,
    0xf0, 0x0, 0x0, 0x8f, 0xff, 0x10, 0x0, 0x0,
    0x0, 0x0, 0xb, 0xff, 0xf0, 0x0, 0x0, 0x8f,
    0xff, 0x10, 0x0, 0x0, 0x0, 0x0, 0xc, 0xff,
    0xf0, 0x0, 0x0, 0x8f, 0xff, 0x10, 0x0, 0x0,
    0x0, 0x0, 0xd, 0xff, 0xe0, 0x0, 0x0, 0x8f,
    0xff, 0x10, 0x0, 0x0, 0x0, 0x0, 0xe, 0xff,
    0xd0, 0x0, 0x0, 0x8f, 0xff, 0x10, 0x0, 0x0,
    0x0, 0x0, 0x1f, 0xff, 0xa0, 0x0, 0x0, 0x8f,
    0xff, 0x10, 0x0, 0x0, 0x0, 0x0, 0x4f, 0xff,
    0x70, 0x0, 0x0, 0x8f, 0xff, 0x10, 0x0, 0x0,
    0x0, 0x0, 0x8f, 0xff, 0x40, 0x0, 0x0, 0x8f,
    0xff, 0x10, 0x82, 0x0, 0x0, 0x0, 0xef, 0xff,
    0x0, 0x0, 0x0, 0x8f, 0xff, 0x10, 0xcf, 0xb3,
    0x0, 0x6, 0xff, 0xfb, 0x0, 0x0, 0x0, 0x8f,
    0xff, 0x10, 0xdf, 0xf7, 0x0, 0x1e, 0xff, 0xf4,
    0x0, 0x0, 0x0, 0x8f, 0xff, 0x10, 0xff, 0xf5,
    0x0, 0xcf, 0xff, 0xc0, 0x0, 0x0, 0x0, 0x7f,
    0xff, 0x88, 0xff, 0xf3, 0x1d, 0xff, 0xff, 0x30,
    0x0, 0x0, 0x0, 0x5f, 0xff, 0xff, 0xff, 0xe0,
    0x2d, 0xff, 0xf6, 0x0, 0x0, 0x0, 0x0, 0xf,
    0xff, 0xff, 0xff, 0x80, 0x0, 0xcf, 0x80, 0x0,
    0x0, 0x0, 0x0, 0x3, 0xcf, 0xff, 0xe8, 0x0,
    0x0, 0x15, 0x0, 0x0, 0x0, 0x0, 0x0, 0x0,
    0x0, 0x0, 0x0, 0x0,

    /* U+5206 "分" */
    0x0, 0x0, 0x0, 0x4, 0x0, 0x0, 0x0, 0x0,
    0x40, 0x0, 0x0, 0x0, 0x0, 0x0, 0x0, 0x3f,
    0xfb, 0x60, 0x2, 0x9e, 0xf4, 0x0, 0x0, 0x0,
    0x0, 0x0, 0x0, 0xbf, 0xff, 0x80, 0x3, 0xff,
    0xfd, 0x0, 0x0, 0x0, 0x0, 0x0, 0x3, 0xff,
    0xff, 0x10, 0x0, 0x9f, 0xff, 0x80, 0x0, 0x0,
    0x0, 0x0, 0xd, 0xff, 0xf8, 0x0, 0x0, 0x1f,
    0xff, 0xf4, 0x0, 0x0, 0x0, 0x0, 0x7f, 0xff,
    0xf1, 0x0, 0x0, 0x7, 0xff, 0xfe, 0x10, 0x0,
    0x0, 0x4, 0xff, 0xff, 0x60, 0x0, 0x0, 0x0,
    0xcf, 0xff, 0xd0, 0x0, 0x0, 0x2f, 0xff, 0xfb,
    0x0, 0x0, 0x0, 0x0, 0x1f, 0xff, 0xfc, 0x0,
    0x3, 0xef, 0xff, 0xe1, 0x0, 0x0, 0x0, 0x0,
    0x5, 0xff, 0xff, 0xc1, 0x2f, 0xff, 0xff, 0xff,
    0xff, 0xff, 0xff, 0xff, 0xff, 0xff, 0xff, 0xe2,
    0x5, 0xff, 0xff, 0xff, 0xff, 0xff, 0xff, 0xff,
    0xff, 0xff, 0xfe, 0x20, 0x0, 0x4f, 0xbf, 0xff,
    0xff, 0xff, 0xff, 0xff, 0xff, 0xfd, 0xc3, 0x0,
    0x0, 0x2, 0x17, 0x77, 0xef, 0xfe, 0x77, 0x77,
    0xff, 0xfb, 0x0, 0x0, 0x0, 0x0, 0x0, 0x0,
    0xff, 0xfb, 0x0, 0x0, 0xef, 0xfb, 0x0, 0x0,
    0x0, 0x0, 0x0, 0x4, 0xff, 0xf7, 0x0, 0x0,
    0xff, 0xfa, 0x0, 0x0, 0x0, 0x0, 0x0, 0xb,
    0xff, 0xf3, 0x0, 0x0, 0xff, 0xf9, 0x0, 0x0,
    0x0, 0x0, 0x0, 0x4f, 0xff, 0xd0, 0x0, 0x1,
    0xff, 0xf8, 0x0, 0x0, 0x0, 0x0, 0x2, 0xef,
    0xff, 0x50, 0x0, 0x3, 0xff, 0xf7, 0x0, 0x0,
    0x0, 0x0, 0x5e, 0xff, 0xfd, 0x0, 0x0, 0x6,
    0xff, 0xf5, 0x0, 0x0, 0x0, 0x4c, 0xff, 0xff,
    0xf3, 0x3, 0x77, 0x8e, 0xff, 0xf2, 0x0, 0x0,
    0x6, 0xff, 0xff, 0xff, 0x40, 0x1, 0xff, 0xff,
    0xff, 0xf0, 0x0, 0x0, 0x0, 0xaf, 0xff, 0xc2,
    0x0, 0x0, 0xbf, 0xff, 0xff, 0x70, 0x0, 0x0,
    0x0, 0x1e, 0xd6, 0x0, 0x0, 0x0, 0x7f, 0xfe,
    0xb5, 0x0, 0x0, 0x0, 0x0, 0x2, 0x0, 0x0,
    0x0, 0x0, 0x0, 0x0, 0x0, 0x0, 0x0, 0x0,

    /* U+521B "创" */
    0x0, 0x0, 0x0, 0x28, 0x30, 0x0, 0x0, 0x0,
    0x0, 0x1, 0x11, 0x0, 0x0, 0x0, 0xa, 0xff,
    0xe0, 0x0, 0x0, 0x0, 0x0, 0xff, 0xf7, 0x0,
    0x0, 0x3, 0xff, 0xfe, 0x10, 0x0, 0x0, 0x0,
    0xf, 0xff, 0x70, 0x0, 0x0, 0xdf, 0xff, 0xfc,
    0x0, 0x5, 0xee, 0xd0, 0xff, 0xf7, 0x0, 0x0,
    0x9f, 0xff, 0xff, 0xfa, 0x0, 0x6f, 0xfe, 0xf,
    0xff, 0x70, 0x0, 0x7f, 0xff, 0xda, 0xff, 0xf9,
    0x6, 0xff, 0xe0, 0xff, 0xf7, 0x0, 0x6f, 0xff,
    0xe2, 0xd, 0xff, 0xf6, 0x6f, 0xfe, 0xf, 0xff,
    0x70, 0x9f, 0xff, 0xf4, 0x0, 0x2f, 0xff, 0xfa,
    0xff, 0xe0, 0xff, 0xf7, 0x7f, 0xff, 0xf6, 0x0,
    0x0, 0x6f, 0xff, 0xcf, 0xfe, 0xf, 0xff, 0x70,
    0x9f, 0xff, 0xee, 0xee, 0xee, 0xff, 0x46, 0xff,
    0xe0, 0xff, 0xf7, 0x0, 0xaf, 0xff, 0xff, 0xff,
    0xff, 0xd0, 0x6f, 0xfe, 0xf, 0xff, 0x70, 0x0,
    0xef, 0xff, 0xff, 0xff, 0xfc, 0x6, 0xff, 0xe0,
    0xff, 0xf7, 0x0, 0xe, 0xff, 0x70, 0x7, 0xff,
    0xc0, 0x6f, 0xfe, 0xf, 0xff, 0x70, 0x0, 0xef,
    0xf6, 0x0, 0x8f, 0xfa, 0x6, 0xff, 0xe0, 0xff,
    0xf7, 0x0, 0xe, 0xff, 0x71, 0x1d, 0xff, 0x90,
    0x6f, 0xfe, 0xf, 0xff, 0x70, 0x0, 0xef, 0xf8,
    0xff, 0xff, 0xf6, 0x6, 0xff, 0xe0, 0xff, 0xf7,
    0x0, 0xe, 0xff, 0x6a, 0xff, 0xfe, 0x10, 0x6f,
    0xfe, 0xf, 0xff, 0x70, 0x0, 0xef, 0xf6, 0x5c,
    0xb9, 0x87, 0x0, 0x0, 0x0, 0xff, 0xf7, 0x0,
    0xe, 0xff, 0x70, 0x0, 0x8, 0xff, 0x70, 0x0,
    0xf, 0xff, 0x70, 0x0, 0xdf, 0xf8, 0x0, 0x0,
    0xcf, 0xf8, 0x44, 0x35, 0xff, 0xf6, 0x0, 0xc,
    0xff, 0xfe, 0xee, 0xff, 0xff, 0x5c, 0xff, 0xff,
    0xff, 0x50, 0x0, 0x6f, 0xff, 0xff, 0xff, 0xff,
    0xd0, 0x6f, 0xff, 0xff, 0xe1, 0x0, 0x0, 0x6d,
    0xef, 0xff, 0xfe, 0xb2, 0x1, 0xff, 0xfc, 0x82,
    0x0, 0x0, 0x0, 0x0, 0x0, 0x0, 0x0, 0x0,
    0x0, 0x0, 0x0, 0x0,

    /* U+523A "刺" */
    0x0, 0x0, 0x2, 0x77, 0x60, 0x0, 0x0, 0x0,
    0x0, 0x2, 0x22, 0x10, 0x0, 0x0, 0x5f, 0xfd,
    0x0, 0x0, 0x0, 0x0, 0x0, 0xef, 0xf7, 0x1,
    0x11, 0x16, 0xff, 0xd1, 0x11, 0x10, 0x0, 0x0,
    0xe, 0xff, 0x70, 0xff, 0xff, 0xff, 0xff, 0xff,
    0xff, 0x5c, 0xff, 0x60, 0xef, 0xf7, 0xf, 0xff,
    0xff, 0xff, 0xff, 0xff, 0xf5, 0xcf, 0xf6, 0xe,
    0xff, 0x70, 0xff, 0xff, 0xff, 0xff, 0xff, 0xff,
    0x5c, 0xff, 0x60, 0xef, 0xf7, 0x0, 0x0, 0x5,
    0xff, 0xd0, 0x0, 0x0, 0xcf, 0xf6, 0xe, 0xff,
    0x70, 0x48, 0x88, 0xbf, 0xff, 0x88, 0x88, 0x2c,
    0xff, 0x60, 0xef, 0xf7, 0x8, 0xff, 0xff, 0xff,
    0xff, 0xff, 0xf5, 0xcf, 0xf6, 0xe, 0xff, 0x70,
    0x8f, 0xff, 0xff, 0xff, 0xff, 0xff, 0x5c, 0xff,
    0x60, 0xef, 0xf7, 0x8, 0xff, 0xb9, 0xff, 0xe6,
    0xcf, 0xf5, 0xcf, 0xf6, 0xe, 0xff, 0x70, 0x8f,
    0xf7, 0x5f, 0xfd, 0xa, 0xff, 0x5c, 0xff, 0x60,
    0xef, 0xf7, 0x8, 0xff, 0x75, 0xff, 0xda, 0xff,
    0xf4, 0xcf, 0xf6, 0xe, 0xff, 0x70, 0x8f, 0xf7,
    0x8f, 0xfd, 0x7f, 0xfe, 0x1c, 0xff, 0x60, 0xef,
    0xf7, 0x3, 0x66, 0x6f, 0xff, 0xe3, 0xb9, 0x20,
    0xcf, 0xf6, 0xe, 0xff, 0x70, 0x0, 0x1d, 0xff,
    0xff, 0xe6, 0x0, 0xc, 0xff, 0x60, 0xef, 0xf7,
    0x0, 0xc, 0xff, 0xff, 0xff, 0xfc, 0x30, 0x8b,
    0xb4, 0xe, 0xff, 0x70, 0xb, 0xff, 0xff, 0xff,
    0xff, 0xff, 0x40, 0x0, 0x0, 0xef, 0xf7, 0x2d,
    0xff, 0xfb, 0xff, 0xd6, 0xff, 0xc0, 0x0, 0x0,
    0xe, 0xff, 0x74, 0xff, 0xf9, 0x5f, 0xfd, 0x3,
    0xe3, 0x0, 0x48, 0x88, 0xff, 0xf6, 0xb, 0xfb,
    0x5, 0xff, 0xd0, 0x0, 0x0, 0x2, 0xff, 0xff,
    0xff, 0x50, 0x4a, 0x0, 0x5f, 0xfd, 0x0, 0x0,
    0x0, 0xd, 0xff, 0xff, 0xc0, 0x0, 0x0, 0x5,
    0xff, 0xd0, 0x0, 0x0, 0x0, 0x9f, 0xec, 0x71,
    0x0,

    /* U+52A0 "加" */
    0x0, 0x0, 0x22, 0x20, 0x0, 0x0, 0x0, 0x0,
    0x0, 0x0, 0x0, 0x0, 0x0, 0x4f, 0xff, 0x10,
    0x0, 0x0, 0x0, 0x0, 0x0, 0x0, 0x0, 0x0,
    0x4, 0xff, 0xf1, 0x0, 0x0, 0x0, 0x0, 0x0,
    0x0, 0x0, 0x0, 0x0, 0x4f, 0xff, 0x10, 0x0,
    0x0, 0xde, 0xee, 0xee, 0xee, 0xe4, 0x4, 0x58,
    0xff, 0xf6, 0x55, 0x55, 0x1e, 0xff, 0xff, 0xff,
    0xff, 0x40, 0xdf, 0xff, 0xff, 0xff, 0xff, 0xf3,
    0xef, 0xff, 0xff, 0xff, 0xf4, 0xd, 0xff, 0xff,
    0xff, 0xff, 0xff, 0x3e, 0xff, 0xb7, 0x9f, 0xff,
    0x40, 0xdf, 0xff, 0xff, 0xff, 0xff, 0xf2, 0xef,
    0xf6, 0x2, 0xff, 0xf4, 0x0, 0x6, 0xff, 0xf1,
    0x4f, 0xff, 0x2e, 0xff, 0x60, 0x2f, 0xff, 0x40,
    0x0, 0x7f, 0xfe, 0x3, 0xff, 0xf2, 0xef, 0xf6,
    0x2, 0xff, 0xf4, 0x0, 0x7, 0xff, 0xd0, 0x4f,
    0xff, 0x1e, 0xff, 0x60, 0x2f, 0xff, 0x40, 0x0,
    0x8f, 0xfb, 0x4, 0xff, 0xf1, 0xef, 0xf6, 0x2,
    0xff, 0xf4, 0x0, 0xa, 0xff, 0xa0, 0x5f, 0xff,
    0xe, 0xff, 0x60, 0x2f, 0xff, 0x40, 0x0, 0xcf,
    0xf9, 0x5, 0xff, 0xf0, 0xef, 0xf6, 0x2, 0xff,
    0xf4, 0x0, 0xf, 0xff, 0x70, 0x6f, 0xff, 0xe,
    0xff, 0x60, 0x2f, 0xff, 0x40, 0x2, 0xff, 0xf4,
    0x7, 0xff, 0xe0, 0xef, 0xf6, 0x2, 0xff, 0xf4,
    0x0, 0x7f, 0xff, 0x10, 0x8f, 0xfe, 0xe, 0xff,
    0x60, 0x2f, 0xff, 0x40, 0xc, 0xff, 0xd0, 0x9,
    0xff, 0xd0, 0xef, 0xf7, 0x14, 0xff, 0xf4, 0x2,
    0xff, 0xf8, 0x0, 0xcf, 0xfb, 0xe, 0xff, 0xff,
    0xff, 0xff, 0x40, 0xcf, 0xff, 0x96, 0x8f, 0xff,
    0x90, 0xef, 0xff, 0xff, 0xff, 0xf4, 0x6f, 0xff,
    0xc7, 0xff, 0xff, 0xf6, 0xe, 0xff, 0xff, 0xff,
    0xff, 0x41, 0xcf, 0xf4, 0x2f, 0xff, 0xfd, 0x0,
    0xef, 0xf9, 0x47, 0xff, 0xf4, 0x0, 0xd9, 0x0,
    0xef, 0xea, 0x10, 0xd, 0xee, 0x60, 0x2b, 0xbb,
    0x30, 0x1, 0x0, 0x0, 0x0, 0x0, 0x0, 0x0,
    0x0, 0x0, 0x0, 0x0,

    /* U+5355 "单" */
    0x0, 0x0, 0x0, 0x62, 0x0, 0x0, 0x0, 0x6,
    0x10, 0x0, 0x0, 0x0, 0x0, 0x8f, 0xfd, 0x0,
    0x0, 0x0, 0x6f, 0xfd, 0x70, 0x0, 0x0, 0x0,
    0x8f, 0xff, 0x90, 0x0, 0x0, 0xdf, 0xff, 0x40,
    0x0, 0x0, 0x0, 0xd, 0xff, 0xf2, 0x0, 0x6,
    0xff, 0xfa, 0x0, 0x0, 0x0, 0x9a, 0xac, 0xff,
    0xda, 0xaa, 0xae, 0xff, 0xfb, 0xaa, 0x10, 0x0,
    0xdf, 0xff, 0xff, 0xff, 0xff, 0xff, 0xff, 0xff,
    0xff, 0x20, 0x0, 0xdf, 0xff, 0xff, 0xff, 0xff,
    0xff, 0xff, 0xff, 0xff, 0x20, 0x0, 0xdf, 0xf9,
    0x22, 0x2d, 0xff, 0xc2, 0x22, 0x8f, 0xff, 0x20,
    0x0, 0xdf, 0xfc, 0x99, 0x9e, 0xff, 0xe9, 0x99,
    0xcf, 0xff, 0x20, 0x0, 0xdf, 0xff, 0xff, 0xff,
    0xff, 0xff, 0xff, 0xff, 0xff, 0x20, 0x0, 0xdf,
    0xff, 0xff, 0xff, 0xff, 0xff, 0xff, 0xff, 0xff,
    0x20, 0x0, 0xdf, 0xf8, 0x0, 0xd, 0xff, 0xc0,
    0x0, 0x7f, 0xff, 0x20, 0x0, 0xdf, 0xfe, 0xcc,
    0xcf, 0xff, 0xfc, 0xcc, 0xef, 0xff, 0x20, 0x0,
    0xdf, 0xff, 0xff, 0xff, 0xff, 0xff, 0xff, 0xff,
    0xff, 0x20, 0x0, 0xdf, 0xff, 0xff, 0xff, 0xff,
    0xff, 0xff, 0xff, 0xff, 0x20, 0x0, 0x0, 0x0,
    0x0, 0xd, 0xff, 0xc0, 0x0, 0x0, 0x0, 0x0,
    0xef, 0xff, 0xff, 0xff, 0xff, 0xff, 0xff, 0xff,
    0xff, 0xff, 0xff, 0xef, 0xff, 0xff, 0xff, 0xff,
    0xff, 0xff, 0xff, 0xff, 0xff, 0xff, 0xef, 0xff,
    0xff, 0xff, 0xff, 0xff, 0xff, 0xff, 0xff, 0xff,
    0xff, 0x34, 0x44, 0x44, 0x44, 0x4e, 0xff, 0xd4,
    0x44, 0x44, 0x44, 0x44, 0x0, 0x0, 0x0, 0x0,
    0xd, 0xff, 0xb0, 0x0, 0x0, 0x0, 0x0, 0x0,
    0x0, 0x0, 0x0, 0xd, 0xff, 0xb0, 0x0, 0x0,
    0x0, 0x0, 0x0, 0x0, 0x0, 0x0, 0xd, 0xff,
    0xb0, 0x0, 0x0, 0x0, 0x0,

    /* U+5361 "卡" */
    0x0, 0x0, 0x0, 0x0, 0x48, 0x88, 0x10, 0x0,
    0x0, 0x0, 0x0, 0x0, 0x0, 0x0, 0x0, 0x9,
    0xff, 0xf1, 0x0, 0x0, 0x0, 0x0, 0x0, 0x0,
    0x0, 0x0, 0x0, 0x9f, 0xff, 0x10, 0x0, 0x0,
    0x0, 0x0, 0x0, 0x0, 0x0, 0x0, 0x9, 0xff,
    0xff, 0xff, 0xff, 0xff, 0xd0, 0x0, 0x0, 0x0,
    0x0, 0x0, 0x9f, 0xff, 0xff, 0xff, 0xff, 0xfd,
    0x0, 0x0, 0x0, 0x0, 0x0, 0x9, 0xff, 0xff,
    0xff, 0xff, 0xff, 0xd0, 0x0, 0x0, 0x0, 0x0,
    0x0, 0x9f, 0xff, 0x65, 0x55, 0x55, 0x54, 0x0,
    0x0, 0x0, 0x0, 0x0, 0x9, 0xff, 0xf1, 0x0,
    0x0, 0x0, 0x0, 0x0, 0x33, 0x33, 0x33, 0x33,
    0xbf, 0xff, 0x53, 0x33, 0x33, 0x33, 0x33, 0xf,
    0xff, 0xff, 0xff, 0xff, 0xff, 0xff, 0xff, 0xff,
    0xff, 0xff, 0xf0, 0xff, 0xff, 0xff, 0xff, 0xff,
    0xff, 0xff, 0xff, 0xff, 0xff, 0xff, 0xf, 0xff,
    0xff, 0xff, 0xff, 0xff, 0xff, 0xff, 0xff, 0xff,
    0xff, 0xf0, 0x33, 0x33, 0x33, 0x33, 0x8f, 0xff,
    0x73, 0x33, 0x33, 0x33, 0x33, 0x0, 0x0, 0x0,
    0x0, 0x6, 0xff, 0xf4, 0x30, 0x0, 0x0, 0x0,
    0x0, 0x0, 0x0, 0x0, 0x0, 0x6f, 0xff, 0xbf,
    0xd7, 0x10, 0x0, 0x0, 0x0, 0x0, 0x0, 0x0,
    0x6, 0xff, 0xff, 0xff, 0xff, 0xb4, 0x0, 0x0,
    0x0, 0x0, 0x0, 0x0, 0x6f, 0xff, 0xef, 0xff,
    0xff, 0xfe, 0x70, 0x0, 0x0, 0x0, 0x0, 0x6,
    0xff, 0xf4, 0x4b, 0xff, 0xff, 0xfd, 0x0, 0x0,
    0x0, 0x0, 0x0, 0x6f, 0xff, 0x40, 0x2, 0x9f,
    0xff, 0x30, 0x0, 0x0, 0x0, 0x0, 0x6, 0xff,
    0xf4, 0x0, 0x0, 0x18, 0x70, 0x0, 0x0, 0x0,
    0x0, 0x0, 0x6f, 0xff, 0x40, 0x0, 0x0, 0x0,
    0x0, 0x0, 0x0, 0x0, 0x0, 0x6, 0xff, 0xf4,
    0x0, 0x0, 0x0, 0x0, 0x0, 0x0, 0x0, 0x0,
    0x0, 0x6f, 0xff, 0x40, 0x0, 0x0, 0x0, 0x0,
    0x0,

    /* U+539F "原" */
    0x0, 0xad, 0xdd, 0xdd, 0xdd, 0xdd, 0xdd, 0xdd,
    0xdd, 0xdd, 0xdd, 0x70, 0xc, 0xff, 0xff, 0xff,
    0xff, 0xff, 0xff, 0xff, 0xff, 0xff, 0xf9, 0x0,
    0xcf, 0xff, 0xff, 0xff, 0xff, 0xff, 0xff, 0xff,
    0xff, 0xff, 0x90, 0xc, 0xff, 0xb4, 0x44, 0x44,
    0xcf, 0xdb, 0x74, 0x44, 0x44, 0x42, 0x0, 0xcf,
    0xf9, 0x0, 0x0, 0x1f, 0xff, 0xf3, 0x0, 0x0,
    0x0, 0x0, 0xc, 0xff, 0x91, 0xff, 0xff, 0xff,
    0xff, 0xff, 0xff, 0xff, 0x10, 0x0, 0xcf, 0xf9,
    0x1f, 0xff, 0xff, 0xff, 0xff, 0xff, 0xff, 0xf1,
    0x0, 0xd, 0xff, 0x91, 0xff, 0xfa, 0x88, 0x88,
    0x88, 0xcf, 0xff, 0x10, 0x0, 0xdf, 0xf9, 0x1f,
    0xff, 0x96, 0x66, 0x66, 0x6b, 0xff, 0xf1, 0x0,
    0xd, 0xff, 0x81, 0xff, 0xff, 0xff, 0xff, 0xff,
    0xff, 0xff, 0x10, 0x0, 0xef, 0xf8, 0x1f, 0xff,
    0xff, 0xff, 0xff, 0xff, 0xff, 0xf1, 0x0, 0xf,
    0xff, 0x71, 0xff, 0xf4, 0x0, 0x0, 0x0, 0x7f,
    0xff, 0x10, 0x0, 0xff, 0xf5, 0x1f, 0xff, 0xff,
    0xff, 0xff, 0xff, 0xff, 0xf1, 0x0, 0x2f, 0xff,
    0x41, 0xff, 0xff, 0xff, 0xff, 0xff, 0xff, 0xff,
    0x10, 0x4, 0xff, 0xf2, 0x19, 0x99, 0x99, 0xff,
    0xfc, 0x99, 0xa9, 0x90, 0x0, 0x8f, 0xff, 0x0,
    0x3d, 0x83, 0xe, 0xff, 0x70, 0x5d, 0x70, 0x0,
    0xb, 0xff, 0xc0, 0xd, 0xff, 0xf2, 0xef, 0xf7,
    0x9f, 0xff, 0x50, 0x0, 0xff, 0xf9, 0xa, 0xff,
    0xf7, 0xe, 0xff, 0x71, 0xdf, 0xff, 0x30, 0x6f,
    0xff, 0x59, 0xff, 0xfc, 0x10, 0xef, 0xf7, 0x2,
    0xff, 0xfe, 0x2b, 0xff, 0xe2, 0xdf, 0xfd, 0x4f,
    0xff, 0xff, 0x50, 0x5, 0xff, 0xfa, 0x6, 0xe8,
    0x0, 0x8e, 0x20, 0xef, 0xff, 0xf2, 0x0, 0x9,
    0xe6, 0x0, 0x1, 0x10, 0x0, 0x0, 0xa, 0xfe,
    0xb5, 0x0, 0x0, 0x1, 0x0,

    /* U+53D1 "发" */
    0x0, 0x0, 0x0, 0x0, 0x0, 0x45, 0x20, 0x0,
    0x0, 0x20, 0x0, 0x0, 0x0, 0x0, 0x5c, 0xa7,
    0x20, 0xcf, 0xff, 0x30, 0x1a, 0xf7, 0x0, 0x0,
    0x0, 0x0, 0xbf, 0xff, 0x10, 0xff, 0xff, 0x10,
    0xcf, 0xff, 0x50, 0x0, 0x0, 0x1, 0xff, 0xfa,
    0x1, 0xff, 0xfe, 0x0, 0x1e, 0xff, 0xf2, 0x0,
    0x0, 0x7, 0xff, 0xf3, 0x4, 0xff, 0xfb, 0x0,
    0x4, 0xff, 0x70, 0x0, 0x0, 0x1f, 0xff, 0xf6,
    0x6a, 0xff, 0xfc, 0x66, 0x66, 0xc8, 0x66, 0x50,
    0x0, 0xdf, 0xff, 0xff, 0xff, 0xff, 0xff, 0xff,
    0xff, 0xff, 0xff, 0xe0, 0x0, 0xaf, 0xff, 0xff,
    0xff, 0xff, 0xff, 0xff, 0xff, 0xff, 0xff, 0xe0,
    0x0, 0x4f, 0xfe, 0xdd, 0xef, 0xff, 0xfd, 0xdd,
    0xdd, 0xdd, 0xdd, 0xc0, 0x0, 0x3, 0x0, 0x0,
    0xaf, 0xff, 0x80, 0x0, 0x0, 0x0, 0x0, 0x0,
    0x0, 0x0, 0x0, 0x1, 0xff, 0xff, 0xa7, 0x77,
    0x77, 0x77, 0x10, 0x0, 0x0, 0x0, 0x0, 0x8,
    0xff, 0xff, 0xff, 0xff, 0xff, 0xff, 0xf7, 0x0,
    0x0, 0x0, 0x0, 0x1f, 0xff, 0xff, 0xff, 0xff,
    0xff, 0xff, 0xf4, 0x0, 0x0, 0x0, 0x0, 0xbf,
    0xff, 0xff, 0xee, 0xee, 0xff, 0xff, 0xd0, 0x0,
    0x0, 0x0, 0x6, 0xff, 0xff, 0xff, 0x50, 0x0,
    0xdf, 0xff, 0x60, 0x0, 0x0, 0x0, 0x5f, 0xff,
    0xff, 0xff, 0xf4, 0xb, 0xff, 0xfd, 0x0, 0x0,
    0x0, 0x5, 0xff, 0xff, 0xd4, 0xff, 0xff, 0xbf,
    0xff, 0xf2, 0x0, 0x0, 0x0, 0x9f, 0xff, 0xfe,
    0x20, 0x5f, 0xff, 0xff, 0xff, 0x40, 0x0, 0x0,
    0x4e, 0xff, 0xff, 0xf3, 0x0, 0x2d, 0xff, 0xff,
    0xfb, 0x10, 0x0, 0x0, 0x1d, 0xff, 0xfd, 0x31,
    0x5b, 0xff, 0xff, 0xff, 0xff, 0xfa, 0x52, 0x0,
    0x1, 0xef, 0x82, 0xcf, 0xff, 0xff, 0xff, 0xff,
    0xff, 0xff, 0xff, 0xe5, 0x0, 0x43, 0x0, 0x9f,
    0xff, 0xff, 0xb3, 0x6, 0xef, 0xff, 0xff, 0xc0,
    0x0, 0x0, 0x0, 0x1f, 0xfe, 0x93, 0x0, 0x0,
    0x6, 0xbf, 0xff, 0x20, 0x0, 0x0, 0x0, 0x4,
    0x30, 0x0, 0x0, 0x0, 0x0, 0x0, 0x34, 0x0,

    /* U+53F3 "右" */
    0x0, 0x0, 0x0, 0x0, 0x22, 0x0, 0x0, 0x0,
    0x0, 0x0, 0x0, 0x0, 0x0, 0x0, 0x0, 0x8,
    0xff, 0xd2, 0x0, 0x0, 0x0, 0x0, 0x0, 0x0,
    0x0, 0x0, 0x0, 0xcf, 0xff, 0x0, 0x0, 0x0,
    0x0, 0x0, 0x0, 0x0, 0x0, 0x0, 0xf, 0xff,
    0xb0, 0x0, 0x0, 0x0, 0x0, 0x0, 0x6, 0x77,
    0x77, 0x79, 0xff, 0xfb, 0x77, 0x77, 0x77, 0x77,
    0x77, 0x40, 0xef, 0xff, 0xff, 0xff, 0xff, 0xff,
    0xff, 0xff, 0xff, 0xff, 0xf9, 0xe, 0xff, 0xff,
    0xff, 0xff, 0xff, 0xff, 0xff, 0xff, 0xff, 0xff,
    0x90, 0xef, 0xff, 0xff, 0xff, 0xff, 0xff, 0xff,
    0xff, 0xff, 0xff, 0xf8, 0x0, 0x0, 0x0, 0xcf,
    0xff, 0x10, 0x0, 0x0, 0x0, 0x0, 0x0, 0x0,
    0x0, 0x0, 0x4f, 0xff, 0x80, 0x0, 0x0, 0x0,
    0x0, 0x0, 0x0, 0x0, 0x0, 0xc, 0xff, 0xf1,
    0x0, 0x0, 0x0, 0x0, 0x0, 0x0, 0x0, 0x0,
    0x7, 0xff, 0xff, 0xff, 0xff, 0xff, 0xff, 0xff,
    0xff, 0x0, 0x0, 0x3, 0xff, 0xff, 0xff, 0xff,
    0xff, 0xff, 0xff, 0xff, 0xf0, 0x0, 0x2, 0xef,
    0xff, 0xff, 0xff, 0xff, 0xff, 0xff, 0xff, 0xff,
    0x0, 0x2, 0xef, 0xff, 0xff, 0xf9, 0x66, 0x66,
    0x66, 0x6d, 0xff, 0xf0, 0x5, 0xff, 0xff, 0xef,
    0xff, 0x50, 0x0, 0x0, 0x0, 0xbf, 0xff, 0x0,
    0x4f, 0xff, 0xc3, 0xff, 0xf5, 0x0, 0x0, 0x0,
    0xb, 0xff, 0xf0, 0x0, 0x6f, 0xc1, 0x2f, 0xff,
    0x50, 0x0, 0x0, 0x0, 0xbf, 0xff, 0x0, 0x0,
    0x70, 0x2, 0xff, 0xf9, 0x55, 0x55, 0x55, 0x5d,
    0xff, 0xf0, 0x0, 0x0, 0x0, 0x2f, 0xff, 0xff,
    0xff, 0xff, 0xff, 0xff, 0xff, 0x0, 0x0, 0x0,
    0x2, 0xff, 0xff, 0xff, 0xff, 0xff, 0xff, 0xff,
    0xf0, 0x0, 0x0, 0x0, 0x2f, 0xff, 0xff, 0xff,
    0xff, 0xff, 0xff, 0xff, 0x0, 0x0, 0x0, 0x2,
    0xff, 0xf5, 0x0, 0x0, 0x0, 0xa, 0xee, 0xe0,
    0x0,

    /* U+5408 "合" */
    0x0, 0x0, 0x0, 0x0, 0x0, 0x3, 0x81, 0x0,
    0x0, 0x0, 0x0, 0x0, 0x0, 0x0, 0x0, 0x0,
    0x0, 0x2e, 0xff, 0x80, 0x0, 0x0, 0x0, 0x0,
    0x0, 0x0, 0x0, 0x0, 0x1, 0xdf, 0xff, 0x90,
    0x0, 0x0, 0x0, 0x0, 0x0, 0x0, 0x0, 0x0,
    0x2d, 0xff, 0xff, 0xe3, 0x0, 0x0, 0x0, 0x0,
    0x0, 0x0, 0x0, 0x5, 0xff, 0xff, 0xff, 0xff,
    0x60, 0x0, 0x0, 0x0, 0x0, 0x0, 0x1, 0x9f,
    0xff, 0xfd, 0x9f, 0xff, 0xfc, 0x20, 0x0, 0x0,
    0x0, 0x0, 0x6e, 0xff, 0xff, 0xc1, 0x6, 0xff,
    0xff, 0xf9, 0x10, 0x0, 0x0, 0x6d, 0xff, 0xff,
    0xfb, 0x0, 0x0, 0x4e, 0xff, 0xff, 0xfa, 0x40,
    0x2e, 0xff, 0xff, 0xff, 0xff, 0xff, 0xff, 0xff,
    0xff, 0xff, 0xff, 0xf2, 0x8, 0xff, 0xff, 0xff,
    0xff, 0xff, 0xff, 0xff, 0xff, 0xef, 0xff, 0x40,
    0x0, 0xbf, 0xe7, 0xef, 0xff, 0xff, 0xff, 0xff,
    0xfe, 0x7, 0xe9, 0x0, 0x0, 0x18, 0x10, 0x33,
    0x33, 0x33, 0x33, 0x33, 0x33, 0x0, 0x0, 0x0,
    0x0, 0x0, 0x0, 0x0, 0x0, 0x0, 0x0, 0x0,
    0x0, 0x0, 0x0, 0x0, 0x0, 0x0, 0xaf, 0xff,
    0xff, 0xff, 0xff, 0xff, 0xff, 0xff, 0x10, 0x0,
    0x0, 0x0, 0xaf, 0xff, 0xff, 0xff, 0xff, 0xff,
    0xff, 0xff, 0x10, 0x0, 0x0, 0x0, 0xaf, 0xff,
    0xff, 0xff, 0xff, 0xff, 0xff, 0xff, 0x10, 0x0,
    0x0, 0x0, 0xaf, 0xfe, 0x0, 0x0, 0x0, 0x0,
    0xbf, 0xff, 0x10, 0x0, 0x0, 0x0, 0xaf, 0xfe,
    0x0, 0x0, 0x0, 0x0, 0xaf, 0xff, 0x10, 0x0,
    0x0, 0x0, 0xaf, 0xfe, 0x0, 0x0, 0x0, 0x0,
    0xaf, 0xff, 0x10, 0x0, 0x0, 0x0, 0xaf, 0xff,
    0xff, 0xff, 0xff, 0xff, 0xff, 0xff, 0x10, 0x0,
    0x0, 0x0, 0xaf, 0xff, 0xff, 0xff, 0xff, 0xff,
    0xff, 0xff, 0x10, 0x0, 0x0, 0x0, 0xaf, 0xff,
    0xff, 0xff, 0xff, 0xff, 0xff, 0xff, 0x10, 0x0,
    0x0, 0x0, 0xaf, 0xff, 0x44, 0x44, 0x44, 0x44,
    0xbe, 0xee, 0x10, 0x0,

    /* U+54C1 "品" */
    0x0, 0x1, 0x66, 0x66, 0x66, 0x66, 0x66, 0x66,
    0x66, 0x30, 0x0, 0x0, 0x2, 0xff, 0xff, 0xff,
    0xff, 0xff, 0xff, 0xff, 0x80, 0x0, 0x0, 0x2,
    0xff, 0xff, 0xff, 0xff, 0xff, 0xff, 0xff, 0x80,
    0x0, 0x0, 0x2, 0xff, 0xff, 0xff, 0xff, 0xff,
    0xff, 0xff, 0x80, 0x0, 0x0, 0x2, 0xff, 0xf2,
    0x0, 0x0, 0x0, 0xf, 0xff, 0x80, 0x0, 0x0,
    0x2, 0xff, 0xf2, 0x0, 0x0, 0x0, 0xf, 0xff,
    0x80, 0x0, 0x0, 0x2, 0xff, 0xff, 0xff, 0xff,
    0xff, 0xff, 0xff, 0x80, 0x0, 0x0, 0x2, 0xff,
    0xff, 0xff, 0xff, 0xff, 0xff, 0xff, 0x80, 0x0,
    0x0, 0x2, 0xff, 0xff, 0xff, 0xff, 0xff, 0xff,
    0xff, 0x80, 0x0, 0x0, 0x0, 0x55, 0x55, 0x55,
    0x55, 0x55, 0x55, 0x55, 0x20, 0x0, 0x0, 0x0,
    0x0, 0x0, 0x0, 0x0, 0x0, 0x0, 0x0, 0x0,
    0x0, 0x5f, 0xff, 0xff, 0xff, 0xff, 0x21, 0xff,
    0xff, 0xff, 0xff, 0xf8, 0x5f, 0xff, 0xff, 0xff,
    0xff, 0x21, 0xff, 0xff, 0xff, 0xff, 0xf9, 0x5f,
    0xff, 0xff, 0xff, 0xff, 0x21, 0xff, 0xff, 0xff,
    0xff, 0xf9, 0x5f, 0xff, 0x55, 0x9f, 0xff, 0x21,
    0xff, 0xf8, 0x55, 0xff, 0xf9, 0x5f, 0xfe, 0x0,
    0x4f, 0xff, 0x21, 0xff, 0xf3, 0x0, 0xef, 0xf9,
    0x5f, 0xfe, 0x0, 0x4f, 0xff, 0x21, 0xff, 0xf3,
    0x0, 0xef, 0xf9, 0x5f, 0xff, 0x33, 0x7f, 0xff,
    0x21, 0xff, 0xf5, 0x33, 0xff, 0xf9, 0x5f, 0xff,
    0xff, 0xff, 0xff, 0x21, 0xff, 0xff, 0xff, 0xff,
    0xf9, 0x5f, 0xff, 0xff, 0xff, 0xff, 0x21, 0xff,
    0xff, 0xff, 0xff, 0xf9, 0x5f, 0xff, 0xff, 0xff,
    0xff, 0x21, 0xff, 0xff, 0xff, 0xff, 0xf9, 0x5f,
    0xfe, 0x11, 0x5d, 0xdd, 0x11, 0xff, 0xf4, 0x11,
    0xde, 0xe8,

    /* U+5546 "商" */
    0x0, 0x0, 0x0, 0x0, 0x0, 0x3, 0x40, 0x0,
    0x0, 0x0, 0x0, 0x0, 0x0, 0x0, 0x0, 0x9,
    0xff, 0xf1, 0x0, 0x0, 0x0, 0x0, 0x12, 0x22,
    0x22, 0x22, 0x29, 0xff, 0xf8, 0x22, 0x22, 0x22,
    0x22, 0xbf, 0xff, 0xff, 0xff, 0xff, 0xff, 0xff,
    0xff, 0xff, 0xff, 0xfe, 0xbf, 0xff, 0xff, 0xff,
    0xff, 0xff, 0xff, 0xff, 0xff, 0xff, 0xfe, 0x8b,
    0xbb, 0xbb, 0xef, 0xfb, 0xbb, 0xbd, 0xff, 0xcb,
    0xbb, 0xba, 0x0, 0x0, 0x9, 0xff, 0xf1, 0x0,
    0xa, 0xff, 0xf3, 0x0, 0x0, 0x0, 0x0, 0x3,
    0xff, 0xf7, 0x0, 0xf, 0xff, 0xa0, 0x0, 0x0,
    0x8, 0xcc, 0xcc, 0xff, 0xec, 0xcc, 0xdf, 0xff,
    0xdc, 0xcc, 0xb0, 0xa, 0xff, 0xff, 0xff, 0xff,
    0xff, 0xff, 0xff, 0xff, 0xff, 0xe0, 0xa, 0xff,
    0xff, 0xff, 0xff, 0xff, 0xff, 0xff, 0xff, 0xff,
    0xe0, 0xa, 0xff, 0x90, 0x1a, 0xfd, 0x50, 0x7f,
    0xf8, 0x3, 0xff, 0xe0, 0xa, 0xff, 0xb9, 0xff,
    0xfd, 0x20, 0xaf, 0xff, 0xc6, 0xff, 0xe0, 0xa,
    0xff, 0xef, 0xff, 0xb0, 0x0, 0x6, 0xff, 0xff,
    0xff, 0xe0, 0xa, 0xff, 0xae, 0xff, 0xff, 0xff,
    0xff, 0xff, 0xfa, 0xff, 0xe0, 0xa, 0xff, 0x96,
    0xef, 0xff, 0xff, 0xff, 0xfe, 0x63, 0xff, 0xe0,
    0xa, 0xff, 0x90, 0xdf, 0xf6, 0x66, 0x6f, 0xfd,
    0x3, 0xff, 0xe0, 0xa, 0xff, 0x90, 0xdf, 0xf0,
    0x0, 0xe, 0xfd, 0x3, 0xff, 0xe0, 0xa, 0xff,
    0x90, 0xdf, 0xff, 0xff, 0xff, 0xfd, 0x3, 0xff,
    0xe0, 0xa, 0xff, 0x90, 0xdf, 0xff, 0xff, 0xff,
    0xfd, 0x3, 0xff, 0xe0, 0xa, 0xff, 0x90, 0xdf,
    0xf6, 0x55, 0x55, 0x9d, 0x8b, 0xff, 0xe0, 0xa,
    0xff, 0x90, 0x11, 0x10, 0x0, 0x0, 0x1f, 0xff,
    0xff, 0xa0, 0xa, 0xff, 0x90, 0x0, 0x0, 0x0,
    0x0, 0xb, 0xee, 0xc8, 0x0,

    /* U+56DE "回" */
    0x8f, 0xff, 0xff, 0xff, 0xff, 0xff, 0xff, 0xff,
    0xff, 0xff, 0xf2, 0x8f, 0xff, 0xff, 0xff, 0xff,
    0xff, 0xff, 0xff, 0xff, 0xff, 0xf2, 0x8f, 0xff,
    0xff, 0xff, 0xff, 0xff, 0xff, 0xff, 0xff, 0xff,
    0xf2, 0x8f, 0xff, 0xa9, 0x99, 0x99, 0x99, 0x99,
    0x99, 0x9e, 0xff, 0xf2, 0x8f, 0xff, 0x10, 0x0,
    0x0, 0x0, 0x0, 0x0, 0xa, 0xff, 0xf2, 0x8f,
    0xff, 0x10, 0x0, 0x0, 0x0, 0x0, 0x0, 0xa,
    0xff, 0xf2, 0x8f, 0xff, 0x14, 0xff, 0xff, 0xff,
    0xff, 0xfe, 0xa, 0xff, 0xf2, 0x8f, 0xff, 0x14,
    0xff, 0xff, 0xff, 0xff, 0xfe, 0xa, 0xff, 0xf2,
    0x8f, 0xff, 0x14, 0xff, 0xff, 0xff, 0xff, 0xfe,
    0xa, 0xff, 0xf2, 0x8f, 0xff, 0x14, 0xff, 0xf1,
    0x11, 0x9f, 0xfe, 0xa, 0xff, 0xf2, 0x8f, 0xff,
    0x14, 0xff, 0xf0, 0x0, 0x9f, 0xfe, 0xa, 0xff,
    0xf2, 0x8f, 0xff, 0x14, 0xff, 0xf0, 0x0, 0x9f,
    0xfe, 0xa, 0xff, 0xf2, 0x8f, 0xff, 0x14, 0xff,
    0xf4, 0x44, 0xbf, 0xfe, 0xa, 0xff, 0xf2, 0x8f,
    0xff, 0x14, 0xff, 0xff, 0xff, 0xff, 0xfe, 0xa,
    0xff, 0xf2, 0x8f, 0xff, 0x14, 0xff, 0xff, 0xff,
    0xff, 0xfe, 0xa, 0xff, 0xf2, 0x8f, 0xff, 0x13,
    0xbb, 0xbb, 0xbb, 0xbb, 0xba, 0xa, 0xff, 0xf2,
    0x8f, 0xff, 0x10, 0x0, 0x0, 0x0, 0x0, 0x0,
    0xa, 0xff, 0xf2, 0x8f, 0xff, 0x43, 0x33, 0x33,
    0x33, 0x33, 0x33, 0x3c, 0xff, 0xf2, 0x8f, 0xff,
    0xff, 0xff, 0xff, 0xff, 0xff, 0xff, 0xff, 0xff,
    0xf2, 0x8f, 0xff, 0xff, 0xff, 0xff, 0xff, 0xff,
    0xff, 0xff, 0xff, 0xf2, 0x8f, 0xff, 0xff, 0xff,
    0xff, 0xff, 0xff, 0xff, 0xff, 0xff, 0xf2, 0x8f,
    0xff, 0x10, 0x0, 0x0, 0x0, 0x0, 0x0, 0xa,
    0xff, 0xf2,

    /* U+56F0 "困" */
    0x14, 0x44, 0x44, 0x44, 0x44, 0x44, 0x44, 0x44,
    0x44, 0x44, 0x42, 0x6f, 0xff, 0xff, 0xff, 0xff,
    0xff, 0xff, 0xff, 0xff, 0xff, 0xf8, 0x6f, 0xff,
    0xff, 0xff, 0xff, 0xff, 0xff, 0xff, 0xff, 0xff,
    0xf8, 0x6f, 0xff, 0xee, 0xee, 0xee, 0xee, 0xee,
    0xee, 0xee, 0xff, 0xf8, 0x6f, 0xff, 0x10, 0x0,
    0x8, 0xaa, 0x40, 0x0, 0x1, 0xff, 0xf8, 0x6f,
    0xff, 0x10, 0x0, 0xd, 0xff, 0x60, 0x0, 0x1,
    0xff, 0xf8, 0x6f, 0xff, 0x12, 0x22, 0x2d, 0xff,
    0x72, 0x22, 0x21, 0xff, 0xf8, 0x6f, 0xff, 0x3f,
    0xff, 0xff, 0xff, 0xff, 0xff, 0xf3, 0xff, 0xf8,
    0x6f, 0xff, 0x3f, 0xff, 0xff, 0xff, 0xff, 0xff,
    0xf3, 0xff, 0xf8, 0x6f, 0xff, 0x3d, 0xde, 0xff,
    0xff, 0xfd, 0xdd, 0xd3, 0xff, 0xf8, 0x6f, 0xff,
    0x10, 0x9, 0xff, 0xff, 0xf8, 0x0, 0x1, 0xff,
    0xf8, 0x6f, 0xff, 0x10, 0x5f, 0xff, 0xff, 0xff,
    0xc2, 0x1, 0xff, 0xf8, 0x6f, 0xff, 0x14, 0xff,
    0xff, 0xff, 0xff, 0xfe, 0x41, 0xff, 0xf8, 0x6f,
    0xff, 0x8f, 0xff, 0xbd, 0xff, 0xae, 0xff, 0xf8,
    0xff, 0xf8, 0x6f, 0xff, 0xbf, 0xfe, 0x1d, 0xff,
    0x62, 0xdf, 0xf8, 0xff, 0xf8, 0x6f, 0xff, 0x1b,
    0xd2, 0xd, 0xff, 0x60, 0x1d, 0x81, 0xff, 0xf8,
    0x6f, 0xff, 0x11, 0x10, 0xd, 0xff, 0x60, 0x0,
    0x1, 0xff, 0xf8, 0x6f, 0xff, 0x10, 0x0, 0x7,
    0x88, 0x30, 0x0, 0x1, 0xff, 0xf8, 0x6f, 0xff,
    0xff, 0xff, 0xff, 0xff, 0xff, 0xff, 0xff, 0xff,
    0xf8, 0x6f, 0xff, 0xff, 0xff, 0xff, 0xff, 0xff,
    0xff, 0xff, 0xff, 0xf8, 0x6f, 0xff, 0xff, 0xff,
    0xff, 0xff, 0xff, 0xff, 0xff, 0xff, 0xf8, 0x6f,
    0xff, 0x54, 0x44, 0x44, 0x44, 0x44, 0x44, 0x45,
    0xff, 0xf8,

    /* U+56FA "固" */
    0x14, 0x44, 0x44, 0x44, 0x44, 0x44, 0x44, 0x44,
    0x44, 0x44, 0x42, 0x6f, 0xff, 0xff, 0xff, 0xff,
    0xff, 0xff, 0xff, 0xff, 0xff, 0xf8, 0x6f, 0xff,
    0xff, 0xff, 0xff, 0xff, 0xff, 0xff, 0xff, 0xff,
    0xf8, 0x6f, 0xff, 0xee, 0xee, 0xee, 0xee, 0xee,
    0xee, 0xee, 0xff, 0xf8, 0x6f, 0xff, 0x10, 0x0,
    0x7, 0xcc, 0x60, 0x0, 0x1, 0xff, 0xf8, 0x6f,
    0xff, 0x10, 0x0, 0x8, 0xff, 0x80, 0x0, 0x1,
    0xff, 0xf8, 0x6f, 0xff, 0x1b, 0xbb, 0xbe, 0xff,
    0xeb, 0xbb, 0xb2, 0xff, 0xf8, 0x6f, 0xff, 0x1f,
    0xff, 0xff, 0xff, 0xff, 0xff, 0xf2, 0xff, 0xf8,
    0x6f, 0xff, 0x1f, 0xff, 0xff, 0xff, 0xff, 0xff,
    0xf2, 0xff, 0xf8, 0x6f, 0xff, 0x10, 0x0, 0x9,
    0xff, 0x80, 0x0, 0x1, 0xff, 0xf8, 0x6f, 0xff,
    0x10, 0x77, 0x7c, 0xff, 0xc7, 0x77, 0x21, 0xff,
    0xf8, 0x6f, 0xff, 0x11, 0xff, 0xff, 0xff, 0xff,
    0xff, 0x41, 0xff, 0xf8, 0x6f, 0xff, 0x11, 0xff,
    0xff, 0xff, 0xff, 0xff, 0x41, 0xff, 0xf8, 0x6f,
    0xff, 0x11, 0xff, 0xe0, 0x0, 0xe, 0xff, 0x41,
    0xff, 0xf8, 0x6f, 0xff, 0x11, 0xff, 0xf9, 0x99,
    0x9f, 0xff, 0x41, 0xff, 0xf8, 0x6f, 0xff, 0x11,
    0xff, 0xff, 0xff, 0xff, 0xff, 0x41, 0xff, 0xf8,
    0x6f, 0xff, 0x11, 0xff, 0xff, 0xff, 0xff, 0xff,
    0x41, 0xff, 0xf8, 0x6f, 0xff, 0x10, 0x0, 0x0,
    0x0, 0x0, 0x0, 0x1, 0xff, 0xf8, 0x6f, 0xff,
    0xff, 0xff, 0xff, 0xff, 0xff, 0xff, 0xff, 0xff,
    0xf8, 0x6f, 0xff, 0xff, 0xff, 0xff, 0xff, 0xff,
    0xff, 0xff, 0xff, 0xf8, 0x6f, 0xff, 0xff, 0xff,
    0xff, 0xff, 0xff, 0xff, 0xff, 0xff, 0xf8, 0x6f,
    0xff, 0x54, 0x44, 0x44, 0x44, 0x44, 0x44, 0x45,
    0xff, 0xf8,

    /* U+5747 "均" */
    0x0, 0x0, 0x11, 0x0, 0x0, 0x6, 0x73, 0x0,
    0x0, 0x0, 0x0, 0x0, 0x0, 0xcf, 0xf9, 0x0,
    0x0, 0xef, 0xfe, 0x0, 0x0, 0x0, 0x0, 0x0,
    0xc, 0xff, 0x90, 0x0, 0x3f, 0xff, 0xa0, 0x0,
    0x0, 0x0, 0x0, 0x0, 0xcf, 0xf9, 0x0, 0x8,
    0xff, 0xf4, 0x0, 0x0, 0x0, 0x0, 0x0, 0xc,
    0xff, 0x90, 0x1, 0xff, 0xff, 0xdd, 0xdd, 0xdd,
    0xdd, 0xc0, 0x0, 0xcf, 0xf9, 0x0, 0x8f, 0xff,
    0xff, 0xff, 0xff, 0xff, 0xff, 0xf, 0xff, 0xff,
    0xff, 0xdf, 0xff, 0xff, 0xff, 0xff, 0xff, 0xff,
    0xe0, 0xff, 0xff, 0xff, 0xff, 0xff, 0xfa, 0x66,
    0x66, 0x66, 0xcf, 0xfe, 0xf, 0xff, 0xff, 0xff,
    0xff, 0xfe, 0x25, 0x0, 0x0, 0xa, 0xff, 0xd0,
    0x55, 0xdf, 0xfc, 0x56, 0xef, 0x8d, 0xfa, 0x0,
    0x0, 0xaf, 0xfd, 0x0, 0xc, 0xff, 0x90, 0x1,
    0x7c, 0xff, 0xfc, 0x0, 0xb, 0xff, 0xd0, 0x0,
    0xcf, 0xf9, 0x0, 0x0, 0x1c, 0xff, 0xfa, 0x0,
    0xbf, 0xfc, 0x0, 0xc, 0xff, 0x90, 0x0, 0x0,
    0xc, 0xfc, 0x20, 0xc, 0xff, 0xc0, 0x0, 0xcf,
    0xf9, 0x0, 0x0, 0x0, 0x18, 0x2, 0x10, 0xcf,
    0xfb, 0x0, 0xc, 0xff, 0xca, 0xe0, 0x0, 0x3,
    0x8d, 0xf6, 0xd, 0xff, 0xa0, 0x26, 0xef, 0xff,
    0xff, 0x45, 0x9e, 0xff, 0xff, 0x90, 0xef, 0xfa,
    0x7f, 0xff, 0xff, 0xff, 0xff, 0xff, 0xff, 0xff,
    0xfa, 0xf, 0xff, 0x93, 0xff, 0xff, 0xff, 0xc7,
    0xcf, 0xff, 0xfe, 0x82, 0x1, 0xff, 0xf7, 0xf,
    0xff, 0xa6, 0x10, 0x5, 0xfe, 0x93, 0x0, 0x0,
    0x5f, 0xff, 0x60, 0x64, 0x0, 0x0, 0x0, 0x4,
    0x0, 0x3, 0x77, 0x7d, 0xff, 0xf3, 0x0, 0x0,
    0x0, 0x0, 0x0, 0x0, 0x0, 0x1f, 0xff, 0xff,
    0xff, 0x0, 0x0, 0x0, 0x0, 0x0, 0x0, 0x0,
    0x0, 0xbf, 0xff, 0xff, 0x60, 0x0, 0x0, 0x0,
    0x0, 0x0, 0x0, 0x0, 0x7, 0xff, 0xeb, 0x50,
    0x0, 0x0, 0x0, 0x0, 0x0, 0x0, 0x0, 0x0,
    0x0, 0x0, 0x0, 0x0,

    /* U+589E "增" */
    0x0, 0x3, 0x33, 0x0, 0x0, 0x1, 0x72, 0x0,
    0x2, 0x83, 0x0, 0x0, 0x0, 0xff, 0xf2, 0x0,
    0x9, 0xff, 0xb0, 0x0, 0x8f, 0xfe, 0x40, 0x0,
    0xf, 0xff, 0x20, 0x0, 0x6f, 0xff, 0x40, 0xe,
    0xff, 0xc0, 0x0, 0x0, 0xff, 0xf2, 0x0, 0x22,
    0xdf, 0xc4, 0x28, 0xff, 0xf4, 0x20, 0x0, 0xf,
    0xff, 0x20, 0x2f, 0xff, 0xff, 0xff, 0xff, 0xff,
    0xff, 0x40, 0x0, 0xff, 0xf2, 0x2, 0xff, 0xff,
    0xff, 0xff, 0xff, 0xff, 0xf4, 0xf, 0xff, 0xff,
    0xff, 0x4f, 0xfb, 0x93, 0xef, 0x95, 0x7a, 0xff,
    0x40, 0xff, 0xff, 0xff, 0xf4, 0xff, 0xdf, 0x8e,
    0xf9, 0xcf, 0xff, 0xf4, 0xf, 0xff, 0xff, 0xff,
    0x4f, 0xf8, 0xde, 0xff, 0xbf, 0xea, 0xff, 0x40,
    0x34, 0xff, 0xf5, 0x33, 0xff, 0x89, 0xdf, 0xfd,
    0xe6, 0x9f, 0xf4, 0x0, 0xf, 0xff, 0x20, 0x2f,
    0xfe, 0xed, 0xff, 0xed, 0xde, 0xff, 0x40, 0x0,
    0xff, 0xf2, 0x2, 0xff, 0xff, 0xff, 0xff, 0xff,
    0xff, 0xf4, 0x0, 0xf, 0xff, 0x20, 0x5, 0x55,
    0x55, 0x55, 0x55, 0x55, 0x55, 0x10, 0x0, 0xff,
    0xf2, 0x0, 0x1f, 0xff, 0xff, 0xff, 0xff, 0xff,
    0x50, 0x0, 0xf, 0xff, 0x47, 0x1, 0xff, 0xff,
    0xff, 0xff, 0xff, 0xf5, 0x0, 0x0, 0xff, 0xff,
    0xf2, 0x1f, 0xff, 0x88, 0x88, 0x8f, 0xff, 0x50,
    0x5, 0xbf, 0xff, 0xff, 0x51, 0xff, 0xf8, 0x88,
    0x88, 0xff, 0xf5, 0x5, 0xff, 0xff, 0xff, 0xf6,
    0x1f, 0xff, 0xff, 0xff, 0xff, 0xff, 0x50, 0xf,
    0xff, 0xfe, 0x71, 0x1, 0xff, 0xfe, 0xee, 0xee,
    0xff, 0xf5, 0x0, 0xbf, 0xb5, 0x0, 0x0, 0x1f,
    0xff, 0x54, 0x44, 0x4f, 0xff, 0x50, 0x3, 0x20,
    0x0, 0x0, 0x1, 0xff, 0xff, 0xff, 0xff, 0xff,
    0xf5, 0x0, 0x0, 0x0, 0x0, 0x0, 0x1f, 0xff,
    0xff, 0xff, 0xff, 0xff, 0x50, 0x0, 0x0, 0x0,
    0x0, 0x1, 0xff, 0xf2, 0x22, 0x22, 0xef, 0xf5,
    0x0,

    /* U+5927 "大" */
    0x0, 0x0, 0x0, 0x0, 0x0, 0x44, 0x44, 0x0,
    0x0, 0x0, 0x0, 0x0, 0x0, 0x0, 0x0, 0x0,
    0x0, 0xef, 0xfe, 0x0, 0x0, 0x0, 0x0, 0x0,
    0x0, 0x0, 0x0, 0x0, 0x0, 0xff, 0xfd, 0x0,
    0x0, 0x0, 0x0, 0x0, 0x0, 0x0, 0x0, 0x0,
    0x0, 0xff, 0xfd, 0x0, 0x0, 0x0, 0x0, 0x0,
    0x0, 0x0, 0x0, 0x0, 0x0, 0xff, 0xfc, 0x0,
    0x0, 0x0, 0x0, 0x0, 0x0, 0x0, 0x0, 0x0,
    0x0, 0xff, 0xfc, 0x0, 0x0, 0x0, 0x0, 0x0,
    0x0, 0x11, 0x11, 0x11, 0x12, 0xff, 0xfb, 0x11,
    0x11, 0x11, 0x11, 0x10, 0x9, 0xff, 0xff, 0xff,
    0xff, 0xff, 0xff, 0xff, 0xff, 0xff, 0xff, 0xe0,
    0x9, 0xff, 0xff, 0xff, 0xff, 0xff, 0xff, 0xff,
    0xff, 0xff, 0xff, 0xe0, 0x9, 0xff, 0xff, 0xff,
    0xff, 0xff, 0xff, 0xff, 0xff, 0xff, 0xff, 0xe0,
    0x5, 0x88, 0x88, 0x88, 0x8d, 0xff, 0xff, 0xf8,
    0x88, 0x88, 0x88, 0x70, 0x0, 0x0, 0x0, 0x0,
    0xf, 0xff, 0xff, 0xf3, 0x0, 0x0, 0x0, 0x0,
    0x0, 0x0, 0x0, 0x0, 0x5f, 0xff, 0xff, 0xfa,
    0x0, 0x0, 0x0, 0x0, 0x0, 0x0, 0x0, 0x0,
    0xbf, 0xff, 0xff, 0xff, 0x20, 0x0, 0x0, 0x0,
    0x0, 0x0, 0x0, 0x4, 0xff, 0xfe, 0x9f, 0xff,
    0xc0, 0x0, 0x0, 0x0, 0x0, 0x0, 0x0, 0xd,
    0xff, 0xf8, 0x1f, 0xff, 0xf8, 0x0, 0x0, 0x0,
    0x0, 0x0, 0x0, 0xaf, 0xff, 0xf1, 0x7, 0xff,
    0xff, 0x50, 0x0, 0x0, 0x0, 0x0, 0xb, 0xff,
    0xff, 0x60, 0x0, 0xdf, 0xff, 0xf6, 0x0, 0x0,
    0x0, 0x1, 0xbf, 0xff, 0xfa, 0x0, 0x0, 0x2f,
    0xff, 0xff, 0x80, 0x0, 0x0, 0x6e, 0xff, 0xff,
    0xc1, 0x0, 0x0, 0x5, 0xff, 0xff, 0xfe, 0x70,
    0xb, 0xff, 0xff, 0xfb, 0x0, 0x0, 0x0, 0x0,
    0x5f, 0xff, 0xff, 0xf3, 0x1, 0xdf, 0xff, 0x90,
    0x0, 0x0, 0x0, 0x0, 0x3, 0xef, 0xff, 0x40,
    0x0, 0x2f, 0xd3, 0x0, 0x0, 0x0, 0x0, 0x0,
    0x0, 0x9, 0xf8, 0x0, 0x0, 0x3, 0x0, 0x0,
    0x0, 0x0, 0x0, 0x0, 0x0, 0x0, 0x20, 0x0,

    /* U+59CB "始" */
    0x0, 0x6, 0x65, 0x10, 0x0, 0x0, 0x1, 0x73,
    0x0, 0x0, 0x0, 0x0, 0x0, 0xe, 0xff, 0x50,
    0x0, 0x0, 0x6, 0xff, 0xf5, 0x0, 0x0, 0x0,
    0x0, 0xf, 0xff, 0x30, 0x0, 0x0, 0xc, 0xff,
    0xf1, 0x0, 0x0, 0x0, 0x0, 0x2f, 0xff, 0x10,
    0x0, 0x0, 0x2f, 0xff, 0xa0, 0x1, 0x0, 0x0,
    0x0, 0x4f, 0xff, 0x0, 0x0, 0x0, 0x9f, 0xff,
    0x31, 0x8f, 0x80, 0x0, 0x1f, 0xff, 0xff, 0xff,
    0xe6, 0x1, 0xff, 0xfa, 0x7, 0xff, 0xf3, 0x0,
    0x1f, 0xff, 0xff, 0xff, 0xf7, 0x9, 0xff, 0xf2,
    0x0, 0xdf, 0xfd, 0x0, 0x1f, 0xff, 0xff, 0xff,
    0xf7, 0x4f, 0xff, 0x91, 0x23, 0x8f, 0xff, 0x70,
    0x3, 0xef, 0xf6, 0xdf, 0xfa, 0xef, 0xff, 0xff,
    0xff, 0xff, 0xff, 0xf1, 0x1, 0xff, 0xf1, 0xff,
    0xf8, 0xff, 0xff, 0xff, 0xff, 0xff, 0xff, 0xf7,
    0x4, 0xff, 0xd1, 0xff, 0xf2, 0xef, 0xff, 0xff,
    0xff, 0xec, 0xdf, 0xfc, 0x7, 0xff, 0xa4, 0xff,
    0xf0, 0x8b, 0x86, 0x42, 0x10, 0x0, 0x4e, 0x70,
    0xb, 0xff, 0x97, 0xff, 0xd0, 0x0, 0x0, 0x0,
    0x0, 0x0, 0x1, 0x0, 0xd, 0xff, 0xfe, 0xff,
    0xa0, 0x3f, 0xff, 0xff, 0xff, 0xff, 0xff, 0x40,
    0x2, 0xdf, 0xff, 0xff, 0x60, 0x3f, 0xff, 0xff,
    0xff, 0xff, 0xff, 0x40, 0x0, 0x1d, 0xff, 0xff,
    0x20, 0x3f, 0xff, 0xff, 0xff, 0xff, 0xff, 0x40,
    0x0, 0x1, 0xff, 0xff, 0x90, 0x3f, 0xfe, 0x0,
    0x0, 0x1f, 0xff, 0x40, 0x0, 0x7, 0xff, 0xff,
    0xf8, 0x3f, 0xfe, 0x0, 0x0, 0xf, 0xff, 0x40,
    0x0, 0x3f, 0xff, 0xff, 0xf8, 0x3f, 0xfe, 0x0,
    0x0, 0xf, 0xff, 0x40, 0x5, 0xff, 0xff, 0x5f,
    0xc0, 0x3f, 0xff, 0xee, 0xee, 0xef, 0xff, 0x40,
    0x1f, 0xff, 0xf6, 0x4, 0x10, 0x3f, 0xff, 0xff,
    0xff, 0xff, 0xff, 0x40, 0x5, 0xff, 0x70, 0x0,
    0x0, 0x3f, 0xff, 0xff, 0xff, 0xff, 0xff, 0x40,
    0x0, 0x95, 0x0, 0x0, 0x0, 0x3f, 0xfe, 0x11,
    0x11, 0x2f, 0xff, 0x40,

    /* U+5B58 "存" */
    0x0, 0x0, 0x0, 0x0, 0x35, 0x10, 0x0, 0x0,
    0x0, 0x0, 0x0, 0x0, 0x0, 0x0, 0x0, 0x0,
    0xaf, 0xfd, 0x20, 0x0, 0x0, 0x0, 0x0, 0x0,
    0x0, 0x0, 0x0, 0x0, 0xef, 0xfe, 0x0, 0x0,
    0x0, 0x0, 0x0, 0x0, 0x4, 0x66, 0x66, 0x68,
    0xff, 0xfc, 0x66, 0x66, 0x66, 0x66, 0x66, 0x50,
    0xb, 0xff, 0xff, 0xff, 0xff, 0xff, 0xff, 0xff,
    0xff, 0xff, 0xff, 0xe0, 0xb, 0xff, 0xff, 0xff,
    0xff, 0xff, 0xff, 0xff, 0xff, 0xff, 0xff, 0xe0,
    0xa, 0xff, 0xff, 0xff, 0xff, 0xff, 0xff, 0xff,
    0xff, 0xff, 0xff, 0xe0, 0x0, 0x0, 0x3, 0xff,
    0xfc, 0x0, 0x0, 0x0, 0x0, 0x0, 0x0, 0x0,
    0x0, 0x0, 0xd, 0xff, 0xf3, 0x8e, 0xee, 0xee,
    0xee, 0xef, 0x90, 0x0, 0x0, 0x0, 0xaf, 0xff,
    0x80, 0x9f, 0xff, 0xff, 0xff, 0xff, 0xfb, 0x0,
    0x0, 0x6, 0xff, 0xfe, 0x0, 0x9f, 0xff, 0xff,
    0xff, 0xff, 0xf4, 0x0, 0x0, 0x6f, 0xff, 0xf6,
    0x0, 0x23, 0x33, 0x38, 0xff, 0xff, 0x40, 0x0,
    0x9, 0xff, 0xff, 0xf6, 0x0, 0x0, 0x0, 0x6f,
    0xff, 0xd2, 0x0, 0x0, 0x7f, 0xff, 0xff, 0xf6,
    0x0, 0x0, 0x0, 0x9f, 0xff, 0x10, 0x0, 0x0,
    0x1e, 0xff, 0xff, 0xf6, 0x5e, 0xee, 0xee, 0xff,
    0xff, 0xee, 0xee, 0xe3, 0x8, 0xf9, 0xff, 0xf6,
    0x5f, 0xff, 0xff, 0xff, 0xff, 0xff, 0xff, 0xf3,
    0x1, 0x32, 0xff, 0xf6, 0x5f, 0xff, 0xff, 0xff,
    0xff, 0xff, 0xff, 0xf3, 0x0, 0x2, 0xff, 0xf6,
    0x14, 0x44, 0x44, 0xbf, 0xff, 0x44, 0x44, 0x41,
    0x0, 0x2, 0xff, 0xf6, 0x0, 0x0, 0x0, 0x9f,
    0xfe, 0x0, 0x0, 0x0, 0x0, 0x2, 0xff, 0xf6,
    0x0, 0x3, 0x44, 0xbf, 0xfe, 0x0, 0x0, 0x0,
    0x0, 0x2, 0xff, 0xf6, 0x0, 0x9, 0xff, 0xff,
    0xfd, 0x0, 0x0, 0x0, 0x0, 0x2, 0xff, 0xf6,
    0x0, 0x4, 0xff, 0xff, 0xf8, 0x0, 0x0, 0x0,
    0x0, 0x2, 0xff, 0xf5, 0x0, 0x0, 0xff, 0xeb,
    0x70, 0x0, 0x0, 0x0, 0x0, 0x0, 0x0, 0x0,
    0x0, 0x0, 0x0, 0x0, 0x0, 0x0, 0x0, 0x0,

    /* U+5B8C "完" */
    0x0, 0x0, 0x0, 0x0, 0x0, 0x15, 0x94, 0x0,
    0x0, 0x0, 0x0, 0x0, 0x0, 0x0, 0x0, 0x0,
    0x3, 0xff, 0xfb, 0x0, 0x0, 0x0, 0x0, 0x0,
    0x1, 0x33, 0x33, 0x33, 0x33, 0xff, 0xff, 0x53,
    0x33, 0x33, 0x33, 0x10, 0x5, 0xff, 0xff, 0xff,
    0xff, 0xff, 0xff, 0xff, 0xff, 0xff, 0xff, 0x80,
    0x5, 0xff, 0xff, 0xff, 0xff, 0xff, 0xff, 0xff,
    0xff, 0xff, 0xff, 0x80, 0x5, 0xff, 0xff, 0xff,
    0xff, 0xff, 0xff, 0xff, 0xff, 0xff, 0xff, 0x80,
    0x5, 0xff, 0xf3, 0x11, 0x11, 0x11, 0x11, 0x11,
    0x11, 0x3f, 0xff, 0x80, 0x5, 0xff, 0xf2, 0x55,
    0x55, 0x55, 0x55, 0x55, 0x55, 0x2f, 0xff, 0x80,
    0x5, 0xff, 0xf3, 0xff, 0xff, 0xff, 0xff, 0xff,
    0xff, 0x2f, 0xff, 0x80, 0x0, 0x22, 0x21, 0xff,
    0xff, 0xff, 0xff, 0xff, 0xff, 0x2, 0x22, 0x10,
    0x0, 0x0, 0x1, 0xdd, 0xdd, 0xdd, 0xdd, 0xdd,
    0xdd, 0x0, 0x0, 0x0, 0x2, 0x22, 0x22, 0x22,
    0x22, 0x22, 0x22, 0x22, 0x22, 0x22, 0x22, 0x20,
    0xb, 0xff, 0xff, 0xff, 0xff, 0xff, 0xff, 0xff,
    0xff, 0xff, 0xff, 0xe0, 0xb, 0xff, 0xff, 0xff,
    0xff, 0xff, 0xff, 0xff, 0xff, 0xff, 0xff, 0xe0,
    0xb, 0xff, 0xff, 0xff, 0xff, 0xff, 0xff, 0xff,
    0xff, 0xff, 0xff, 0xe0, 0x0, 0x11, 0x11, 0x3f,
    0xff, 0x81, 0x1c, 0xff, 0xc1, 0x11, 0x11, 0x10,
    0x0, 0x0, 0x0, 0x4f, 0xff, 0x50, 0xc, 0xff,
    0xc0, 0x0, 0x0, 0x0, 0x0, 0x0, 0x0, 0x9f,
    0xff, 0x20, 0xc, 0xff, 0xc0, 0x0, 0x94, 0x0,
    0x0, 0x0, 0x3, 0xff, 0xfe, 0x0, 0xc, 0xff,
    0xc0, 0x0, 0xdf, 0xe4, 0x0, 0x4, 0x9f, 0xff,
    0xf8, 0x0, 0xb, 0xff, 0xe3, 0x24, 0xff, 0xf3,
    0xc, 0xff, 0xff, 0xff, 0xc0, 0x0, 0xa, 0xff,
    0xff, 0xff, 0xff, 0xf0, 0x5, 0xff, 0xff, 0xf9,
    0x0, 0x0, 0x5, 0xff, 0xff, 0xff, 0xff, 0x90,
    0x0, 0xcf, 0xd8, 0x20, 0x0, 0x0, 0x0, 0x6d,
    0xff, 0xff, 0xe9, 0x0, 0x0, 0x21, 0x0, 0x0,
    0x0, 0x0, 0x0, 0x0, 0x0, 0x0, 0x0, 0x0,

    /* U+5B98 "官" */
    0x0, 0x0, 0x0, 0x0, 0x3, 0x7b, 0xa0, 0x0,
    0x0, 0x0, 0x0, 0x0, 0x0, 0x0, 0x0, 0xb,
    0xff, 0xf2, 0x0, 0x0, 0x0, 0x0, 0x9f, 0xff,
    0xff, 0xff, 0xff, 0xff, 0xff, 0xff, 0xff, 0xff,
    0xfa, 0x9f, 0xff, 0xff, 0xff, 0xff, 0xff, 0xff,
    0xff, 0xff, 0xff, 0xfa, 0x9f, 0xff, 0xff, 0xff,
    0xff, 0xff, 0xff, 0xff, 0xff, 0xff, 0xfa, 0x9f,
    0xff, 0x44, 0x44, 0x44, 0x44, 0x44, 0x44, 0x45,
    0xff, 0xfa, 0x9f, 0xfe, 0x22, 0x22, 0x22, 0x22,
    0x22, 0x22, 0x23, 0xff, 0xfa, 0x0, 0x9, 0xff,
    0xff, 0xff, 0xff, 0xff, 0xff, 0xff, 0x90, 0x0,
    0x0, 0x9, 0xff, 0xff, 0xff, 0xff, 0xff, 0xff,
    0xff, 0x90, 0x0, 0x0, 0x9, 0xff, 0xfc, 0xcc,
    0xcc, 0xcc, 0xcf, 0xff, 0x90, 0x0, 0x0, 0x9,
    0xff, 0xf0, 0x0, 0x0, 0x0, 0xe, 0xff, 0x90,
    0x0, 0x0, 0x9, 0xff, 0xff, 0xff, 0xff, 0xff,
    0xff, 0xff, 0x90, 0x0, 0x0, 0x9, 0xff, 0xff,
    0xff, 0xff, 0xff, 0xff, 0xff, 0x90, 0x0, 0x0,
    0x9, 0xff, 0xfe, 0xee, 0xee, 0xee, 0xee, 0xee,
    0x80, 0x0, 0x0, 0x9, 0xff, 0xf0, 0x0, 0x0,
    0x0, 0x0, 0x0, 0x0, 0x0, 0x0, 0x9, 0xff,
    0xff, 0xff, 0xff, 0xff, 0xff, 0xff, 0xf7, 0x0,
    0x0, 0x9, 0xff, 0xff, 0xff, 0xff, 0xff, 0xff,
    0xff, 0xf7, 0x0, 0x0, 0x9, 0xff, 0xff, 0xff,
    0xff, 0xff, 0xff, 0xff, 0xf7, 0x0, 0x0, 0x9,
    0xff, 0xe0, 0x0, 0x0, 0x0, 0x2, 0xff, 0xf7,
    0x0, 0x0, 0x9, 0xff, 0xfe, 0xee, 0xee, 0xee,
    0xee, 0xff, 0xf7, 0x0, 0x0, 0x9, 0xff, 0xff,
    0xff, 0xff, 0xff, 0xff, 0xff, 0xf7, 0x0, 0x0,
    0x9, 0xff, 0xff, 0xff, 0xff, 0xff, 0xff, 0xff,
    0xf7, 0x0, 0x0, 0x9, 0xff, 0xf1, 0x11, 0x11,
    0x11, 0x13, 0xee, 0xe6, 0x0,

    /* U+5B9A "定" */
    0x0, 0x0, 0x0, 0x0, 0x0, 0x26, 0xa2, 0x0,
    0x0, 0x0, 0x0, 0x0, 0x0, 0x0, 0x0, 0x0,
    0x5, 0xff, 0xf9, 0x0, 0x0, 0x0, 0x0, 0x0,
    0x0, 0x11, 0x11, 0x11, 0x11, 0xff, 0xff, 0x11,
    0x11, 0x11, 0x11, 0x0, 0x7, 0xff, 0xff, 0xff,
    0xff, 0xff, 0xff, 0xff, 0xff, 0xff, 0xff, 0x80,
    0x7, 0xff, 0xff, 0xff, 0xff, 0xff, 0xff, 0xff,
    0xff, 0xff, 0xff, 0x80, 0x7, 0xff, 0xff, 0xff,
    0xff, 0xff, 0xff, 0xff, 0xff, 0xff, 0xff, 0x80,
    0x7, 0xff, 0xf3, 0x33, 0x33, 0x33, 0x33, 0x33,
    0x33, 0x4f, 0xff, 0x80, 0x7, 0xff, 0xf1, 0x22,
    0x22, 0x22, 0x22, 0x22, 0x22, 0x2f, 0xff, 0x80,
    0x7, 0xff, 0xf7, 0xff, 0xff, 0xff, 0xff, 0xff,
    0xff, 0x7f, 0xff, 0x80, 0x3, 0x66, 0x67, 0xff,
    0xff, 0xff, 0xff, 0xff, 0xff, 0x76, 0x66, 0x30,
    0x0, 0x0, 0x7, 0xff, 0xff, 0xff, 0xff, 0xff,
    0xff, 0x60, 0x0, 0x0, 0x0, 0x0, 0x1, 0x22,
    0x22, 0xef, 0xfc, 0x22, 0x22, 0x10, 0x0, 0x0,
    0x0, 0x0, 0x8f, 0xec, 0x0, 0xef, 0xfb, 0x0,
    0x0, 0x0, 0x0, 0x0, 0x0, 0x0, 0xbf, 0xfd,
    0x0, 0xef, 0xfd, 0x55, 0x55, 0x55, 0x0, 0x0,
    0x0, 0x0, 0xdf, 0xfa, 0x0, 0xef, 0xff, 0xff,
    0xff, 0xff, 0x0, 0x0, 0x0, 0x1, 0xff, 0xfc,
    0x0, 0xef, 0xff, 0xff, 0xff, 0xff, 0x0, 0x0,
    0x0, 0x6, 0xff, 0xff, 0x50, 0xef, 0xff, 0xee,
    0xee, 0xee, 0x0, 0x0, 0x0, 0xc, 0xff, 0xff,
    0xe2, 0xef, 0xfb, 0x0, 0x0, 0x0, 0x0, 0x0,
    0x0, 0x5f, 0xff, 0xff, 0xfe, 0xff, 0xfb, 0x0,
    0x0, 0x0, 0x0, 0x0, 0x1, 0xef, 0xff, 0x8f,
    0xff, 0xff, 0xfe, 0x87, 0x77, 0x77, 0x77, 0x82,
    0x1d, 0xff, 0xf9, 0x7, 0xff, 0xff, 0xff, 0xff,
    0xff, 0xff, 0xff, 0xd0, 0x1c, 0xff, 0xe1, 0x0,
    0x5d, 0xff, 0xff, 0xff, 0xff, 0xff, 0xff, 0x80,
    0x0, 0x9e, 0x20, 0x0, 0x0, 0x48, 0xce, 0xef,
    0xff, 0xff, 0xff, 0x30, 0x0, 0x2, 0x0, 0x0,
    0x0, 0x0, 0x0, 0x0, 0x0, 0x0, 0x0, 0x0,

    /* U+5C0F "小" */
    0x0, 0x0, 0x0, 0x0, 0x0, 0x56, 0x66, 0x0,
    0x0, 0x0, 0x0, 0x0, 0x0, 0x0, 0x0, 0x0,
    0x0, 0xdf, 0xff, 0x0, 0x0, 0x0, 0x0, 0x0,
    0x0, 0x0, 0x0, 0x0, 0x0, 0xdf, 0xff, 0x0,
    0x0, 0x0, 0x0, 0x0, 0x0, 0x0, 0x0, 0x0,
    0x0, 0xdf, 0xff, 0x0, 0x0, 0x0, 0x0, 0x0,
    0x0, 0x0, 0x0, 0x0, 0x0, 0xdf, 0xff, 0x0,
    0x0, 0x0, 0x0, 0x0, 0x0, 0x0, 0x0, 0x0,
    0x0, 0xdf, 0xff, 0x0, 0x0, 0x1, 0x0, 0x0,
    0x0, 0x3, 0xdb, 0x84, 0x0, 0xdf, 0xff, 0x0,
    0x39, 0xeb, 0x0, 0x0, 0x0, 0x6, 0xff, 0xf9,
    0x0, 0xdf, 0xff, 0x0, 0xdf, 0xff, 0x30, 0x0,
    0x0, 0xa, 0xff, 0xf5, 0x0, 0xdf, 0xff, 0x0,
    0x7f, 0xff, 0xa0, 0x0, 0x0, 0xe, 0xff, 0xf1,
    0x0, 0xdf, 0xff, 0x0, 0xf, 0xff, 0xf2, 0x0,
    0x0, 0x2f, 0xff, 0xc0, 0x0, 0xdf, 0xff, 0x0,
    0x9, 0xff, 0xfa, 0x0, 0x0, 0x7f, 0xff, 0x80,
    0x0, 0xdf, 0xff, 0x0, 0x2, 0xff, 0xff, 0x20,
    0x0, 0xef, 0xff, 0x30, 0x0, 0xdf, 0xff, 0x0,
    0x0, 0xbf, 0xff, 0x70, 0x4, 0xff, 0xfd, 0x0,
    0x0, 0xdf, 0xff, 0x0, 0x0, 0x5f, 0xff, 0xd0,
    0xd, 0xff, 0xf7, 0x0, 0x0, 0xdf, 0xff, 0x0,
    0x0, 0xf, 0xff, 0xf3, 0x5f, 0xff, 0xe1, 0x0,
    0x0, 0xdf, 0xff, 0x0, 0x0, 0xa, 0xff, 0xf7,
    0x4, 0xcf, 0x60, 0x0, 0x0, 0xdf, 0xff, 0x0,
    0x0, 0x6, 0xff, 0xf8, 0x0, 0x5, 0x0, 0x0,
    0x0, 0xdf, 0xff, 0x0, 0x0, 0x3, 0xe7, 0x10,
    0x0, 0x0, 0x0, 0x0, 0x0, 0xdf, 0xff, 0x0,
    0x0, 0x0, 0x0, 0x0, 0x0, 0x0, 0x2, 0x88,
    0x88, 0xff, 0xff, 0x0, 0x0, 0x0, 0x0, 0x0,
    0x0, 0x0, 0x0, 0xef, 0xff, 0xff, 0xfc, 0x0,
    0x0, 0x0, 0x0, 0x0, 0x0, 0x0, 0x0, 0x8f,
    0xff, 0xff, 0xf5, 0x0, 0x0, 0x0, 0x0, 0x0,
    0x0, 0x0, 0x0, 0x3f, 0xff, 0xd9, 0x40, 0x0,
    0x0, 0x0, 0x0, 0x0, 0x0, 0x0, 0x0, 0x0,
    0x0, 0x0, 0x0, 0x0, 0x0, 0x0, 0x0, 0x0,

    /* U+5C11 "少" */
    0x0, 0x0, 0x0, 0x0, 0x0, 0x33, 0x31, 0x0,
    0x0, 0x0, 0x0, 0x0, 0x0, 0x0, 0x0, 0x0,
    0x0, 0xff, 0xf7, 0x0, 0x0, 0x0, 0x0, 0x0,
    0x0, 0x0, 0x0, 0x0, 0x0, 0xff, 0xf7, 0x0,
    0x0, 0x0, 0x0, 0x0, 0x0, 0x0, 0x0, 0x0,
    0x0, 0xff, 0xf7, 0x0, 0x0, 0x0, 0x0, 0x0,
    0x0, 0x0, 0x2c, 0x84, 0x0, 0xff, 0xf7, 0x0,
    0x5, 0xd2, 0x0, 0x0, 0x0, 0x0, 0x9f, 0xff,
    0x20, 0xff, 0xf7, 0x0, 0xcf, 0xfb, 0x0, 0x0,
    0x0, 0x0, 0xff, 0xfa, 0x0, 0xff, 0xf7, 0x0,
    0x6f, 0xff, 0x50, 0x0, 0x0, 0x6, 0xff, 0xf3,
    0x0, 0xff, 0xf7, 0x0, 0xd, 0xff, 0xe0, 0x0,
    0x0, 0xd, 0xff, 0xc0, 0x0, 0xff, 0xf7, 0x0,
    0x4, 0xff, 0xf8, 0x0, 0x0, 0x7f, 0xff, 0x50,
    0x0, 0xff, 0xf7, 0x0, 0x0, 0xbf, 0xff, 0x10,
    0x1, 0xef, 0xfc, 0x0, 0x0, 0xff, 0xf7, 0x0,
    0x0, 0x3f, 0xff, 0x90, 0xb, 0xff, 0xf4, 0x0,
    0x0, 0xff, 0xf7, 0x0, 0x0, 0xb, 0xff, 0xf1,
    0x6, 0xdf, 0xa0, 0x0, 0x0, 0xff, 0xf7, 0x0,
    0x0, 0x3, 0xfe, 0x50, 0x0, 0x7, 0x10, 0x0,
    0x0, 0xff, 0xf7, 0x0, 0x1b, 0x50, 0x60, 0x0,
    0x0, 0x0, 0x0, 0x0, 0x0, 0xff, 0xf7, 0x0,
    0xaf, 0xfe, 0x30, 0x0, 0x0, 0x0, 0x0, 0x0,
    0x0, 0xdd, 0xd6, 0x9, 0xff, 0xfd, 0x0, 0x0,
    0x0, 0x0, 0x0, 0x0, 0x0, 0x0, 0x2, 0xbf,
    0xff, 0xf2, 0x0, 0x0, 0x0, 0x0, 0x0, 0x0,
    0x0, 0x1, 0x9f, 0xff, 0xff, 0x30, 0x0, 0x0,
    0x0, 0x0, 0x0, 0x0, 0x15, 0xaf, 0xff, 0xff,
    0xe3, 0x0, 0x0, 0x0, 0x0, 0x13, 0x56, 0x9d,
    0xff, 0xff, 0xff, 0xfa, 0x10, 0x0, 0x0, 0x0,
    0x4f, 0xff, 0xff, 0xff, 0xff, 0xff, 0xfc, 0x30,
    0x0, 0x0, 0x0, 0x0, 0xc, 0xff, 0xff, 0xff,
    0xff, 0xc7, 0x20, 0x0, 0x0, 0x0, 0x0, 0x0,
    0x5, 0xff, 0xfe, 0xc9, 0x61, 0x0, 0x0, 0x0,
    0x0, 0x0, 0x0, 0x0, 0x0, 0x63, 0x10, 0x0,
    0x0, 0x0, 0x0, 0x0, 0x0, 0x0, 0x0, 0x0,

    /* U+5C1D "尝" */
    0x0, 0x0, 0x0, 0x0, 0x5, 0x55, 0x40, 0x0,
    0x0, 0x0, 0x0, 0x0, 0x6, 0xce, 0x10, 0xe,
    0xff, 0xc0, 0x2, 0xea, 0x62, 0x0, 0x0, 0x7f,
    0xff, 0xb0, 0xe, 0xff, 0xc0, 0xa, 0xff, 0xfa,
    0x0, 0x0, 0xd, 0xff, 0xf3, 0xe, 0xff, 0xc0,
    0x5f, 0xff, 0xb0, 0x0, 0x49, 0x9c, 0xff, 0xc9,
    0x9f, 0xff, 0xe9, 0xae, 0xff, 0xa9, 0x92, 0x6f,
    0xff, 0xff, 0xff, 0xff, 0xff, 0xff, 0xff, 0xff,
    0xff, 0xf3, 0x6f, 0xff, 0xff, 0xff, 0xff, 0xff,
    0xff, 0xff, 0xff, 0xff, 0xf3, 0x6f, 0xff, 0x65,
    0x55, 0x55, 0x55, 0x55, 0x55, 0x5b, 0xff, 0xf3,
    0x6f, 0xff, 0x65, 0x55, 0x55, 0x55, 0x55, 0x55,
    0x5a, 0xff, 0xf3, 0x49, 0xaf, 0xff, 0xff, 0xff,
    0xff, 0xff, 0xff, 0xff, 0xd9, 0x92, 0x0, 0xf,
    0xff, 0xff, 0xff, 0xff, 0xff, 0xff, 0xff, 0x80,
    0x0, 0x0, 0xf, 0xff, 0xff, 0xff, 0xff, 0xff,
    0xff, 0xff, 0x70, 0x0, 0x0, 0x0, 0x0, 0x0,
    0x0, 0x0, 0x0, 0x0, 0x0, 0x0, 0x0, 0xef,
    0xff, 0xff, 0xff, 0xff, 0xff, 0xff, 0xff, 0xff,
    0xff, 0xfb, 0xef, 0xff, 0xff, 0xff, 0xff, 0xff,
    0xff, 0xff, 0xff, 0xff, 0xfb, 0xef, 0xff, 0xff,
    0xff, 0xff, 0xff, 0xff, 0xff, 0xff, 0xff, 0xfb,
    0x44, 0x44, 0x5e, 0xff, 0xff, 0x64, 0x45, 0xcf,
    0xd4, 0x44, 0x43, 0x0, 0x0, 0xbf, 0xff, 0xf4,
    0x0, 0xd, 0xff, 0xf9, 0x0, 0x0, 0x0, 0x1c,
    0xff, 0xff, 0x40, 0x1, 0x26, 0xff, 0xff, 0x80,
    0x0, 0x6, 0xef, 0xff, 0xff, 0xdf, 0xff, 0xff,
    0xff, 0xff, 0xf6, 0x0, 0x7, 0xff, 0xff, 0xff,
    0xff, 0xff, 0xff, 0xff, 0xff, 0xff, 0x30, 0x1,
    0xff, 0xff, 0xff, 0xff, 0xff, 0xfd, 0xca, 0xcf,
    0xff, 0xb0, 0x0, 0xcf, 0xca, 0x86, 0x53, 0x20,
    0x0, 0x0, 0xd, 0xe5, 0x0, 0x0, 0x10, 0x0,
    0x0, 0x0, 0x0, 0x0, 0x0, 0x2, 0x0, 0x0,

    /* U+5C31 "就" */
    0x0, 0x0, 0x0, 0x13, 0x0, 0x0, 0x0, 0x3,
    0x33, 0x10, 0x0, 0x0, 0x0, 0x0, 0x4e, 0xff,
    0x0, 0x0, 0x0, 0xe, 0xff, 0x52, 0x50, 0x0,
    0x0, 0x0, 0x2f, 0xff, 0x50, 0x0, 0x0, 0xe,
    0xff, 0xcf, 0xf4, 0x0, 0xa, 0xaa, 0xaf, 0xff,
    0xda, 0xaa, 0x0, 0xe, 0xff, 0xaf, 0xff, 0x10,
    0xf, 0xff, 0xff, 0xff, 0xff, 0xff, 0x0, 0xe,
    0xff, 0x59, 0xff, 0xa0, 0xf, 0xff, 0xff, 0xff,
    0xff, 0xff, 0x0, 0xf, 0xff, 0x40, 0xef, 0x80,
    0x5, 0x55, 0x55, 0x55, 0x55, 0x55, 0x23, 0x3f,
    0xff, 0x73, 0x86, 0x31, 0x1, 0xdd, 0xdd, 0xdd,
    0xdd, 0xd3, 0xaf, 0xff, 0xff, 0xff, 0xff, 0xf4,
    0x1, 0xff, 0xff, 0xff, 0xff, 0xf4, 0xaf, 0xff,
    0xff, 0xff, 0xff, 0xf4, 0x1, 0xff, 0xfd, 0xdd,
    0xff, 0xf4, 0x9d, 0xef, 0xff, 0xdd, 0xdd, 0xd3,
    0x1, 0xff, 0xd0, 0x0, 0xdf, 0xf4, 0x0, 0x3f,
    0xff, 0x87, 0x0, 0x0, 0x1, 0xff, 0xff, 0xff,
    0xff, 0xf4, 0x0, 0x5f, 0xff, 0xfe, 0x0, 0x0,
    0x1, 0xff, 0xff, 0xff, 0xff, 0xf4, 0x0, 0x8f,
    0xff, 0xfe, 0x0, 0x0, 0x1, 0xaa, 0xae, 0xff,
    0xca, 0xc3, 0x0, 0xbf, 0xff, 0xfe, 0x0, 0x0,
    0x0, 0xbb, 0x8c, 0xff, 0x8b, 0xf1, 0x0, 0xff,
    0xff, 0xfe, 0x0, 0x0, 0x0, 0xff, 0xeb, 0xff,
    0xaf, 0xf9, 0x4, 0xff, 0xff, 0xfe, 0x0, 0x0,
    0x4, 0xff, 0xab, 0xff, 0x5e, 0xff, 0xa, 0xff,
    0xbf, 0xfe, 0x0, 0x0, 0x9, 0xff, 0x5b, 0xff,
    0x58, 0xff, 0x7f, 0xff, 0x5f, 0xfe, 0xc, 0x60,
    0x1f, 0xff, 0xb, 0xff, 0x53, 0xe8, 0xbf, 0xfc,
    0x2f, 0xfe, 0xe, 0xfc, 0x6f, 0xfa, 0xb, 0xff,
    0x50, 0x5, 0xff, 0xf5, 0x2f, 0xfe, 0xf, 0xfb,
    0x7, 0xfb, 0xdf, 0xff, 0x40, 0x3f, 0xff, 0xb0,
    0x1f, 0xff, 0xdf, 0xf9, 0x0, 0x25, 0xff, 0xff,
    0x10, 0x3e, 0xfe, 0x10, 0xd, 0xff, 0xff, 0xf4,
    0x0, 0x0, 0xff, 0xc4, 0x0, 0x1, 0xd4, 0x0,
    0x2, 0x9c, 0xca, 0x50, 0x0, 0x0, 0x0, 0x0,
    0x0, 0x0, 0x0, 0x0, 0x0, 0x0, 0x0, 0x0,

    /* U+5C4F "屏" */
    0x0, 0x4c, 0xcc, 0xcc, 0xcc, 0xcc, 0xcc, 0xcc,
    0xcc, 0xcc, 0xcc, 0x50, 0x0, 0x5f, 0xff, 0xff,
    0xff, 0xff, 0xff, 0xff, 0xff, 0xff, 0xff, 0x60,
    0x0, 0x5f, 0xff, 0xff, 0xff, 0xff, 0xff, 0xff,
    0xff, 0xff, 0xff, 0x60, 0x0, 0x5f, 0xff, 0x42,
    0x22, 0x22, 0x22, 0x22, 0x22, 0x6f, 0xff, 0x60,
    0x0, 0x5f, 0xff, 0xcc, 0xcc, 0xcc, 0xcc, 0xcc,
    0xcc, 0xdf, 0xff, 0x60, 0x0, 0x5f, 0xff, 0xff,
    0xff, 0xff, 0xff, 0xff, 0xff, 0xff, 0xff, 0x60,
    0x0, 0x5f, 0xff, 0xff, 0xff, 0xff, 0xff, 0xff,
    0xff, 0xff, 0xff, 0x60, 0x0, 0x5f, 0xff, 0x42,
    0x5c, 0xff, 0x42, 0x22, 0x6f, 0xd9, 0x52, 0x10,
    0x0, 0x5f, 0xff, 0x20, 0x3f, 0xff, 0x60, 0x0,
    0xaf, 0xff, 0x30, 0x0, 0x0, 0x5f, 0xff, 0x6c,
    0xcf, 0xfd, 0xcc, 0xcc, 0xff, 0xff, 0xcc, 0x60,
    0x0, 0x6f, 0xff, 0x6f, 0xff, 0xff, 0xff, 0xff,
    0xff, 0xff, 0xff, 0x80, 0x0, 0x6f, 0xff, 0x6f,
    0xff, 0xff, 0xff, 0xff, 0xff, 0xff, 0xff, 0x80,
    0x0, 0x7f, 0xff, 0x10, 0x7, 0xff, 0xe0, 0x1,
    0xff, 0xf7, 0x0, 0x0, 0x0, 0x8f, 0xff, 0x0,
    0x7, 0xff, 0xe0, 0x1, 0xff, 0xf6, 0x0, 0x0,
    0x0, 0xaf, 0xfe, 0xad, 0xde, 0xff, 0xfd, 0xdd,
    0xff, 0xfe, 0xdd, 0xd3, 0x0, 0xcf, 0xfc, 0xcf,
    0xff, 0xff, 0xff, 0xff, 0xff, 0xff, 0xff, 0xf3,
    0x0, 0xff, 0xf9, 0xcf, 0xff, 0xff, 0xff, 0xff,
    0xff, 0xff, 0xff, 0xf3, 0x4, 0xff, 0xf5, 0x0,
    0x7f, 0xff, 0x80, 0x1, 0xff, 0xf7, 0x0, 0x0,
    0xb, 0xff, 0xf1, 0x6, 0xff, 0xff, 0x20, 0x1,
    0xff, 0xf6, 0x0, 0x0, 0x3f, 0xff, 0xd0, 0xbf,
    0xff, 0xf8, 0x0, 0x1, 0xff, 0xf6, 0x0, 0x0,
    0x3d, 0xff, 0x50, 0x2e, 0xff, 0x90, 0x0, 0x1,
    0xff, 0xf6, 0x0, 0x0, 0x0, 0x7c, 0x0, 0x4,
    0xd5, 0x0, 0x0, 0x1, 0xff, 0xf6, 0x0, 0x0,
    0x0, 0x0, 0x0, 0x0, 0x0, 0x0, 0x0, 0x0,
    0x0, 0x0, 0x0, 0x0,

    /* U+5DE6 "左" */
    0x0, 0x0, 0x0, 0x0, 0x22, 0x0, 0x0, 0x0,
    0x0, 0x0, 0x0, 0x0, 0x0, 0x0, 0x0, 0x0,
    0xdf, 0xfc, 0x0, 0x0, 0x0, 0x0, 0x0, 0x0,
    0x0, 0x0, 0x0, 0x0, 0xff, 0xfb, 0x0, 0x0,
    0x0, 0x0, 0x0, 0x0, 0x0, 0x0, 0x0, 0x2,
    0xff, 0xf8, 0x0, 0x0, 0x0, 0x0, 0x0, 0x0,
    0x4, 0x66, 0x66, 0x69, 0xff, 0xfa, 0x66, 0x66,
    0x66, 0x66, 0x66, 0x60, 0x9, 0xff, 0xff, 0xff,
    0xff, 0xff, 0xff, 0xff, 0xff, 0xff, 0xff, 0xe0,
    0x9, 0xff, 0xff, 0xff, 0xff, 0xff, 0xff, 0xff,
    0xff, 0xff, 0xff, 0xe0, 0x8, 0xee, 0xee, 0xef,
    0xff, 0xfe, 0xee, 0xee, 0xee, 0xee, 0xee, 0xd0,
    0x0, 0x0, 0x0, 0x4f, 0xff, 0x50, 0x0, 0x0,
    0x0, 0x0, 0x0, 0x0, 0x0, 0x0, 0x0, 0x9f,
    0xff, 0x10, 0x0, 0x0, 0x0, 0x0, 0x0, 0x0,
    0x0, 0x0, 0x0, 0xef, 0xfc, 0x11, 0x11, 0x11,
    0x11, 0x11, 0x11, 0x0, 0x0, 0x0, 0x4, 0xff,
    0xff, 0xff, 0xff, 0xff, 0xff, 0xff, 0xff, 0x80,
    0x0, 0x0, 0xb, 0xff, 0xff, 0xff, 0xff, 0xff,
    0xff, 0xff, 0xff, 0x80, 0x0, 0x0, 0x2f, 0xff,
    0xaf, 0xff, 0xff, 0xff, 0xff, 0xff, 0xff, 0x80,
    0x0, 0x0, 0xaf, 0xff, 0x13, 0x33, 0x3d, 0xff,
    0xd3, 0x33, 0x33, 0x10, 0x0, 0x4, 0xff, 0xf9,
    0x0, 0x0, 0xc, 0xff, 0xd0, 0x0, 0x0, 0x0,
    0x0, 0xd, 0xff, 0xf1, 0x0, 0x0, 0xc, 0xff,
    0xd0, 0x0, 0x0, 0x0, 0x0, 0xaf, 0xff, 0x90,
    0x0, 0x0, 0xc, 0xff, 0xd0, 0x0, 0x0, 0x0,
    0x9, 0xff, 0xfe, 0x10, 0x0, 0x0, 0xc, 0xff,
    0xd0, 0x0, 0x0, 0x0, 0x5f, 0xff, 0xf4, 0x45,
    0x55, 0x55, 0x5d, 0xff, 0xe5, 0x55, 0x55, 0x51,
    0xa, 0xff, 0x70, 0xcf, 0xff, 0xff, 0xff, 0xff,
    0xff, 0xff, 0xff, 0xf4, 0x0, 0xd8, 0x0, 0xcf,
    0xff, 0xff, 0xff, 0xff, 0xff, 0xff, 0xff, 0xf4,
    0x0, 0x10, 0x0, 0xcf, 0xff, 0xff, 0xff, 0xff,
    0xff, 0xff, 0xff, 0xf4,

    /* U+5DF2 "已" */
    0x33, 0x33, 0x33, 0x33, 0x33, 0x33, 0x33, 0x33,
    0x33, 0x0, 0x0, 0xdf, 0xff, 0xff, 0xff, 0xff,
    0xff, 0xff, 0xff, 0xff, 0x10, 0x0, 0xdf, 0xff,
    0xff, 0xff, 0xff, 0xff, 0xff, 0xff, 0xff, 0x10,
    0x0, 0xdf, 0xff, 0xff, 0xff, 0xff, 0xff, 0xff,
    0xff, 0xff, 0x10, 0x0, 0x23, 0x33, 0x33, 0x33,
    0x33, 0x33, 0x33, 0xaf, 0xff, 0x10, 0x0, 0x3,
    0x33, 0x20, 0x0, 0x0, 0x0, 0x0, 0x8f, 0xff,
    0x10, 0x0, 0x1f, 0xff, 0x80, 0x0, 0x0, 0x0,
    0x0, 0x8f, 0xff, 0x10, 0x0, 0x1f, 0xff, 0x80,
    0x0, 0x0, 0x0, 0x0, 0x8f, 0xff, 0x10, 0x0,
    0x1f, 0xff, 0xb5, 0x55, 0x55, 0x55, 0x55, 0xbf,
    0xff, 0x10, 0x0, 0x1f, 0xff, 0xff, 0xff, 0xff,
    0xff, 0xff, 0xff, 0xff, 0x10, 0x0, 0x1f, 0xff,
    0xff, 0xff, 0xff, 0xff, 0xff, 0xff, 0xff, 0x10,
    0x0, 0x1f, 0xff, 0xff, 0xff, 0xff, 0xff, 0xff,
    0xff, 0xff, 0x10, 0x0, 0x1f, 0xff, 0x91, 0x11,
    0x11, 0x11, 0x11, 0x9f, 0xff, 0x10, 0x0, 0x1f,
    0xff, 0x80, 0x0, 0x0, 0x0, 0x0, 0x12, 0x22,
    0x0, 0x0, 0x1f, 0xff, 0x80, 0x0, 0x0, 0x0,
    0x0, 0x0, 0x3, 0x50, 0x0, 0x1f, 0xff, 0x80,
    0x0, 0x0, 0x0, 0x0, 0x0, 0x6, 0xfe, 0x91,
    0x1f, 0xff, 0x90, 0x0, 0x0, 0x0, 0x0, 0x0,
    0xa, 0xff, 0xf2, 0xf, 0xff, 0xc1, 0x0, 0x0,
    0x0, 0x0, 0x0, 0x5f, 0xff, 0xe0, 0xd, 0xff,
    0xff, 0xff, 0xff, 0xff, 0xff, 0xff, 0xff, 0xff,
    0xa0, 0x6, 0xff, 0xff, 0xff, 0xff, 0xff, 0xff,
    0xff, 0xff, 0xff, 0x10, 0x0, 0x9f, 0xff, 0xff,
    0xff, 0xff, 0xff, 0xff, 0xff, 0xd4, 0x0, 0x0,
    0x1, 0x57, 0x88, 0x88, 0x88, 0x88, 0x88, 0x74,
    0x0, 0x0,

    /* U+5E55 "幕" */
    0x0, 0x0, 0x0, 0x35, 0x54, 0x0, 0x0, 0x55,
    0x52, 0x0, 0x0, 0x0, 0x4, 0x66, 0x66, 0xcf,
    0xfd, 0x66, 0x66, 0xff, 0xfb, 0x66, 0x66, 0x30,
    0xa, 0xff, 0xff, 0xff, 0xff, 0xff, 0xff, 0xff,
    0xff, 0xff, 0xff, 0x80, 0xa, 0xff, 0xff, 0xff,
    0xff, 0xff, 0xff, 0xff, 0xff, 0xff, 0xff, 0x80,
    0x3, 0x55, 0x55, 0xbf, 0xfc, 0x55, 0x55, 0xef,
    0xfa, 0x55, 0x55, 0x20, 0x0, 0x8, 0xbb, 0xbb,
    0xbb, 0xbb, 0xbb, 0xbb, 0xbb, 0xbb, 0x80, 0x0,
    0x0, 0xb, 0xff, 0xff, 0xff, 0xff, 0xff, 0xff,
    0xff, 0xff, 0xb0, 0x0, 0x0, 0xb, 0xff, 0xb5,
    0x55, 0x55, 0x55, 0x55, 0x5d, 0xff, 0xb0, 0x0,
    0x0, 0xb, 0xff, 0xff, 0xff, 0xff, 0xff, 0xff,
    0xff, 0xff, 0xb0, 0x0, 0x0, 0xb, 0xff, 0xec,
    0xcc, 0xcc, 0xcc, 0xcc, 0xcf, 0xff, 0xb0, 0x0,
    0x0, 0xb, 0xff, 0xd8, 0x88, 0x88, 0x88, 0x88,
    0x8e, 0xff, 0xb0, 0x0, 0x0, 0xb, 0xff, 0xff,
    0xff, 0xff, 0xff, 0xff, 0xff, 0xff, 0xb0, 0x0,
    0x0, 0x4, 0x66, 0x6d, 0xff, 0xf6, 0x66, 0x66,
    0x66, 0x66, 0x40, 0x0, 0xe, 0xff, 0xff, 0xff,
    0xff, 0xff, 0xff, 0xff, 0xff, 0xff, 0xff, 0xc0,
    0xe, 0xff, 0xff, 0xff, 0xff, 0xff, 0xff, 0xff,
    0xff, 0xff, 0xff, 0xc0, 0x9, 0x9a, 0xff, 0xff,
    0xe9, 0xff, 0xfd, 0x9e, 0xff, 0xfc, 0x99, 0x70,
    0x1, 0x6e, 0xff, 0xff, 0xb8, 0xff, 0xfc, 0x8a,
    0xff, 0xff, 0xb4, 0x0, 0x4f, 0xff, 0xff, 0xff,
    0xff, 0xff, 0xff, 0xff, 0xff, 0xff, 0xff, 0xf2,
    0x9, 0xff, 0xff, 0xff, 0xff, 0xff, 0xff, 0xff,
    0xff, 0xff, 0xff, 0x60, 0x1, 0xb6, 0x2f, 0xff,
    0x52, 0xef, 0xf9, 0x35, 0xff, 0xf5, 0x69, 0x0,
    0x0, 0x0, 0x1f, 0xff, 0x30, 0xdf, 0xf8, 0xcf,
    0xff, 0xf2, 0x0, 0x0, 0x0, 0x0, 0x1f, 0xff,
    0x30, 0xdf, 0xf8, 0x7f, 0xff, 0xa0, 0x0, 0x0,
    0x0, 0x0, 0x5, 0x55, 0x10, 0xdf, 0xf8, 0x15,
    0x52, 0x0, 0x0, 0x0,

    /* U+5E8F "序" */
    0x0, 0x0, 0x0, 0x0, 0x0, 0x0, 0x26, 0x60,
    0x0, 0x0, 0x0, 0x0, 0x0, 0x0, 0x0, 0x0,
    0x0, 0xc, 0xff, 0xe0, 0x0, 0x0, 0x0, 0x0,
    0x0, 0x1, 0x11, 0x11, 0x11, 0x19, 0xff, 0xf6,
    0x11, 0x11, 0x11, 0x10, 0x0, 0x4f, 0xff, 0xff,
    0xff, 0xff, 0xff, 0xff, 0xff, 0xff, 0xff, 0xf3,
    0x0, 0x4f, 0xff, 0xff, 0xff, 0xff, 0xff, 0xff,
    0xff, 0xff, 0xff, 0xf3, 0x0, 0x4f, 0xff, 0xff,
    0xff, 0xff, 0xff, 0xff, 0xff, 0xff, 0xff, 0xf3,
    0x0, 0x4f, 0xff, 0x32, 0x22, 0x22, 0x22, 0x22,
    0x22, 0x33, 0x22, 0x20, 0x0, 0x4f, 0xff, 0x17,
    0xff, 0xff, 0xff, 0xff, 0xff, 0xff, 0x50, 0x0,
    0x0, 0x4f, 0xff, 0x17, 0xff, 0xff, 0xff, 0xff,
    0xff, 0xff, 0xf5, 0x0, 0x0, 0x5f, 0xff, 0x15,
    0xaa, 0xbc, 0xaa, 0xac, 0xff, 0xff, 0x80, 0x0,
    0x0, 0x5f, 0xff, 0x0, 0x0, 0x9f, 0x92, 0x4e,
    0xff, 0xf7, 0x0, 0x0, 0x0, 0x5f, 0xff, 0x0,
    0x9, 0xff, 0xff, 0xff, 0xfe, 0x30, 0x0, 0x0,
    0x0, 0x6f, 0xff, 0x0, 0x0, 0x6d, 0xff, 0xff,
    0xf4, 0x0, 0x0, 0x0, 0x0, 0x7f, 0xfe, 0x6e,
    0xee, 0xee, 0xff, 0xff, 0xff, 0xee, 0xfd, 0x60,
    0x0, 0x9f, 0xfc, 0x6f, 0xff, 0xff, 0xff, 0xff,
    0xff, 0xff, 0xff, 0xe0, 0x0, 0xbf, 0xfb, 0x6f,
    0xff, 0xff, 0xff, 0xff, 0xff, 0xff, 0xff, 0x60,
    0x0, 0xef, 0xf9, 0x0, 0x0, 0x0, 0x6f, 0xff,
    0x10, 0xaf, 0xfd, 0x0, 0x1, 0xff, 0xf5, 0x0,
    0x0, 0x0, 0x6f, 0xff, 0x12, 0xff, 0xf4, 0x0,
    0x5, 0xff, 0xf2, 0x0, 0x0, 0x0, 0x6f, 0xff,
    0x10, 0x17, 0x80, 0x0, 0xc, 0xff, 0xe0, 0x0,
    0x12, 0x22, 0x8f, 0xff, 0x10, 0x0, 0x0, 0x0,
    0x3f, 0xff, 0x90, 0x0, 0x3f, 0xff, 0xff, 0xff,
    0x0, 0x0, 0x0, 0x0, 0x2b, 0xff, 0x20, 0x0,
    0xc, 0xff, 0xff, 0xfb, 0x0, 0x0, 0x0, 0x0,
    0x0, 0x5b, 0x0, 0x0, 0x8, 0xff, 0xeb, 0x81,
    0x0, 0x0, 0x0, 0x0, 0x0, 0x0, 0x0, 0x0,
    0x0, 0x0, 0x0, 0x0, 0x0, 0x0, 0x0, 0x0,

    /* U+5EA6 "度" */
    0x0, 0x0, 0x0, 0x0, 0x0, 0x2, 0x7a, 0xb0,
    0x0, 0x0, 0x0, 0x0, 0x0, 0x0, 0x0, 0x0,
    0x0, 0x7, 0xff, 0xf2, 0x0, 0x0, 0x0, 0x0,
    0x0, 0x5d, 0xdd, 0xdd, 0xdd, 0xde, 0xff, 0xfe,
    0xdd, 0xdd, 0xdd, 0xd0, 0x0, 0x5f, 0xff, 0xff,
    0xff, 0xff, 0xff, 0xff, 0xff, 0xff, 0xff, 0xf0,
    0x0, 0x5f, 0xff, 0xff, 0xff, 0xff, 0xff, 0xff,
    0xff, 0xff, 0xff, 0xf0, 0x0, 0x5f, 0xff, 0x65,
    0x55, 0x55, 0x55, 0x55, 0x55, 0x55, 0x55, 0x50,
    0x0, 0x5f, 0xff, 0x10, 0x5, 0xdd, 0xc0, 0x0,
    0xcd, 0xd7, 0x0, 0x0, 0x0, 0x5f, 0xff, 0x5a,
    0xac, 0xff, 0xfa, 0xaa, 0xff, 0xfd, 0xaa, 0x80,
    0x0, 0x6f, 0xff, 0x8f, 0xff, 0xff, 0xff, 0xff,
    0xff, 0xff, 0xff, 0xc0, 0x0, 0x6f, 0xff, 0x7f,
    0xff, 0xff, 0xff, 0xff, 0xff, 0xff, 0xff, 0xc0,
    0x0, 0x6f, 0xff, 0x0, 0x6, 0xff, 0xe0, 0x0,
    0xef, 0xf8, 0x0, 0x0, 0x0, 0x6f, 0xff, 0x0,
    0x5, 0xff, 0xfe, 0xee, 0xff, 0xf8, 0x0, 0x0,
    0x0, 0x7f, 0xff, 0x0, 0x5, 0xff, 0xff, 0xff,
    0xff, 0xf8, 0x0, 0x0, 0x0, 0x9f, 0xfd, 0x0,
    0x4, 0xbb, 0xbb, 0xbb, 0xbb, 0xb6, 0x0, 0x0,
    0x0, 0xaf, 0xfc, 0x3a, 0xaa, 0xaa, 0xaa, 0xaa,
    0xaa, 0xab, 0x50, 0x0, 0x0, 0xcf, 0xfb, 0x5f,
    0xff, 0xff, 0xff, 0xff, 0xff, 0xff, 0xf9, 0x0,
    0x0, 0xef, 0xf8, 0x5f, 0xff, 0xff, 0xff, 0xff,
    0xff, 0xff, 0xe1, 0x0, 0x1, 0xff, 0xf6, 0x0,
    0xaf, 0xff, 0xa1, 0x6, 0xff, 0xff, 0x50, 0x0,
    0x5, 0xff, 0xf3, 0x0, 0x1c, 0xff, 0xfe, 0xcf,
    0xff, 0xf5, 0x0, 0x0, 0xa, 0xff, 0xf0, 0x1,
    0x35, 0xef, 0xff, 0xff, 0xff, 0x94, 0x20, 0x0,
    0xf, 0xff, 0xb4, 0xff, 0xff, 0xff, 0xff, 0xff,
    0xff, 0xff, 0xff, 0xe2, 0x4f, 0xff, 0x50, 0xcf,
    0xff, 0xff, 0xfc, 0xbf, 0xff, 0xff, 0xff, 0x60,
    0x1, 0x7e, 0x0, 0x5f, 0xda, 0x84, 0x0, 0x0,
    0x59, 0xce, 0xfc, 0x0, 0x0, 0x0, 0x0, 0x0,
    0x0, 0x0, 0x0, 0x0, 0x0, 0x0, 0x11, 0x0,

    /* U+5F00 "开" */
    0x0, 0x33, 0x33, 0x33, 0x33, 0x33, 0x33, 0x33,
    0x33, 0x33, 0x33, 0x10, 0x3, 0xff, 0xff, 0xff,
    0xff, 0xff, 0xff, 0xff, 0xff, 0xff, 0xff, 0x60,
    0x3, 0xff, 0xff, 0xff, 0xff, 0xff, 0xff, 0xff,
    0xff, 0xff, 0xff, 0x60, 0x3, 0xff, 0xff, 0xff,
    0xff, 0xff, 0xff, 0xff, 0xff, 0xff, 0xff, 0x60,
    0x0, 0x0, 0x0, 0xcf, 0xfe, 0x0, 0x0, 0x5f,
    0xff, 0x60, 0x0, 0x0, 0x0, 0x0, 0x0, 0xbf,
    0xfd, 0x0, 0x0, 0x4f, 0xff, 0x50, 0x0, 0x0,
    0x0, 0x0, 0x0, 0xbf, 0xfd, 0x0, 0x0, 0x4f,
    0xff, 0x50, 0x0, 0x0, 0x0, 0x0, 0x0, 0xbf,
    0xfd, 0x0, 0x0, 0x4f, 0xff, 0x50, 0x0, 0x0,
    0x0, 0x0, 0x0, 0xbf, 0xfd, 0x0, 0x0, 0x4f,
    0xff, 0x50, 0x0, 0x0, 0x6, 0x66, 0x66, 0xdf,
    0xfe, 0x66, 0x66, 0x9f, 0xff, 0x96, 0x66, 0x60,
    0xf, 0xff, 0xff, 0xff, 0xff, 0xff, 0xff, 0xff,
    0xff, 0xff, 0xff, 0xf0, 0xf, 0xff, 0xff, 0xff,
    0xff, 0xff, 0xff, 0xff, 0xff, 0xff, 0xff, 0xf0,
    0xf, 0xff, 0xff, 0xff, 0xff, 0xff, 0xff, 0xff,
    0xff, 0xff, 0xff, 0xf0, 0x0, 0x0, 0x3, 0xff,
    0xf8, 0x0, 0x0, 0x4f, 0xff, 0x50, 0x0, 0x0,
    0x0, 0x0, 0x8, 0xff, 0xf4, 0x0, 0x0, 0x4f,
    0xff, 0x50, 0x0, 0x0, 0x0, 0x0, 0x1f, 0xff,
    0xf1, 0x0, 0x0, 0x4f, 0xff, 0x50, 0x0, 0x0,
    0x0, 0x0, 0x9f, 0xff, 0xa0, 0x0, 0x0, 0x4f,
    0xff, 0x50, 0x0, 0x0, 0x0, 0x7, 0xff, 0xff,
    0x30, 0x0, 0x0, 0x4f, 0xff, 0x50, 0x0, 0x0,
    0x0, 0x8f, 0xff, 0xf8, 0x0, 0x0, 0x0, 0x4f,
    0xff, 0x50, 0x0, 0x0, 0xc, 0xff, 0xff, 0xc0,
    0x0, 0x0, 0x0, 0x4f, 0xff, 0x50, 0x0, 0x0,
    0x2, 0xdf, 0xfb, 0x10, 0x0, 0x0, 0x0, 0x4f,
    0xff, 0x50, 0x0, 0x0, 0x0, 0x1c, 0x80, 0x0,
    0x0, 0x0, 0x0, 0x4f, 0xff, 0x50, 0x0, 0x0,
    0x0, 0x0, 0x0, 0x0, 0x0, 0x0, 0x0, 0x0,
    0x0, 0x0, 0x0, 0x0,

    /* U+5F0F "式" */
    0x0, 0x0, 0x0, 0x0, 0x0, 0x0, 0x33, 0x31,
    0x0, 0x30, 0x0, 0x0, 0x0, 0x0, 0x0, 0x0,
    0x0, 0x4f, 0xff, 0x70, 0x9f, 0xa0, 0x0, 0x0,
    0x0, 0x0, 0x0, 0x0, 0x3, 0xff, 0xf7, 0x8f,
    0xff, 0xc1, 0x0, 0x0, 0x0, 0x0, 0x0, 0x0,
    0x3f, 0xff, 0x70, 0xaf, 0xfe, 0x20, 0x57, 0x77,
    0x77, 0x77, 0x77, 0x79, 0xff, 0xfb, 0x77, 0xef,
    0x86, 0xc, 0xff, 0xff, 0xff, 0xff, 0xff, 0xff,
    0xff, 0xff, 0xff, 0xff, 0xe0, 0xcf, 0xff, 0xff,
    0xff, 0xff, 0xff, 0xff, 0xff, 0xff, 0xff, 0xfe,
    0xc, 0xff, 0xff, 0xff, 0xff, 0xff, 0xff, 0xff,
    0xff, 0xff, 0xff, 0xe0, 0x0, 0x0, 0x0, 0x0,
    0x0, 0x0, 0xff, 0xfa, 0x0, 0x0, 0x0, 0x0,
    0x0, 0x0, 0x0, 0x0, 0x0, 0xe, 0xff, 0xc0,
    0x0, 0x0, 0x0, 0xd, 0xff, 0xff, 0xff, 0xff,
    0xf6, 0xcf, 0xfe, 0x0, 0x0, 0x0, 0x0, 0xdf,
    0xff, 0xff, 0xff, 0xff, 0x6a, 0xff, 0xf0, 0x0,
    0x0, 0x0, 0xd, 0xff, 0xff, 0xff, 0xff, 0xf6,
    0x8f, 0xff, 0x20, 0x0, 0x0, 0x0, 0x56, 0x6c,
    0xff, 0xe6, 0x66, 0x26, 0xff, 0xf4, 0x0, 0x0,
    0x0, 0x0, 0x0, 0x9f, 0xfd, 0x0, 0x0, 0x3f,
    0xff, 0x70, 0x0, 0x0, 0x0, 0x0, 0x9, 0xff,
    0xd0, 0x0, 0x0, 0xff, 0xfb, 0x0, 0x31, 0x0,
    0x0, 0x0, 0x9f, 0xfd, 0x0, 0x0, 0xc, 0xff,
    0xf0, 0x8, 0xe4, 0x0, 0x0, 0x9, 0xff, 0xe5,
    0x8a, 0xd0, 0x8f, 0xff, 0x50, 0x9f, 0xf8, 0x24,
    0x79, 0xef, 0xff, 0xff, 0xff, 0x12, 0xff, 0xfc,
    0xc, 0xff, 0x7b, 0xff, 0xff, 0xff, 0xff, 0xff,
    0xf3, 0xb, 0xff, 0xfd, 0xff, 0xf4, 0x6f, 0xff,
    0xff, 0xff, 0xda, 0x73, 0x0, 0x3f, 0xff, 0xff,
    0xff, 0x2, 0xff, 0xda, 0x74, 0x10, 0x0, 0x0,
    0x0, 0x7f, 0xff, 0xff, 0x80, 0x4, 0x10, 0x0,
    0x0, 0x0, 0x0, 0x0, 0x0, 0x5c, 0xfd, 0x70,
    0x0,

    /* U+5F55 "录" */
    0x0, 0x33, 0x33, 0x33, 0x33, 0x33, 0x33, 0x33,
    0x44, 0x42, 0x0, 0x0, 0xf, 0xff, 0xff, 0xff,
    0xff, 0xff, 0xff, 0xff, 0xff, 0x80, 0x0, 0x0,
    0xff, 0xff, 0xff, 0xff, 0xff, 0xff, 0xff, 0xff,
    0xf7, 0x0, 0x0, 0xf, 0xff, 0xff, 0xff, 0xff,
    0xff, 0xff, 0xff, 0xff, 0x60, 0x0, 0x0, 0x15,
    0x55, 0x55, 0x55, 0x55, 0x55, 0x59, 0xff, 0xf5,
    0x0, 0x0, 0x3, 0xff, 0xff, 0xff, 0xff, 0xff,
    0xff, 0xff, 0xff, 0x40, 0x0, 0x0, 0x3f, 0xff,
    0xff, 0xff, 0xff, 0xff, 0xff, 0xff, 0xf4, 0x0,
    0x0, 0x1, 0x66, 0x66, 0x66, 0x66, 0x66, 0x66,
    0xbf, 0xff, 0x30, 0x0, 0x5d, 0xdd, 0xdd, 0xdd,
    0xdd, 0xdd, 0xdd, 0xdf, 0xff, 0xfe, 0xdc, 0x6,
    0xff, 0xff, 0xff, 0xff, 0xff, 0xff, 0xff, 0xff,
    0xff, 0xff, 0xe0, 0x6f, 0xff, 0xff, 0xff, 0xff,
    0xff, 0xff, 0xff, 0xff, 0xff, 0xfe, 0x0, 0x22,
    0xbf, 0x72, 0x22, 0xbf, 0xff, 0x32, 0x23, 0xdf,
    0x62, 0x20, 0x0, 0xaf, 0xff, 0xc2, 0xb, 0xff,
    0xfa, 0x2, 0xef, 0xff, 0x80, 0x0, 0x6, 0xff,
    0xff, 0xf3, 0xbf, 0xff, 0xf9, 0xff, 0xff, 0xd3,
    0x0, 0x0, 0x1, 0xbf, 0xfa, 0x3d, 0xff, 0xff,
    0xff, 0xff, 0x90, 0x0, 0x0, 0x0, 0x0, 0x9f,
    0xdf, 0xff, 0xff, 0xff, 0xff, 0x50, 0x0, 0x0,
    0x0, 0x16, 0xcf, 0xff, 0xff, 0xff, 0xfe, 0xff,
    0xfe, 0x60, 0x0, 0x4, 0xbf, 0xff, 0xff, 0xff,
    0xff, 0xfd, 0x2d, 0xff, 0xff, 0xe8, 0x30, 0x3f,
    0xff, 0xff, 0xf8, 0x2b, 0xff, 0xd0, 0x1c, 0xff,
    0xff, 0xfb, 0x0, 0x9f, 0xfd, 0x6b, 0xee, 0xff,
    0xfd, 0x0, 0x7, 0xef, 0xfd, 0x10, 0x1, 0x93,
    0x0, 0x5f, 0xff, 0xff, 0x80, 0x0, 0x0, 0x6e,
    0x40, 0x0, 0x0, 0x0, 0x0, 0xff, 0xfc, 0x70,
    0x0, 0x0, 0x0, 0x0, 0x0, 0x0, 0x0, 0x0,
    0x0, 0x0, 0x0, 0x0, 0x0, 0x0, 0x0, 0x0,
    0x0,

    /* U+603B "总" */
    0x0, 0x0, 0x0, 0x1, 0x50, 0x0, 0x0, 0x2,
    0x50, 0x0, 0x0, 0x0, 0x0, 0x0, 0x0, 0x19,
    0xff, 0x40, 0x0, 0x0, 0x8f, 0xe8, 0x10, 0x0,
    0x0, 0x0, 0x0, 0x2, 0xff, 0xfe, 0x10, 0x0,
    0xe, 0xff, 0xf3, 0x0, 0x0, 0x0, 0x0, 0x0,
    0x7, 0xff, 0xf8, 0x0, 0x6, 0xff, 0xf9, 0x0,
    0x0, 0x0, 0x0, 0x0, 0x0, 0xe, 0xff, 0x80,
    0x0, 0xdf, 0xfe, 0x10, 0x0, 0x0, 0x0, 0x0,
    0x1f, 0xff, 0xff, 0xff, 0xff, 0xff, 0xff, 0xff,
    0xfd, 0x0, 0x0, 0x0, 0x1, 0xff, 0xff, 0xff,
    0xff, 0xff, 0xff, 0xff, 0xff, 0xd0, 0x0, 0x0,
    0x0, 0x1f, 0xff, 0xff, 0xff, 0xff, 0xff, 0xff,
    0xff, 0xfd, 0x0, 0x0, 0x0, 0x1, 0xff, 0xfc,
    0x33, 0x33, 0x33, 0x33, 0x6f, 0xff, 0xd0, 0x0,
    0x0, 0x0, 0x1f, 0xff, 0xb0, 0x0, 0x0, 0x0,
    0x2, 0xff, 0xfd, 0x0, 0x0, 0x0, 0x1, 0xff,
    0xfc, 0x44, 0x44, 0x44, 0x44, 0x6f, 0xff, 0xd0,
    0x0, 0x0, 0x0, 0x1f, 0xff, 0xff, 0xff, 0xff,
    0xff, 0xff, 0xff, 0xfd, 0x0, 0x0, 0x0, 0x1,
    0xff, 0xff, 0xff, 0xff, 0xff, 0xff, 0xff, 0xff,
    0xd0, 0x0, 0x0, 0x0, 0x1f, 0xff, 0xff, 0xff,
    0xff, 0xff, 0xff, 0xff, 0xfc, 0x0, 0x0, 0x0,
    0x0, 0x0, 0x23, 0x33, 0x19, 0xff, 0x70, 0x0,
    0x0, 0x60, 0x0, 0x0, 0x7, 0xb8, 0x5a, 0xff,
    0xf6, 0xff, 0xff, 0xb0, 0x6, 0xef, 0x90, 0x0,
    0x0, 0xcf, 0xfc, 0xaf, 0xff, 0x12, 0xdf, 0xff,
    0x90, 0x8f, 0xff, 0x50, 0x0, 0xf, 0xff, 0x8a,
    0xff, 0xf1, 0x1, 0xdf, 0xa0, 0x0, 0xdf, 0xfe,
    0x10, 0x4, 0xff, 0xf5, 0xaf, 0xff, 0x20, 0x1,
    0x70, 0x2d, 0x75, 0xff, 0xf8, 0x0, 0xbf, 0xff,
    0x19, 0xff, 0xf7, 0x22, 0x22, 0x39, 0xff, 0xfc,
    0xff, 0xe0, 0x1e, 0xff, 0xa0, 0x7f, 0xff, 0xff,
    0xff, 0xff, 0xff, 0xfd, 0x3f, 0xa1, 0x0, 0x5,
    0xc3, 0x1, 0xff, 0xff, 0xff, 0xff, 0xff, 0xff,
    0x60, 0x30, 0x0, 0x0, 0x0, 0x0, 0x2, 0xae,
    0xff, 0xff, 0xff, 0xec, 0x60, 0x0, 0x0, 0x0,

    /* U+6162 "慢" */
    0x0, 0xb, 0xcc, 0x30, 0x0, 0x0, 0x0, 0x0,
    0x0, 0x0, 0x0, 0x0, 0x0, 0xe, 0xff, 0x40,
    0xd, 0xff, 0xff, 0xff, 0xff, 0xff, 0xf0, 0x0,
    0x0, 0xe, 0xff, 0x40, 0xd, 0xff, 0xff, 0xff,
    0xff, 0xff, 0xf0, 0x0, 0x0, 0xe, 0xff, 0x40,
    0xd, 0xff, 0x83, 0x33, 0x37, 0xff, 0xf0, 0x0,
    0x0, 0xe, 0xff, 0x67, 0xd, 0xff, 0xff, 0xff,
    0xff, 0xff, 0xf0, 0x0, 0xa, 0x8f, 0xff, 0xff,
    0x4d, 0xff, 0x95, 0x55, 0x59, 0xff, 0xf0, 0x0,
    0x1f, 0xff, 0xff, 0xff, 0xad, 0xff, 0xff, 0xff,
    0xff, 0xff, 0xf0, 0x0, 0x2f, 0xff, 0xff, 0xdf,
    0xe9, 0xbb, 0xbb, 0xbb, 0xbb, 0xbb, 0xb0, 0x0,
    0x4f, 0xee, 0xff, 0xad, 0xfc, 0xcc, 0xcc, 0xcc,
    0xcc, 0xcc, 0xcc, 0x20, 0x7f, 0xce, 0xff, 0x40,
    0xff, 0xff, 0xff, 0xff, 0xff, 0xff, 0xff, 0x20,
    0xaf, 0xae, 0xff, 0x40, 0xff, 0xf3, 0xff, 0xa9,
    0xff, 0x4f, 0xff, 0x20, 0x9f, 0x7e, 0xff, 0x40,
    0xff, 0xf7, 0xff, 0xcb, 0xff, 0x8f, 0xff, 0x20,
    0x0, 0x1e, 0xff, 0x40, 0xff, 0xff, 0xff, 0xff,
    0xff, 0xff, 0xff, 0x20, 0x0, 0xe, 0xff, 0x40,
    0xaa, 0xaa, 0xaa, 0xaa, 0xaa, 0xaa, 0xaa, 0x10,
    0x0, 0xe, 0xff, 0x43, 0xaa, 0xaa, 0xaa, 0xaa,
    0xaa, 0xab, 0x70, 0x0, 0x0, 0xe, 0xff, 0x44,
    0xff, 0xff, 0xff, 0xff, 0xff, 0xff, 0xfc, 0x0,
    0x0, 0xe, 0xff, 0x44, 0xff, 0xff, 0xff, 0xff,
    0xff, 0xff, 0xf4, 0x0, 0x0, 0xe, 0xff, 0x40,
    0x9, 0xff, 0xfc, 0x23, 0xdf, 0xff, 0x80, 0x0,
    0x0, 0xe, 0xff, 0x40, 0x0, 0x8f, 0xff, 0xff,
    0xff, 0xf8, 0x0, 0x0, 0x0, 0xe, 0xff, 0x40,
    0x14, 0x7e, 0xff, 0xff, 0xff, 0xd6, 0x31, 0x0,
    0x0, 0xe, 0xff, 0x6e, 0xff, 0xff, 0xff, 0xff,
    0xff, 0xff, 0xff, 0xc0, 0x0, 0xe, 0xff, 0x4a,
    0xff, 0xff, 0xfc, 0x79, 0xef, 0xff, 0xff, 0x20,
    0x0, 0xe, 0xff, 0x42, 0xec, 0x85, 0x10, 0x0,
    0x4, 0x8b, 0xe7, 0x0, 0x0, 0x0, 0x0, 0x0,
    0x0, 0x0, 0x0, 0x0, 0x0, 0x0, 0x0, 0x0,

    /* U+620F "戏" */
    0x0, 0x0, 0x0, 0x0, 0x0, 0x0, 0x45, 0x55,
    0x0, 0x13, 0x0, 0x0, 0x0, 0x0, 0x0, 0x0,
    0x0, 0x0, 0xbf, 0xfe, 0x4, 0xef, 0x30, 0x0,
    0x0, 0x0, 0x0, 0x0, 0x10, 0x0, 0xbf, 0xfe,
    0x1f, 0xff, 0xe2, 0x0, 0x1f, 0xff, 0xff, 0xff,
    0xfc, 0x40, 0xaf, 0xfe, 0x4, 0xff, 0xfe, 0x10,
    0x1f, 0xff, 0xff, 0xff, 0xff, 0x60, 0xaf, 0xfe,
    0x0, 0x7f, 0xf7, 0x0, 0x1f, 0xff, 0xff, 0xff,
    0xff, 0x30, 0x9f, 0xff, 0x0, 0xa, 0x64, 0x40,
    0x0, 0x0, 0x0, 0x5f, 0xff, 0x11, 0xaf, 0xff,
    0xbd, 0xff, 0xff, 0xd0, 0x1, 0xc9, 0x0, 0x9f,
    0xfe, 0xbf, 0xff, 0xff, 0xff, 0xff, 0xff, 0xf0,
    0x1d, 0xff, 0x60, 0xdf, 0xfb, 0x9f, 0xff, 0xff,
    0xff, 0xff, 0xfd, 0xb0, 0xc, 0xff, 0xf5, 0xff,
    0xf7, 0x7f, 0xff, 0xff, 0x95, 0x38, 0x80, 0x0,
    0x1, 0xef, 0xff, 0xff, 0xf2, 0x11, 0x4f, 0xff,
    0x40, 0xe, 0xfd, 0x30, 0x0, 0x4f, 0xff, 0xff,
    0xd0, 0x0, 0x2f, 0xff, 0x60, 0x7f, 0xff, 0x20,
    0x0, 0x8, 0xff, 0xff, 0x80, 0x0, 0xf, 0xff,
    0x82, 0xff, 0xf9, 0x0, 0x0, 0x0, 0xdf, 0xff,
    0x70, 0x0, 0xe, 0xff, 0xbd, 0xff, 0xf1, 0x0,
    0x0, 0x2, 0xff, 0xff, 0xf2, 0x0, 0xb, 0xff,
    0xff, 0xff, 0x70, 0x0, 0x0, 0xc, 0xff, 0xff,
    0xfc, 0x0, 0x8, 0xff, 0xff, 0xfb, 0x40, 0x0,
    0x0, 0x6f, 0xff, 0xff, 0xff, 0x70, 0x4, 0xff,
    0xff, 0xd1, 0xab, 0x10, 0x4, 0xff, 0xff, 0x5f,
    0xff, 0xe0, 0x1b, 0xff, 0xff, 0x40, 0xcf, 0xf3,
    0x4f, 0xff, 0xf9, 0x7, 0xfe, 0x25, 0xef, 0xff,
    0xff, 0xc4, 0xff, 0xf2, 0x2e, 0xff, 0xd0, 0x0,
    0xa5, 0xdf, 0xff, 0xff, 0xff, 0xff, 0xff, 0xe0,
    0x2, 0xee, 0x20, 0x0, 0x0, 0x9f, 0xff, 0xca,
    0xff, 0xff, 0xff, 0xa0, 0x0, 0x42, 0x0, 0x0,
    0x0, 0x9, 0xf7, 0x0, 0xcf, 0xff, 0xff, 0x30,
    0x0, 0x0, 0x0, 0x0, 0x0, 0x0, 0x10, 0x0,
    0x7, 0xef, 0xf7, 0x0, 0x0, 0x0, 0x0, 0x0,
    0x0, 0x0, 0x0, 0x0, 0x0, 0x2, 0x10, 0x0,

    /* U+6210 "成" */
    0x0, 0x0, 0x0, 0x0, 0x0, 0x0, 0x77, 0x74,
    0x5, 0xa1, 0x0, 0x0, 0x0, 0x0, 0x0, 0x0,
    0x0, 0x0, 0xff, 0xfa, 0x6f, 0xff, 0x60, 0x0,
    0x0, 0x0, 0x0, 0x0, 0x0, 0x0, 0xff, 0xfa,
    0x8f, 0xff, 0xf8, 0x0, 0x0, 0x22, 0x22, 0x22,
    0x22, 0x22, 0xff, 0xfb, 0x26, 0xff, 0xe4, 0x20,
    0x0, 0xaf, 0xff, 0xff, 0xff, 0xff, 0xff, 0xff,
    0xff, 0xff, 0xff, 0xf2, 0x0, 0xaf, 0xff, 0xff,
    0xff, 0xff, 0xff, 0xff, 0xff, 0xff, 0xff, 0xf2,
    0x0, 0xaf, 0xff, 0xff, 0xff, 0xff, 0xff, 0xff,
    0xff, 0xff, 0xff, 0xf2, 0x0, 0xaf, 0xff, 0x33,
    0x33, 0x33, 0xcf, 0xfe, 0x33, 0x33, 0x33, 0x30,
    0x0, 0xaf, 0xff, 0x0, 0x0, 0x0, 0x9f, 0xff,
    0x0, 0x77, 0x30, 0x0, 0x0, 0xaf, 0xff, 0x33,
    0x33, 0x33, 0x7f, 0xff, 0x11, 0xff, 0xfc, 0x0,
    0x0, 0xaf, 0xff, 0xff, 0xff, 0xfd, 0x5f, 0xff,
    0x36, 0xff, 0xf6, 0x0, 0x0, 0xaf, 0xff, 0xff,
    0xff, 0xfd, 0x4f, 0xff, 0x5c, 0xff, 0xf1, 0x0,
    0x0, 0xbf, 0xff, 0xee, 0xff, 0xfd, 0x1f, 0xff,
    0xbf, 0xff, 0x90, 0x0, 0x0, 0xbf, 0xfe, 0x0,
    0x9f, 0xfc, 0xe, 0xff, 0xff, 0xff, 0x30, 0x0,
    0x0, 0xcf, 0xfd, 0x0, 0x9f, 0xfc, 0xa, 0xff,
    0xff, 0xf9, 0x0, 0x0, 0x0, 0xef, 0xfb, 0x0,
    0xbf, 0xfb, 0x6, 0xff, 0xff, 0xe1, 0x20, 0x0,
    0x0, 0xff, 0xfc, 0x56, 0xef, 0xf9, 0x4, 0xff,
    0xff, 0x60, 0x9a, 0x10, 0x3, 0xff, 0xf8, 0xff,
    0xff, 0xf7, 0x1d, 0xff, 0xff, 0x0, 0xbf, 0xf4,
    0x7, 0xff, 0xf3, 0xbf, 0xff, 0xf5, 0xef, 0xff,
    0xff, 0x70, 0xef, 0xf3, 0xd, 0xff, 0xf0, 0x7d,
    0xca, 0xbf, 0xff, 0xff, 0xff, 0xfb, 0xff, 0xf0,
    0x4f, 0xff, 0xc0, 0x0, 0x6, 0xff, 0xff, 0xea,
    0xff, 0xff, 0xff, 0xc0, 0x3d, 0xff, 0x50, 0x0,
    0x0, 0x8f, 0xfc, 0x10, 0xbf, 0xff, 0xff, 0x50,
    0x0, 0xbd, 0x0, 0x0, 0x0, 0xa, 0x80, 0x0,
    0x8, 0xef, 0xd5, 0x0, 0x0, 0x3, 0x0, 0x0,
    0x0, 0x0, 0x0, 0x0, 0x0, 0x0, 0x0, 0x0,

    /* U+62E9 "择" */
    0x0, 0x5, 0x77, 0x50, 0x0, 0x0, 0x0, 0x0,
    0x0, 0x0, 0x0, 0x0, 0x0, 0xa, 0xff, 0xb0,
    0x3, 0xbb, 0xbb, 0xbb, 0xbb, 0xbb, 0xb3, 0x0,
    0x0, 0xa, 0xff, 0xb0, 0x5, 0xff, 0xff, 0xff,
    0xff, 0xff, 0xff, 0x20, 0x0, 0xa, 0xff, 0xb0,
    0x5, 0xff, 0xff, 0xff, 0xff, 0xff, 0xf9, 0x0,
    0x2, 0x2b, 0xff, 0xc2, 0x21, 0x4c, 0xff, 0xd5,
    0x5e, 0xff, 0xf1, 0x0, 0x2f, 0xff, 0xff, 0xff,
    0xf1, 0x1, 0xef, 0xfa, 0xbf, 0xff, 0x50, 0x0,
    0x2f, 0xff, 0xff, 0xff, 0xf1, 0x0, 0x4f, 0xff,
    0xff, 0xf6, 0x0, 0x0, 0x2f, 0xff, 0xff, 0xff,
    0xf1, 0x0, 0x2d, 0xff, 0xff, 0xc1, 0x0, 0x0,
    0x0, 0xa, 0xff, 0xb0, 0x0, 0x4a, 0xff, 0xff,
    0xff, 0xff, 0x94, 0x0, 0x0, 0xa, 0xff, 0xb0,
    0x7f, 0xff, 0xff, 0xfa, 0xdf, 0xff, 0xff, 0xf7,
    0x0, 0xa, 0xff, 0xd8, 0xaf, 0xff, 0xfd, 0x84,
    0x5a, 0xff, 0xff, 0xe1, 0x0, 0x2c, 0xff, 0xff,
    0xd7, 0xfc, 0x50, 0xef, 0xf9, 0x29, 0xff, 0x40,
    0x4d, 0xff, 0xff, 0xff, 0xf1, 0x41, 0x11, 0xef,
    0xf9, 0x11, 0x26, 0x0, 0x4f, 0xff, 0xff, 0xff,
    0xe3, 0xff, 0xff, 0xff, 0xff, 0xff, 0xfb, 0x0,
    0x1f, 0xff, 0xff, 0xd2, 0x2, 0xff, 0xff, 0xff,
    0xff, 0xff, 0xfb, 0x0, 0xb, 0x8c, 0xff, 0xb0,
    0x2, 0xff, 0xff, 0xff, 0xff, 0xff, 0xfb, 0x0,
    0x0, 0xa, 0xff, 0xb0, 0x0, 0x0, 0x0, 0xef,
    0xf9, 0x0, 0x0, 0x0, 0x0, 0xa, 0xff, 0xb0,
    0x5f, 0xff, 0xff, 0xff, 0xff, 0xff, 0xff, 0xf2,
    0x0, 0xa, 0xff, 0xb0, 0x5f, 0xff, 0xff, 0xff,
    0xff, 0xff, 0xff, 0xf2, 0x3, 0x3d, 0xff, 0xb0,
    0x5f, 0xff, 0xff, 0xff, 0xff, 0xff, 0xff, 0xf2,
    0xa, 0xff, 0xff, 0x90, 0x0, 0x0, 0x0, 0xef,
    0xf9, 0x0, 0x0, 0x0, 0x5, 0xff, 0xff, 0x50,
    0x0, 0x0, 0x0, 0xef, 0xf9, 0x0, 0x0, 0x0,
    0x1, 0xfe, 0xc6, 0x0, 0x0, 0x0, 0x0, 0xef,
    0xf9, 0x0, 0x0, 0x0,

    /* U+6309 "按" */
    0x0, 0x4, 0x88, 0x60, 0x0, 0x0, 0x0, 0x57,
    0x93, 0x0, 0x0, 0x0, 0x0, 0x8, 0xff, 0xd0,
    0x0, 0x0, 0x1, 0xff, 0xf8, 0x0, 0x0, 0x0,
    0x0, 0x8, 0xff, 0xd0, 0x0, 0x0, 0x0, 0xef,
    0xfc, 0x0, 0x0, 0x0, 0x0, 0x8, 0xff, 0xd0,
    0xa, 0xee, 0xee, 0xff, 0xff, 0xee, 0xee, 0xe1,
    0x2, 0x29, 0xff, 0xd2, 0x2b, 0xff, 0xff, 0xff,
    0xff, 0xff, 0xff, 0xf1, 0x2f, 0xff, 0xff, 0xff,
    0xeb, 0xff, 0xff, 0xff, 0xff, 0xff, 0xff, 0xf1,
    0x2f, 0xff, 0xff, 0xff, 0xeb, 0xff, 0x94, 0x31,
    0x11, 0x15, 0xff, 0xf1, 0x2f, 0xff, 0xff, 0xff,
    0xeb, 0xff, 0x8e, 0xff, 0xa0, 0x4, 0xff, 0xf1,
    0x0, 0x8, 0xff, 0xd0, 0x5, 0x77, 0x6f, 0xff,
    0x80, 0x2, 0x77, 0x70, 0x0, 0x8, 0xff, 0xd0,
    0x12, 0x22, 0x7f, 0xff, 0x62, 0x22, 0x22, 0x20,
    0x0, 0x8, 0xff, 0xd0, 0xaf, 0xff, 0xff, 0xff,
    0xff, 0xff, 0xff, 0xf5, 0x0, 0x8, 0xff, 0xd2,
    0xcf, 0xff, 0xff, 0xff, 0xff, 0xff, 0xff, 0xf5,
    0x0, 0x9, 0xff, 0xff, 0xff, 0xff, 0xff, 0xff,
    0xff, 0xff, 0xff, 0xf5, 0x4b, 0xff, 0xff, 0xff,
    0xf0, 0xe, 0xff, 0xd0, 0x6, 0xff, 0xf5, 0x0,
    0x5f, 0xff, 0xff, 0xff, 0xb1, 0x6f, 0xff, 0x60,
    0xb, 0xff, 0xf0, 0x0, 0x2f, 0xff, 0xff, 0xd0,
    0x0, 0xef, 0xff, 0x91, 0x2f, 0xff, 0xa0, 0x0,
    0x8, 0x49, 0xff, 0xd0, 0x2, 0xdf, 0xff, 0xff,
    0xdf, 0xff, 0x20, 0x0, 0x0, 0x8, 0xff, 0xd0,
    0x0, 0x6, 0xdf, 0xff, 0xff, 0xf9, 0x0, 0x0,
    0x0, 0x8, 0xff, 0xd0, 0x0, 0x0, 0xb, 0xff,
    0xff, 0xff, 0x70, 0x0, 0x1, 0x19, 0xff, 0xd0,
    0x2, 0x59, 0xff, 0xff, 0xff, 0xff, 0xfe, 0x40,
    0xd, 0xff, 0xff, 0xb0, 0x5f, 0xff, 0xff, 0xff,
    0x8a, 0xff, 0xff, 0xf3, 0x8, 0xff, 0xff, 0x60,
    0xc, 0xff, 0xff, 0x91, 0x0, 0x4e, 0xff, 0x60,
    0x4, 0xfe, 0xc6, 0x0, 0x4, 0xfa, 0x51, 0x0,
    0x0, 0x1, 0xa8, 0x0, 0x0, 0x0, 0x0, 0x0,
    0x0, 0x0, 0x0, 0x0, 0x0, 0x0, 0x0, 0x0,

    /* U+6548 "效" */
    0x0, 0x0, 0x0, 0x24, 0x0, 0x0, 0x0, 0x4,
    0x20, 0x0, 0x0, 0x0, 0x0, 0x0, 0x3c, 0xff,
    0x10, 0x0, 0x0, 0x3f, 0xff, 0x10, 0x0, 0x0,
    0x0, 0x0, 0x1f, 0xff, 0x80, 0x0, 0x0, 0x6f,
    0xfe, 0x0, 0x0, 0x0, 0x2, 0x22, 0x2b, 0xfd,
    0x72, 0x22, 0x10, 0x9f, 0xfb, 0x0, 0x0, 0x0,
    0xf, 0xff, 0xff, 0xff, 0xff, 0xff, 0xb0, 0xcf,
    0xfb, 0x44, 0x44, 0x40, 0xf, 0xff, 0xff, 0xff,
    0xff, 0xff, 0xb0, 0xff, 0xff, 0xff, 0xff, 0xf1,
    0xe, 0xef, 0xfe, 0xee, 0xff, 0xfe, 0xb3, 0xff,
    0xff, 0xff, 0xff, 0xf1, 0x0, 0x1f, 0xfa, 0x13,
    0xdf, 0xb0, 0x8, 0xff, 0xff, 0xff, 0xff, 0xf1,
    0x0, 0x8f, 0xfe, 0x2, 0xff, 0xf6, 0xe, 0xff,
    0x70, 0x5f, 0xff, 0x0, 0x1, 0xff, 0xf6, 0x0,
    0x7f, 0xff, 0x8f, 0xff, 0x30, 0x8f, 0xfc, 0x0,
    0xa, 0xff, 0xe0, 0x18, 0x6e, 0xff, 0xff, 0xff,
    0x80, 0xbf, 0xf9, 0x0, 0x5f, 0xff, 0x98, 0x5f,
    0xff, 0xff, 0xff, 0xff, 0xe0, 0xef, 0xf5, 0x0,
    0x6f, 0xff, 0xff, 0xef, 0xfd, 0xa4, 0xef, 0xff,
    0xf7, 0xff, 0xf2, 0x0, 0x5, 0xfc, 0xff, 0xff,
    0xf7, 0x0, 0x3f, 0xcf, 0xff, 0xff, 0xc0, 0x0,
    0x0, 0x11, 0xdf, 0xff, 0xf2, 0x0, 0x2, 0x4f,
    0xff, 0xff, 0x60, 0x0, 0x0, 0x0, 0x2f, 0xff,
    0xf5, 0x0, 0x0, 0xd, 0xff, 0xff, 0x0, 0x0,
    0x0, 0x0, 0x9f, 0xff, 0xff, 0x30, 0x0, 0x7,
    0xff, 0xfa, 0x0, 0x0, 0x0, 0x4, 0xff, 0xff,
    0xff, 0xe0, 0x0, 0x1d, 0xff, 0xff, 0x20, 0x0,
    0x0, 0x3e, 0xff, 0xfa, 0xff, 0xfa, 0x1, 0xdf,
    0xff, 0xff, 0xe1, 0x0, 0x6, 0xff, 0xff, 0x50,
    0xdf, 0xf4, 0x4d, 0xff, 0xff, 0xff, 0xfd, 0x30,
    0x5f, 0xff, 0xf8, 0x0, 0x3d, 0x5b, 0xff, 0xff,
    0xb1, 0xdf, 0xff, 0xf4, 0x9, 0xff, 0x80, 0x0,
    0x0, 0x5f, 0xff, 0xfa, 0x0, 0x2e, 0xff, 0xc0,
    0x0, 0xa5, 0x0, 0x0, 0x0, 0x5, 0xfe, 0x60,
    0x0, 0x2, 0xde, 0x10, 0x0, 0x0, 0x0, 0x0,
    0x0, 0x0, 0x51, 0x0, 0x0, 0x0, 0x13, 0x0,

    /* U+656C "敬" */
    0x0, 0x5, 0xbb, 0x60, 0xbb, 0xb1, 0x0, 0x58,
    0x64, 0x0, 0x0, 0x0, 0x0, 0x7, 0xff, 0x80,
    0xef, 0xf2, 0x0, 0xaf, 0xff, 0x0, 0x0, 0x0,
    0x1b, 0xbd, 0xff, 0xeb, 0xff, 0xfc, 0xb3, 0xdf,
    0xfc, 0x0, 0x0, 0x0, 0x2f, 0xff, 0xff, 0xff,
    0xff, 0xff, 0xf5, 0xff, 0xf9, 0x0, 0x0, 0x0,
    0x2f, 0xff, 0xff, 0xff, 0xff, 0xff, 0xf8, 0xff,
    0xf9, 0x55, 0x55, 0x51, 0x2, 0x3a, 0xff, 0x92,
    0xff, 0xf4, 0x2a, 0xff, 0xff, 0xff, 0xff, 0xf4,
    0x0, 0x7f, 0xfe, 0x20, 0xbb, 0xb1, 0xe, 0xff,
    0xff, 0xff, 0xff, 0xf4, 0x0, 0xbf, 0xff, 0xbb,
    0xbb, 0xbb, 0xbf, 0xff, 0xed, 0xff, 0xff, 0xe3,
    0x1, 0xff, 0xff, 0xff, 0xff, 0xff, 0xff, 0xff,
    0x70, 0x9f, 0xff, 0x0, 0x7, 0xff, 0xff, 0xff,
    0xff, 0xff, 0xff, 0xff, 0xb0, 0xcf, 0xfb, 0x0,
    0x1e, 0xff, 0xb1, 0x11, 0x1c, 0xff, 0xff, 0xff,
    0xe0, 0xef, 0xf8, 0x0, 0x7f, 0xff, 0xda, 0xaa,
    0x3c, 0xff, 0xff, 0xff, 0xf5, 0xff, 0xf5, 0x0,
    0x7, 0xff, 0xff, 0xff, 0x5d, 0xff, 0x7a, 0xff,
    0xfd, 0xff, 0xf2, 0x0, 0x0, 0xef, 0xff, 0xff,
    0x5d, 0xff, 0x60, 0xaf, 0xff, 0xff, 0xc0, 0x0,
    0x0, 0xef, 0xa4, 0xff, 0x5e, 0xff, 0x50, 0x4f,
    0xff, 0xff, 0x60, 0x0, 0x0, 0xef, 0xa4, 0xff,
    0x5e, 0xff, 0x40, 0xe, 0xff, 0xff, 0x10, 0x0,
    0x0, 0xef, 0xff, 0xff, 0x5f, 0xff, 0x40, 0xa,
    0xff, 0xfb, 0x0, 0x0, 0x0, 0xef, 0xff, 0xff,
    0x6f, 0xff, 0x20, 0x5f, 0xff, 0xff, 0x50, 0x0,
    0x0, 0xef, 0xea, 0xaa, 0x6f, 0xff, 0x15, 0xff,
    0xff, 0xff, 0xf5, 0x0, 0x0, 0xde, 0x90, 0x0,
    0x8f, 0xff, 0xaf, 0xff, 0xff, 0xff, 0xff, 0xb2,
    0x0, 0x0, 0x0, 0xef, 0xff, 0xff, 0xff, 0xff,
    0xb2, 0xdf, 0xff, 0xf4, 0x0, 0x0, 0x0, 0x9f,
    0xff, 0xf9, 0xff, 0xf9, 0x0, 0x1d, 0xff, 0x60,
    0x0, 0x0, 0x0, 0x6f, 0xfc, 0x60, 0xac, 0x30,
    0x0, 0x0, 0x8a, 0x0, 0x0, 0x0, 0x0, 0x0,
    0x0, 0x0, 0x10, 0x0, 0x0, 0x0, 0x0, 0x0,

    /* U+65B0 "新" */
    0x0, 0x0, 0x0, 0x45, 0x0, 0x0, 0x0, 0x0,
    0x0, 0x0, 0x10, 0x0, 0x0, 0x0, 0x4f, 0xff,
    0x0, 0x0, 0x0, 0x0, 0x2, 0x7d, 0xe3, 0x0,
    0x0, 0x0, 0x1f, 0xff, 0x60, 0x0, 0x2, 0x6a,
    0xdf, 0xff, 0xfe, 0x30, 0xa, 0xff, 0xff, 0xff,
    0xff, 0xff, 0x3c, 0xff, 0xff, 0xff, 0xfd, 0x60,
    0xa, 0xff, 0xff, 0xff, 0xff, 0xff, 0x3c, 0xff,
    0xfe, 0xb7, 0x20, 0x0, 0x8, 0xcd, 0xfd, 0xcc,
    0xff, 0xdc, 0x2c, 0xff, 0x70, 0x0, 0x0, 0x0,
    0x0, 0x6f, 0xf7, 0x2, 0xff, 0xf2, 0xc, 0xff,
    0x60, 0x0, 0x0, 0x0, 0x0, 0x2f, 0xfc, 0x8,
    0xff, 0xa0, 0xc, 0xff, 0x60, 0x0, 0x0, 0x0,
    0x1f, 0xff, 0xff, 0xff, 0xff, 0xff, 0x9c, 0xff,
    0xda, 0xaa, 0xaa, 0xa3, 0x1f, 0xff, 0xff, 0xff,
    0xff, 0xff, 0x9c, 0xff, 0xff, 0xff, 0xff, 0xf5,
    0x1d, 0xdd, 0xdf, 0xff, 0xed, 0xdd, 0x8c, 0xff,
    0xff, 0xff, 0xff, 0xf5, 0x0, 0x0, 0xa, 0xff,
    0x70, 0x0, 0xc, 0xff, 0xa6, 0xff, 0xfb, 0x62,
    0xc, 0xdd, 0xdf, 0xff, 0xed, 0xdd, 0x1d, 0xff,
    0x60, 0xef, 0xf7, 0x0, 0xe, 0xff, 0xff, 0xff,
    0xff, 0xff, 0x1d, 0xff, 0x60, 0xef, 0xf7, 0x0,
    0xe, 0xff, 0xff, 0xff, 0xff, 0xff, 0x1e, 0xff,
    0x50, 0xef, 0xf7, 0x0, 0x0, 0x43, 0xb, 0xff,
    0x71, 0x81, 0xf, 0xff, 0x30, 0xef, 0xf7, 0x0,
    0x0, 0xdf, 0xeb, 0xff, 0xae, 0xf7, 0x2f, 0xff,
    0x20, 0xef, 0xf7, 0x0, 0x5, 0xff, 0xaa, 0xff,
    0x8e, 0xff, 0x6f, 0xff, 0x0, 0xef, 0xf7, 0x0,
    0x1e, 0xff, 0x3a, 0xff, 0x77, 0xff, 0xff, 0xfc,
    0x0, 0xef, 0xf7, 0x0, 0x1c, 0xfa, 0xb, 0xff,
    0x70, 0xe9, 0xef, 0xf8, 0x0, 0xef, 0xf7, 0x0,
    0x0, 0x88, 0xcf, 0xff, 0x50, 0x15, 0xff, 0xf4,
    0x0, 0xef, 0xf7, 0x0, 0x0, 0x3, 0xff, 0xff,
    0x20, 0x1, 0xaf, 0xd0, 0x0, 0xef, 0xf7, 0x0,
    0x0, 0x0, 0xff, 0xc5, 0x0, 0x0, 0x7, 0x50,
    0x0, 0xef, 0xf7, 0x0, 0x0, 0x0, 0x0, 0x0,
    0x0, 0x0, 0x0, 0x0, 0x0, 0x0, 0x0, 0x0,

    /* U+65B9 "方" */
    0x0, 0x0, 0x0, 0x0, 0x0, 0x0, 0x0, 0x0,
    0x0, 0x0, 0x0, 0x0, 0x0, 0x0, 0x0, 0x0,
    0x1, 0x7d, 0x60, 0x0, 0x0, 0x0, 0x0, 0x0,
    0x0, 0x0, 0x0, 0x2, 0xff, 0xfe, 0x0, 0x0,
    0x0, 0x0, 0x0, 0x0, 0x0, 0x0, 0x0, 0xc,
    0xff, 0xf7, 0x0, 0x0, 0x0, 0x0, 0x0, 0x0,
    0x0, 0x0, 0x0, 0x5f, 0xfe, 0x60, 0x0, 0x0,
    0x0, 0x0, 0xef, 0xff, 0xff, 0xff, 0xff, 0xff,
    0xff, 0xff, 0xff, 0xff, 0xfe, 0xf, 0xff, 0xff,
    0xff, 0xff, 0xff, 0xff, 0xff, 0xff, 0xff, 0xff,
    0xf0, 0xff, 0xff, 0xff, 0xff, 0xff, 0xff, 0xff,
    0xff, 0xff, 0xff, 0xff, 0x7, 0x77, 0x77, 0x8f,
    0xff, 0xd7, 0x77, 0x77, 0x77, 0x77, 0x77, 0x70,
    0x0, 0x0, 0x3, 0xff, 0xfa, 0x0, 0x0, 0x0,
    0x0, 0x0, 0x0, 0x0, 0x0, 0x0, 0x4f, 0xff,
    0xa0, 0x0, 0x0, 0x0, 0x0, 0x0, 0x0, 0x0,
    0x0, 0x5, 0xff, 0xff, 0xff, 0xff, 0xff, 0xff,
    0xfe, 0x0, 0x0, 0x0, 0x0, 0x7f, 0xff, 0xff,
    0xff, 0xff, 0xff, 0xff, 0xd0, 0x0, 0x0, 0x0,
    0xb, 0xff, 0xff, 0xff, 0xff, 0xff, 0xff, 0xfc,
    0x0, 0x0, 0x0, 0x0, 0xff, 0xff, 0x54, 0x44,
    0x44, 0x4f, 0xff, 0xb0, 0x0, 0x0, 0x0, 0x3f,
    0xff, 0xc0, 0x0, 0x0, 0x0, 0xff, 0xf9, 0x0,
    0x0, 0x0, 0x9, 0xff, 0xf7, 0x0, 0x0, 0x0,
    0x1f, 0xff, 0x80, 0x0, 0x0, 0x2, 0xff, 0xff,
    0x20, 0x0, 0x0, 0x4, 0xff, 0xf6, 0x0, 0x0,
    0x0, 0xcf, 0xff, 0x90, 0x0, 0x0, 0x0, 0x7f,
    0xff, 0x40, 0x0, 0x0, 0xbf, 0xff, 0xf2, 0x0,
    0x0, 0x0, 0xb, 0xff, 0xf1, 0x0, 0x2, 0xcf,
    0xff, 0xf6, 0x0, 0x26, 0x55, 0x59, 0xff, 0xfd,
    0x0, 0x1, 0xef, 0xff, 0xf9, 0x0, 0x0, 0xef,
    0xff, 0xff, 0xff, 0x80, 0x0, 0x3, 0xff, 0xfa,
    0x0, 0x0, 0x8, 0xff, 0xff, 0xff, 0xd1, 0x0,
    0x0, 0x6, 0xf6, 0x0, 0x0, 0x0, 0x4f, 0xff,
    0xec, 0x80, 0x0, 0x0, 0x0, 0x2, 0x0, 0x0,
    0x0, 0x0, 0x0, 0x0, 0x0, 0x0, 0x0, 0x0,

    /* U+65F6 "时" */
    0x0, 0x0, 0x0, 0x0, 0x0, 0x0, 0x0, 0x0,
    0x49, 0x99, 0x0, 0x0, 0x0, 0x0, 0x0, 0x0,
    0x0, 0x0, 0x0, 0x8, 0xff, 0xf0, 0x0, 0xce,
    0xee, 0xee, 0xee, 0xd0, 0x0, 0x0, 0x0, 0x8f,
    0xff, 0x0, 0xd, 0xff, 0xff, 0xff, 0xfe, 0x0,
    0x0, 0x0, 0x8, 0xff, 0xf0, 0x0, 0xdf, 0xff,
    0xff, 0xff, 0xe2, 0x88, 0x88, 0x88, 0xcf, 0xff,
    0x88, 0x1d, 0xff, 0x72, 0x6f, 0xfe, 0x4f, 0xff,
    0xff, 0xff, 0xff, 0xff, 0xf3, 0xdf, 0xf6, 0x4,
    0xff, 0xe4, 0xff, 0xff, 0xff, 0xff, 0xff, 0xff,
    0x3d, 0xff, 0x60, 0x4f, 0xfe, 0x4f, 0xff, 0xff,
    0xff, 0xff, 0xff, 0xf3, 0xdf, 0xf6, 0x5, 0xff,
    0xe0, 0x11, 0x11, 0x11, 0x9f, 0xff, 0x11, 0xd,
    0xff, 0xff, 0xff, 0xfe, 0x0, 0x3, 0x0, 0x8,
    0xff, 0xf0, 0x0, 0xdf, 0xff, 0xff, 0xff, 0xe0,
    0x6e, 0xf3, 0x0, 0x8f, 0xff, 0x0, 0xd, 0xff,
    0xff, 0xff, 0xfe, 0x2f, 0xff, 0xd0, 0x8, 0xff,
    0xf0, 0x0, 0xdf, 0xf6, 0x4, 0xff, 0xe0, 0x7f,
    0xff, 0x90, 0x8f, 0xff, 0x0, 0xd, 0xff, 0x60,
    0x4f, 0xfe, 0x0, 0xdf, 0xff, 0x38, 0xff, 0xf0,
    0x0, 0xdf, 0xf6, 0x4, 0xff, 0xe0, 0x3, 0xff,
    0xfb, 0x8f, 0xff, 0x0, 0xd, 0xff, 0x72, 0x6f,
    0xfe, 0x0, 0xa, 0xf8, 0x8, 0xff, 0xf0, 0x0,
    0xdf, 0xff, 0xff, 0xff, 0xe0, 0x0, 0x12, 0x0,
    0x8f, 0xff, 0x0, 0xd, 0xff, 0xff, 0xff, 0xfe,
    0x0, 0x0, 0x0, 0x8, 0xff, 0xf0, 0x0, 0xdf,
    0xff, 0xff, 0xff, 0xe0, 0x0, 0x0, 0x0, 0x8f,
    0xff, 0x0, 0xd, 0xff, 0x60, 0x0, 0x0, 0x0,
    0x7, 0x66, 0x6d, 0xff, 0xf0, 0x0, 0xce, 0xe6,
    0x0, 0x0, 0x0, 0x0, 0xbf, 0xff, 0xff, 0xfd,
    0x0, 0x0, 0x0, 0x0, 0x0, 0x0, 0x0, 0x5,
    0xff, 0xff, 0xff, 0x70, 0x0, 0x0, 0x0, 0x0,
    0x0, 0x0, 0x0, 0x1f, 0xff, 0xd9, 0x40, 0x0,
    0x0, 0x0, 0x0, 0x0, 0x0, 0x0, 0x0, 0x0,
    0x0, 0x0, 0x0, 0x0,

    /* U+662F "是" */
    0x0, 0x5, 0xff, 0xff, 0xff, 0xff, 0xff, 0xff,
    0xff, 0xff, 0x80, 0x0, 0x0, 0x5, 0xff, 0xff,
    0xff, 0xff, 0xff, 0xff, 0xff, 0xff, 0x90, 0x0,
    0x0, 0x5, 0xff, 0xf6, 0x66, 0x66, 0x66, 0x66,
    0x6f, 0xff, 0x90, 0x0, 0x0, 0x5, 0xff, 0xf6,
    0x66, 0x66, 0x66, 0x66, 0x6f, 0xff, 0x90, 0x0,
    0x0, 0x5, 0xff, 0xff, 0xff, 0xff, 0xff, 0xff,
    0xff, 0xff, 0x90, 0x0, 0x0, 0x5, 0xff, 0xfd,
    0xdd, 0xdd, 0xdd, 0xdd, 0xdf, 0xff, 0x90, 0x0,
    0x0, 0x5, 0xff, 0xf6, 0x66, 0x66, 0x66, 0x66,
    0x6f, 0xff, 0x90, 0x0, 0x0, 0x5, 0xff, 0xff,
    0xff, 0xff, 0xff, 0xff, 0xff, 0xff, 0x90, 0x0,
    0x0, 0x5, 0xff, 0xff, 0xff, 0xff, 0xff, 0xff,
    0xff, 0xff, 0x90, 0x0, 0x1, 0x33, 0x33, 0x33,
    0x33, 0x33, 0x33, 0x33, 0x33, 0x33, 0x33, 0x30,
    0x6, 0xff, 0xff, 0xff, 0xff, 0xff, 0xff, 0xff,
    0xff, 0xff, 0xff, 0xe0, 0x6, 0xff, 0xff, 0xff,
    0xff, 0xff, 0xff, 0xff, 0xff, 0xff, 0xff, 0xe0,
    0x5, 0xdd, 0xdd, 0xdd, 0xdd, 0xef, 0xff, 0xdd,
    0xdd, 0xdd, 0xdd, 0xc0, 0x0, 0x0, 0x3c, 0xa8,
    0x10, 0x5f, 0xff, 0x20, 0x0, 0x0, 0x0, 0x0,
    0x0, 0x0, 0x7f, 0xff, 0x10, 0x5f, 0xff, 0xff,
    0xff, 0xff, 0xf2, 0x0, 0x0, 0x0, 0xcf, 0xfe,
    0x0, 0x5f, 0xff, 0xff, 0xff, 0xff, 0xf2, 0x0,
    0x0, 0x4, 0xff, 0xff, 0x70, 0x5f, 0xff, 0xff,
    0xff, 0xff, 0xf2, 0x0, 0x0, 0xd, 0xff, 0xff,
    0xf8, 0x6f, 0xff, 0x20, 0x0, 0x0, 0x0, 0x0,
    0x0, 0xaf, 0xff, 0xff, 0xff, 0xff, 0xff, 0x53,
    0x33, 0x33, 0x34, 0x42, 0x1c, 0xff, 0xfd, 0x3e,
    0xff, 0xff, 0xff, 0xff, 0xff, 0xff, 0xff, 0xf5,
    0xb, 0xff, 0xf3, 0x1, 0xaf, 0xff, 0xff, 0xff,
    0xff, 0xff, 0xff, 0xe0, 0x0, 0xaf, 0x40, 0x0,
    0x2, 0x7a, 0xde, 0xff, 0xff, 0xff, 0xff, 0xa0,
    0x0, 0x2, 0x0, 0x0, 0x0, 0x0, 0x0, 0x0,
    0x0, 0x0, 0x0, 0x0,

    /* U+663E "显" */
    0x0, 0x1, 0x99, 0x99, 0x99, 0x99, 0x99, 0x99,
    0x99, 0x99, 0x50, 0x0, 0x0, 0x1, 0xff, 0xff,
    0xff, 0xff, 0xff, 0xff, 0xff, 0xff, 0x80, 0x0,
    0x0, 0x1, 0xff, 0xff, 0xff, 0xff, 0xff, 0xff,
    0xff, 0xff, 0x80, 0x0, 0x0, 0x1, 0xff, 0xf5,
    0x0, 0x0, 0x0, 0x0, 0x1f, 0xff, 0x80, 0x0,
    0x0, 0x1, 0xff, 0xfa, 0x88, 0x88, 0x88, 0x88,
    0x9f, 0xff, 0x80, 0x0, 0x0, 0x1, 0xff, 0xff,
    0xff, 0xff, 0xff, 0xff, 0xff, 0xff, 0x80, 0x0,
    0x0, 0x1, 0xff, 0xff, 0xff, 0xff, 0xff, 0xff,
    0xff, 0xff, 0x80, 0x0, 0x0, 0x1, 0xff, 0xf5,
    0x0, 0x0, 0x0, 0x0, 0x1f, 0xff, 0x80, 0x0,
    0x0, 0x1, 0xff, 0xff, 0xff, 0xff, 0xff, 0xff,
    0xff, 0xff, 0x80, 0x0, 0x0, 0x1, 0xff, 0xff,
    0xff, 0xff, 0xff, 0xff, 0xff, 0xff, 0x80, 0x0,
    0x0, 0x1, 0x99, 0x99, 0x99, 0x99, 0x99, 0x99,
    0x99, 0x99, 0x50, 0x0, 0x0, 0x0, 0x31, 0x3,
    0xcc, 0xc0, 0x8, 0xcc, 0x80, 0x7, 0x10, 0x0,
    0x0, 0x3c, 0xf9, 0x4, 0xff, 0xf0, 0xa, 0xff,
    0xa0, 0x4f, 0xfa, 0x0, 0x0, 0x2f, 0xff, 0x14,
    0xff, 0xf0, 0xa, 0xff, 0xa0, 0xbf, 0xfb, 0x0,
    0x0, 0xb, 0xff, 0x84, 0xff, 0xf0, 0xa, 0xff,
    0xa4, 0xff, 0xf2, 0x0, 0x0, 0x4, 0xff, 0xf5,
    0xff, 0xf0, 0xa, 0xff, 0xad, 0xff, 0x90, 0x0,
    0x0, 0x0, 0xec, 0x45, 0xff, 0xf0, 0xa, 0xff,
    0xa4, 0xbd, 0x0, 0x0, 0x1, 0x11, 0x31, 0x16,
    0xff, 0xf1, 0x1b, 0xff, 0xa1, 0x12, 0x11, 0x11,
    0x2f, 0xff, 0xff, 0xff, 0xff, 0xff, 0xff, 0xff,
    0xff, 0xff, 0xff, 0xf9, 0x2f, 0xff, 0xff, 0xff,
    0xff, 0xff, 0xff, 0xff, 0xff, 0xff, 0xff, 0xf9,
    0x2f, 0xff, 0xff, 0xff, 0xff, 0xff, 0xff, 0xff,
    0xff, 0xff, 0xff, 0xf9, 0x3, 0x33, 0x33, 0x33,
    0x33, 0x33, 0x33, 0x33, 0x33, 0x33, 0x33, 0x32,

    /* U+666E "普" */
    0x0, 0x0, 0x0, 0x17, 0x40, 0x0, 0x0, 0x6,
    0x62, 0x0, 0x0, 0x0, 0x0, 0x0, 0x9, 0xff,
    0xf1, 0x0, 0x0, 0x2f, 0xff, 0xb0, 0x0, 0x0,
    0x0, 0x0, 0x4, 0xff, 0xf7, 0x0, 0x0, 0xaf,
    0xff, 0x30, 0x0, 0x0, 0x0, 0xcf, 0xff, 0xff,
    0xff, 0xff, 0xff, 0xff, 0xff, 0xff, 0xfe, 0x0,
    0x0, 0xdf, 0xff, 0xff, 0xff, 0xff, 0xff, 0xff,
    0xff, 0xff, 0xfe, 0x0, 0x0, 0xbd, 0xff, 0xdd,
    0xff, 0xfd, 0xef, 0xff, 0xde, 0xfe, 0xdc, 0x0,
    0x0, 0xc, 0xff, 0x40, 0xff, 0xf3, 0x6f, 0xfd,
    0x9, 0xff, 0xa0, 0x0, 0x0, 0xa, 0xff, 0xc0,
    0xff, 0xf3, 0x6f, 0xfd, 0xe, 0xff, 0x50, 0x0,
    0x0, 0x4, 0xff, 0xd1, 0xff, 0xf3, 0x6f, 0xfd,
    0x3f, 0xfe, 0x0, 0x0, 0xa, 0xaa, 0xfe, 0xaa,
    0xff, 0xfb, 0xcf, 0xff, 0xac, 0xfd, 0xaa, 0xa0,
    0xf, 0xff, 0xff, 0xff, 0xff, 0xff, 0xff, 0xff,
    0xff, 0xff, 0xff, 0xf1, 0xf, 0xff, 0xff, 0xff,
    0xff, 0xff, 0xff, 0xff, 0xff, 0xff, 0xff, 0xf1,
    0x2, 0x22, 0x33, 0x33, 0x33, 0x33, 0x33, 0x33,
    0x33, 0x33, 0x22, 0x20, 0x0, 0x3, 0xff, 0xff,
    0xff, 0xff, 0xff, 0xff, 0xff, 0xff, 0x40, 0x0,
    0x0, 0x3, 0xff, 0xff, 0xff, 0xff, 0xff, 0xff,
    0xff, 0xff, 0x40, 0x0, 0x0, 0x3, 0xff, 0xf9,
    0x88, 0x88, 0x88, 0x88, 0xbf, 0xff, 0x40, 0x0,
    0x0, 0x3, 0xff, 0xf9, 0x77, 0x77, 0x77, 0x77,
    0xaf, 0xff, 0x40, 0x0, 0x0, 0x3, 0xff, 0xff,
    0xff, 0xff, 0xff, 0xff, 0xff, 0xff, 0x40, 0x0,
    0x0, 0x3, 0xff, 0xff, 0xff, 0xff, 0xff, 0xff,
    0xff, 0xff, 0x40, 0x0, 0x0, 0x3, 0xff, 0xf3,
    0x0, 0x0, 0x0, 0x0, 0x5f, 0xff, 0x40, 0x0,
    0x0, 0x3, 0xff, 0xff, 0xff, 0xff, 0xff, 0xff,
    0xff, 0xff, 0x40, 0x0, 0x0, 0x3, 0xff, 0xff,
    0xff, 0xff, 0xff, 0xff, 0xff, 0xff, 0x40, 0x0,
    0x0, 0x3, 0xff, 0xfa, 0x99, 0x99, 0x99, 0x99,
    0xbe, 0xee, 0x40, 0x0,

    /* U+6682 "暂" */
    0x0, 0x0, 0x12, 0x0, 0x0, 0x0, 0x0, 0x0,
    0x0, 0x0, 0x1, 0x0, 0x0, 0x0, 0x9f, 0xea,
    0x20, 0x0, 0x0, 0x1, 0x35, 0x8b, 0xfd, 0x0,
    0xe, 0xff, 0xff, 0xff, 0xff, 0xff, 0x88, 0xff,
    0xff, 0xff, 0xff, 0x60, 0xe, 0xff, 0xff, 0xff,
    0xff, 0xff, 0x89, 0xff, 0xff, 0xff, 0xeb, 0x60,
    0x7, 0xcf, 0xff, 0x9a, 0xa9, 0x77, 0x49, 0xff,
    0xa5, 0x31, 0x0, 0x0, 0x5, 0xff, 0xf4, 0x8f,
    0xf9, 0x0, 0xa, 0xff, 0x72, 0x22, 0x22, 0x20,
    0xf, 0xff, 0xff, 0xff, 0xff, 0xff, 0xaa, 0xff,
    0xff, 0xff, 0xff, 0xf0, 0xa, 0xff, 0xff, 0xff,
    0xff, 0xff, 0xab, 0xff, 0xff, 0xff, 0xff, 0xf0,
    0x5, 0xdb, 0xbb, 0xdf, 0xfd, 0xbb, 0x7d, 0xff,
    0xab, 0xff, 0xe8, 0x80, 0x1, 0x23, 0x45, 0xbf,
    0xfd, 0xab, 0x3f, 0xff, 0x4, 0xff, 0xd0, 0x0,
    0xe, 0xff, 0xff, 0xff, 0xff, 0xff, 0xaf, 0xfc,
    0x4, 0xff, 0xd0, 0x0, 0xd, 0xff, 0xff, 0xff,
    0xff, 0xcc, 0xff, 0xf8, 0x4, 0xff, 0xd0, 0x0,
    0x8, 0x97, 0x64, 0xaf, 0xf9, 0x0, 0x9f, 0xe0,
    0x4, 0xff, 0xd0, 0x0, 0x0, 0x0, 0x0, 0x47,
    0x74, 0x0, 0x4, 0x60, 0x3, 0x99, 0x70, 0x0,
    0x0, 0x5, 0xff, 0xff, 0xff, 0xff, 0xff, 0xff,
    0xff, 0xff, 0x50, 0x0, 0x0, 0x5, 0xff, 0xff,
    0xff, 0xff, 0xff, 0xff, 0xff, 0xff, 0x50, 0x0,
    0x0, 0x5, 0xff, 0xf8, 0x88, 0x88, 0x88, 0x88,
    0x9f, 0xff, 0x50, 0x0, 0x0, 0x5, 0xff, 0xfc,
    0xcc, 0xcc, 0xcc, 0xcc, 0xdf, 0xff, 0x50, 0x0,
    0x0, 0x5, 0xff, 0xff, 0xff, 0xff, 0xff, 0xff,
    0xff, 0xff, 0x50, 0x0, 0x0, 0x5, 0xff, 0xf5,
    0x55, 0x55, 0x55, 0x55, 0x6f, 0xff, 0x50, 0x0,
    0x0, 0x5, 0xff, 0xff, 0xff, 0xff, 0xff, 0xff,
    0xff, 0xff, 0x50, 0x0, 0x0, 0x5, 0xff, 0xff,
    0xff, 0xff, 0xff, 0xff, 0xff, 0xff, 0x50, 0x0,
    0x0, 0x5, 0xff, 0xf9, 0x99, 0x99, 0x99, 0x99,
    0x9f, 0xff, 0x50, 0x0,

    /* U+66F2 "曲" */
    0x0, 0x0, 0x0, 0x36, 0x66, 0x0, 0x66, 0x63,
    0x0, 0x0, 0x0, 0x0, 0x0, 0x0, 0x7f, 0xfe,
    0x0, 0xef, 0xf7, 0x0, 0x0, 0x0, 0x0, 0x0,
    0x0, 0x7f, 0xfe, 0x0, 0xef, 0xf7, 0x0, 0x0,
    0x0, 0x0, 0x0, 0x0, 0x7f, 0xfe, 0x0, 0xef,
    0xf7, 0x0, 0x0, 0x0, 0x0, 0x0, 0x0, 0x7f,
    0xfe, 0x0, 0xef, 0xf7, 0x0, 0x0, 0x0, 0x1f,
    0xff, 0xff, 0xff, 0xff, 0xff, 0xff, 0xff, 0xff,
    0xff, 0xf3, 0x1f, 0xff, 0xff, 0xff, 0xff, 0xff,
    0xff, 0xff, 0xff, 0xff, 0xf3, 0x1f, 0xff, 0xff,
    0xff, 0xff, 0xff, 0xff, 0xff, 0xff, 0xff, 0xf3,
    0x1f, 0xff, 0x87, 0xbf, 0xff, 0x77, 0xff, 0xfb,
    0x78, 0xff, 0xf3, 0x1f, 0xff, 0x20, 0x7f, 0xfe,
    0x0, 0xef, 0xf7, 0x2, 0xff, 0xf3, 0x1f, 0xff,
    0x20, 0x7f, 0xfe, 0x0, 0xef, 0xf7, 0x2, 0xff,
    0xf3, 0x1f, 0xff, 0x30, 0x8f, 0xfe, 0x0, 0xff,
    0xf8, 0x3, 0xff, 0xf3, 0x1f, 0xff, 0xff, 0xff,
    0xff, 0xff, 0xff, 0xff, 0xff, 0xff, 0xf3, 0x1f,
    0xff, 0xff, 0xff, 0xff, 0xff, 0xff, 0xff, 0xff,
    0xff, 0xf3, 0x1f, 0xff, 0xff, 0xff, 0xff, 0xff,
    0xff, 0xff, 0xff, 0xff, 0xf3, 0x1f, 0xff, 0x64,
    0xaf, 0xff, 0x44, 0xff, 0xf9, 0x46, 0xff, 0xf3,
    0x1f, 0xff, 0x20, 0x7f, 0xfe, 0x0, 0xef, 0xf7,
    0x2, 0xff, 0xf3, 0x1f, 0xff, 0x20, 0x7f, 0xfe,
    0x0, 0xef, 0xf7, 0x2, 0xff, 0xf3, 0x1f, 0xff,
    0x87, 0xbf, 0xff, 0x77, 0xff, 0xfb, 0x78, 0xff,
    0xf3, 0x1f, 0xff, 0xff, 0xff, 0xff, 0xff, 0xff,
    0xff, 0xff, 0xff, 0xf3, 0x1f, 0xff, 0xff, 0xff,
    0xff, 0xff, 0xff, 0xff, 0xff, 0xff, 0xf3, 0x1f,
    0xff, 0xff, 0xff, 0xff, 0xff, 0xff, 0xff, 0xff,
    0xff, 0xf3, 0x1f, 0xff, 0x20, 0x0, 0x0, 0x0,
    0x0, 0x0, 0x2, 0xff, 0xf3,

    /* U+6700 "最" */
    0x0, 0x1, 0xbb, 0xbb, 0xbb, 0xbb, 0xbb, 0xbb,
    0xbb, 0xbb, 0x0, 0x0, 0x0, 0x2, 0xff, 0xff,
    0xff, 0xff, 0xff, 0xff, 0xff, 0xff, 0x0, 0x0,
    0x0, 0x2, 0xff, 0xf8, 0x66, 0x66, 0x66, 0x66,
    0xaf, 0xff, 0x0, 0x0, 0x0, 0x2, 0xff, 0xff,
    0xff, 0xff, 0xff, 0xff, 0xff, 0xff, 0x0, 0x0,
    0x0, 0x2, 0xff, 0xff, 0xff, 0xff, 0xff, 0xff,
    0xff, 0xff, 0x0, 0x0, 0x0, 0x2, 0xff, 0xf8,
    0x66, 0x66, 0x66, 0x66, 0xaf, 0xff, 0x0, 0x0,
    0x0, 0x2, 0xff, 0xff, 0xff, 0xff, 0xff, 0xff,
    0xff, 0xff, 0x0, 0x0, 0x0, 0x1, 0xbb, 0xbb,
    0xbb, 0xbb, 0xbb, 0xbb, 0xbb, 0xbb, 0x0, 0x0,
    0xa, 0xaa, 0xaa, 0xaa, 0xaa, 0xaa, 0xaa, 0xaa,
    0xaa, 0xaa, 0xaa, 0xa0, 0xf, 0xff, 0xff, 0xff,
    0xff, 0xff, 0xff, 0xff, 0xff, 0xff, 0xff, 0xf0,
    0xf, 0xff, 0xff, 0xff, 0xff, 0xff, 0xff, 0xff,
    0xff, 0xff, 0xff, 0xf0, 0x0, 0x1f, 0xff, 0x76,
    0xaf, 0xfe, 0x36, 0x66, 0x66, 0x66, 0x74, 0x0,
    0x0, 0xf, 0xff, 0xff, 0xff, 0xfe, 0x5f, 0xff,
    0xff, 0xff, 0xff, 0xa0, 0x0, 0xf, 0xff, 0xff,
    0xff, 0xfe, 0x5f, 0xff, 0xff, 0xff, 0xff, 0x60,
    0x0, 0xf, 0xff, 0x75, 0xaf, 0xfe, 0x2a, 0xff,
    0x85, 0x9f, 0xff, 0x0, 0x0, 0xf, 0xff, 0xff,
    0xff, 0xfe, 0x8, 0xff, 0xd1, 0xdf, 0xf9, 0x0,
    0x0, 0xf, 0xff, 0xff, 0xff, 0xfe, 0x0, 0xdf,
    0xfe, 0xff, 0xe1, 0x0, 0x0, 0xf, 0xff, 0x55,
    0xaf, 0xff, 0xa0, 0x3f, 0xff, 0xff, 0x50, 0x0,
    0xd, 0xef, 0xff, 0xff, 0xff, 0xff, 0xe0, 0x5e,
    0xff, 0xff, 0xc6, 0x10, 0xf, 0xff, 0xff, 0xff,
    0xff, 0xff, 0xfd, 0xff, 0xff, 0xff, 0xff, 0xf3,
    0xd, 0xdc, 0xa9, 0x86, 0x9f, 0xfe, 0xc, 0xff,
    0xb4, 0xaf, 0xff, 0x70, 0x0, 0x0, 0x0, 0x0,
    0x6f, 0xfe, 0x2, 0xb3, 0x0, 0x2, 0x8a, 0x0,

    /* U+672A "未" */
    0x0, 0x0, 0x0, 0x0, 0x0, 0xbc, 0xca, 0x0,
    0x0, 0x0, 0x0, 0x0, 0x0, 0x0, 0x0, 0x0,
    0x0, 0xdf, 0xfd, 0x0, 0x0, 0x0, 0x0, 0x0,
    0x0, 0x0, 0x0, 0x0, 0x0, 0xdf, 0xfd, 0x0,
    0x0, 0x0, 0x0, 0x0, 0x0, 0x1, 0x11, 0x11,
    0x11, 0xef, 0xfd, 0x11, 0x11, 0x11, 0x10, 0x0,
    0x0, 0xf, 0xff, 0xff, 0xff, 0xff, 0xff, 0xff,
    0xff, 0xff, 0xf1, 0x0, 0x0, 0xf, 0xff, 0xff,
    0xff, 0xff, 0xff, 0xff, 0xff, 0xff, 0xf1, 0x0,
    0x0, 0xf, 0xff, 0xff, 0xff, 0xff, 0xff, 0xff,
    0xff, 0xff, 0xf1, 0x0, 0x0, 0x5, 0x55, 0x55,
    0x55, 0xef, 0xfe, 0x55, 0x55, 0x55, 0x50, 0x0,
    0x0, 0x0, 0x0, 0x0, 0x0, 0xdf, 0xfd, 0x0,
    0x0, 0x0, 0x0, 0x0, 0x1, 0x22, 0x22, 0x22,
    0x22, 0xef, 0xfd, 0x22, 0x22, 0x22, 0x22, 0x20,
    0xc, 0xff, 0xff, 0xff, 0xff, 0xff, 0xff, 0xff,
    0xff, 0xff, 0xff, 0xe0, 0xc, 0xff, 0xff, 0xff,
    0xff, 0xff, 0xff, 0xff, 0xff, 0xff, 0xff, 0xe0,
    0xc, 0xff, 0xff, 0xff, 0xff, 0xff, 0xff, 0xff,
    0xff, 0xff, 0xff, 0xe0, 0x3, 0x44, 0x44, 0x44,
    0xdf, 0xff, 0xff, 0xfc, 0x44, 0x44, 0x44, 0x40,
    0x0, 0x0, 0x0, 0x9, 0xff, 0xff, 0xff, 0xff,
    0x80, 0x0, 0x0, 0x0, 0x0, 0x0, 0x0, 0xaf,
    0xff, 0xff, 0xff, 0xff, 0xf9, 0x0, 0x0, 0x0,
    0x0, 0x0, 0x2d, 0xff, 0xfe, 0xff, 0xfe, 0xef,
    0xff, 0xc1, 0x0, 0x0, 0x0, 0x7, 0xff, 0xff,
    0xe2, 0xdf, 0xfd, 0x2d, 0xff, 0xff, 0x60, 0x0,
    0x6, 0xdf, 0xff, 0xfd, 0x10, 0xdf, 0xfd, 0x1,
    0xdf, 0xff, 0xfc, 0x40, 0x5f, 0xff, 0xff, 0xc1,
    0x0, 0xdf, 0xfd, 0x0, 0x1d, 0xff, 0xff, 0xf3,
    0x7, 0xff, 0xf7, 0x0, 0x0, 0xdf, 0xfd, 0x0,
    0x0, 0x8f, 0xff, 0x50, 0x0, 0xab, 0x20, 0x0,
    0x0, 0xdf, 0xfd, 0x0, 0x0, 0x3, 0xd8, 0x0,
    0x0, 0x0, 0x0, 0x0, 0x0, 0xdf, 0xfd, 0x0,
    0x0, 0x0, 0x0, 0x0,

    /* U+6761 "条" */
    0x0, 0x0, 0x0, 0x0, 0x97, 0x41, 0x0, 0x0,
    0x0, 0x0, 0x0, 0x0, 0x0, 0x0, 0x0, 0x8,
    0xff, 0xfc, 0x0, 0x0, 0x0, 0x0, 0x0, 0x0,
    0x0, 0x0, 0x0, 0x6f, 0xff, 0xfe, 0xdd, 0xdd,
    0xde, 0x91, 0x0, 0x0, 0x0, 0x0, 0x7, 0xff,
    0xff, 0xff, 0xff, 0xff, 0xff, 0xfe, 0x0, 0x0,
    0x0, 0x1, 0xbf, 0xff, 0xff, 0xff, 0xff, 0xff,
    0xff, 0xf6, 0x0, 0x0, 0x0, 0x7f, 0xff, 0xff,
    0xfd, 0x30, 0x3, 0xdf, 0xff, 0xb0, 0x0, 0x0,
    0x4, 0xff, 0xff, 0xff, 0xff, 0xf7, 0x6f, 0xff,
    0xfc, 0x10, 0x0, 0x0, 0x0, 0x3f, 0xfa, 0x17,
    0xff, 0xff, 0xff, 0xff, 0xb0, 0x0, 0x0, 0x0,
    0x0, 0x5, 0x40, 0x2, 0xbf, 0xff, 0xff, 0xff,
    0x62, 0x0, 0x0, 0x0, 0x0, 0x3, 0x69, 0xef,
    0xff, 0xff, 0xff, 0xff, 0xff, 0xea, 0x85, 0x30,
    0x3e, 0xff, 0xff, 0xff, 0xff, 0xfc, 0xaf, 0xff,
    0xff, 0xff, 0xff, 0xe1, 0xd, 0xff, 0xff, 0xff,
    0xf9, 0x52, 0x22, 0x6d, 0xff, 0xff, 0xff, 0x50,
    0x6, 0xff, 0xff, 0xb7, 0x10, 0xdf, 0xfb, 0x0,
    0x37, 0xbe, 0xfc, 0x0, 0x0, 0xa8, 0x41, 0x11,
    0x11, 0xdf, 0xfb, 0x11, 0x11, 0x11, 0x32, 0x0,
    0x0, 0xa, 0xff, 0xff, 0xff, 0xff, 0xff, 0xff,
    0xff, 0xff, 0xf1, 0x0, 0x0, 0xa, 0xff, 0xff,
    0xff, 0xff, 0xff, 0xff, 0xff, 0xff, 0xf1, 0x0,
    0x0, 0x8, 0xdd, 0xdd, 0xdd, 0xff, 0xff, 0xdd,
    0xde, 0xdd, 0xd1, 0x0, 0x0, 0x0, 0xa, 0xd7,
    0x10, 0xdf, 0xfb, 0x0, 0x9f, 0x50, 0x0, 0x0,
    0x0, 0x4, 0xdf, 0xff, 0x50, 0xdf, 0xfb, 0xb,
    0xff, 0xf8, 0x0, 0x0, 0x3, 0xcf, 0xff, 0xf5,
    0x0, 0xdf, 0xfb, 0x1, 0xdf, 0xff, 0x90, 0x0,
    0x1, 0xdf, 0xfe, 0x35, 0xff, 0xff, 0xf9, 0x0,
    0xc, 0xff, 0xf6, 0x0, 0x0, 0x2e, 0xa0, 0x0,
    0xef, 0xff, 0xf5, 0x0, 0x0, 0xcf, 0x80, 0x0,
    0x0, 0x1, 0x0, 0x0, 0xaf, 0xeb, 0x50, 0x0,
    0x0, 0x14, 0x0, 0x0,

    /* U+67E5 "查" */
    0x0, 0x0, 0x0, 0x0, 0x0, 0x88, 0x83, 0x0,
    0x0, 0x0, 0x0, 0x0, 0x0, 0x0, 0x0, 0x0,
    0x0, 0xff, 0xf6, 0x0, 0x0, 0x0, 0x0, 0x0,
    0x0, 0x0, 0x0, 0x0, 0x1, 0xff, 0xf6, 0x0,
    0x0, 0x0, 0x0, 0x0, 0xf, 0xff, 0xff, 0xff,
    0xff, 0xff, 0xff, 0xff, 0xff, 0xff, 0xff, 0x90,
    0xf, 0xff, 0xff, 0xff, 0xff, 0xff, 0xff, 0xff,
    0xff, 0xff, 0xff, 0x90, 0xf, 0xff, 0xff, 0xff,
    0xff, 0xff, 0xff, 0xff, 0xff, 0xff, 0xff, 0x90,
    0x0, 0x0, 0x2, 0xdf, 0xff, 0xff, 0xff, 0xff,
    0xf7, 0x0, 0x0, 0x0, 0x0, 0x0, 0x6f, 0xff,
    0xf9, 0xff, 0xf9, 0xef, 0xff, 0xb1, 0x0, 0x0,
    0x0, 0x4b, 0xff, 0xff, 0x90, 0xff, 0xf6, 0x3f,
    0xff, 0xff, 0x92, 0x0, 0x4c, 0xff, 0xff, 0xf8,
    0x0, 0xff, 0xf6, 0x2, 0xdf, 0xff, 0xff, 0xb0,
    0x3f, 0xff, 0xff, 0x94, 0x44, 0x55, 0x54, 0x44,
    0x5e, 0xff, 0xff, 0x70, 0x5, 0xff, 0xdf, 0xff,
    0xff, 0xff, 0xff, 0xff, 0xff, 0xec, 0xfa, 0x0,
    0x0, 0x61, 0x8f, 0xff, 0xff, 0xff, 0xff, 0xff,
    0xff, 0xc0, 0x31, 0x0, 0x0, 0x0, 0x8f, 0xff,
    0x44, 0x44, 0x44, 0x4d, 0xff, 0xc0, 0x0, 0x0,
    0x0, 0x0, 0x8f, 0xff, 0xff, 0xff, 0xff, 0xff,
    0xff, 0xc0, 0x0, 0x0, 0x0, 0x0, 0x8f, 0xff,
    0xdd, 0xdd, 0xdd, 0xdf, 0xff, 0xc0, 0x0, 0x0,
    0x0, 0x0, 0x8f, 0xff, 0x55, 0x55, 0x55, 0x5e,
    0xff, 0xc0, 0x0, 0x0, 0x0, 0x0, 0x8f, 0xff,
    0xff, 0xff, 0xff, 0xff, 0xff, 0xc0, 0x0, 0x0,
    0x0, 0x0, 0x7e, 0xee, 0xee, 0xee, 0xee, 0xee,
    0xee, 0xb0, 0x0, 0x0, 0x2, 0x22, 0x22, 0x22,
    0x22, 0x22, 0x22, 0x22, 0x22, 0x22, 0x22, 0x10,
    0xe, 0xff, 0xff, 0xff, 0xff, 0xff, 0xff, 0xff,
    0xff, 0xff, 0xff, 0x70, 0xe, 0xff, 0xff, 0xff,
    0xff, 0xff, 0xff, 0xff, 0xff, 0xff, 0xff, 0x70,
    0xc, 0xdd, 0xdd, 0xdd, 0xdd, 0xdd, 0xdd, 0xdd,
    0xdd, 0xdd, 0xdd, 0x60,

    /* U+6807 "标" */
    0x0, 0x1, 0xcc, 0xc3, 0x0, 0x0, 0x0, 0x0,
    0x0, 0x0, 0x0, 0x0, 0x0, 0x2, 0xff, 0xf4,
    0x0, 0x2, 0x33, 0x33, 0x33, 0x33, 0x33, 0x0,
    0x0, 0x2, 0xff, 0xf4, 0x0, 0xa, 0xff, 0xff,
    0xff, 0xff, 0xff, 0x0, 0x0, 0x2, 0xff, 0xf4,
    0x0, 0xa, 0xff, 0xff, 0xff, 0xff, 0xff, 0x0,
    0x0, 0x2, 0xff, 0xf4, 0x0, 0xa, 0xff, 0xff,
    0xff, 0xff, 0xff, 0x0, 0x5f, 0xff, 0xff, 0xff,
    0xfe, 0x0, 0x0, 0x0, 0x0, 0x0, 0x0, 0x0,
    0x5f, 0xff, 0xff, 0xff, 0xfe, 0x0, 0x0, 0x0,
    0x0, 0x0, 0x0, 0x0, 0x5f, 0xff, 0xff, 0xff,
    0xfe, 0x34, 0x44, 0x44, 0x44, 0x44, 0x44, 0x41,
    0x26, 0x6f, 0xff, 0xf9, 0x66, 0xcf, 0xff, 0xff,
    0xff, 0xff, 0xff, 0xf4, 0x0, 0x2f, 0xff, 0xfc,
    0x0, 0xcf, 0xff, 0xff, 0xff, 0xff, 0xff, 0xf4,
    0x0, 0x6f, 0xff, 0xff, 0xb0, 0xcf, 0xff, 0xff,
    0xff, 0xff, 0xff, 0xf4, 0x0, 0xbf, 0xff, 0xff,
    0xf9, 0x0, 0x0, 0x5f, 0xff, 0x20, 0x0, 0x0,
    0x1, 0xff, 0xff, 0xff, 0xff, 0x40, 0x0, 0x5f,
    0xff, 0x20, 0x1, 0x0, 0x8, 0xff, 0xff, 0xf9,
    0xfb, 0x5f, 0xc8, 0x5f, 0xff, 0x5a, 0xfb, 0x0,
    0x1f, 0xff, 0xff, 0xf4, 0xa1, 0xaf, 0xfa, 0x5f,
    0xff, 0x6f, 0xff, 0x10, 0x7f, 0xfc, 0xff, 0xf4,
    0x0, 0xef, 0xf5, 0x5f, 0xff, 0x3d, 0xff, 0x70,
    0x1f, 0xf6, 0xff, 0xf4, 0x4, 0xff, 0xf0, 0x5f,
    0xff, 0x28, 0xff, 0xc0, 0x8, 0xc2, 0xff, 0xf4,
    0xb, 0xff, 0xb0, 0x5f, 0xff, 0x23, 0xff, 0xf1,
    0x1, 0x32, 0xff, 0xf4, 0x4f, 0xff, 0x40, 0x5f,
    0xff, 0x20, 0xff, 0xf5, 0x0, 0x2, 0xff, 0xf4,
    0x6f, 0xfc, 0x68, 0xcf, 0xff, 0x20, 0xbf, 0xf9,
    0x0, 0x2, 0xff, 0xf4, 0x1, 0xb3, 0x6f, 0xff,
    0xff, 0x0, 0x8e, 0x92, 0x0, 0x2, 0xff, 0xf4,
    0x0, 0x0, 0x2f, 0xff, 0xfc, 0x0, 0x10, 0x0,
    0x0, 0x2, 0xff, 0xf4, 0x0, 0x0, 0xf, 0xfd,
    0x81, 0x0, 0x0, 0x0, 0x0, 0x0, 0x0, 0x0,
    0x0, 0x0, 0x0, 0x0, 0x0, 0x0, 0x0, 0x0,

    /* U+6863 "档" */
    0x0, 0x2, 0xcc, 0xc0, 0x0, 0x0, 0x0, 0xab,
    0xb4, 0x0, 0x0, 0x0, 0x0, 0x3, 0xff, 0xf1,
    0x0, 0x3, 0x0, 0xef, 0xf6, 0x0, 0x0, 0x0,
    0x0, 0x3, 0xff, 0xf1, 0x8, 0xef, 0x10, 0xef,
    0xf6, 0x7, 0xfc, 0x80, 0x0, 0x3, 0xff, 0xf1,
    0xa, 0xff, 0x80, 0xef, 0xf6, 0xc, 0xff, 0xb0,
    0x0, 0x3, 0xff, 0xf1, 0x4, 0xff, 0xe0, 0xef,
    0xf6, 0x1f, 0xff, 0x40, 0xe, 0xee, 0xff, 0xfe,
    0xe9, 0xef, 0xf3, 0xef, 0xf6, 0x7f, 0xfd, 0x0,
    0xf, 0xff, 0xff, 0xff, 0xfa, 0xaf, 0xf8, 0xef,
    0xf6, 0xdf, 0xf6, 0x0, 0xf, 0xff, 0xff, 0xff,
    0xfa, 0x5f, 0x92, 0xef, 0xf8, 0xcf, 0xe0, 0x0,
    0x5, 0x5d, 0xff, 0xf6, 0x53, 0x0, 0x0, 0xef,
    0xf6, 0x1, 0x20, 0x0, 0x0, 0x1f, 0xff, 0xf2,
    0x4, 0x66, 0x66, 0xff, 0xfa, 0x66, 0x66, 0x30,
    0x0, 0x5f, 0xff, 0xfc, 0xa, 0xff, 0xff, 0xff,
    0xff, 0xff, 0xff, 0x70, 0x0, 0xaf, 0xff, 0xff,
    0x8a, 0xff, 0xff, 0xff, 0xff, 0xff, 0xff, 0x70,
    0x0, 0xef, 0xff, 0xff, 0xfc, 0xee, 0xee, 0xee,
    0xee, 0xef, 0xff, 0x70, 0x6, 0xff, 0xff, 0xff,
    0xfd, 0x0, 0x0, 0x0, 0x0, 0xe, 0xff, 0x70,
    0xd, 0xff, 0xff, 0xfa, 0xfa, 0xff, 0xff, 0xff,
    0xff, 0xff, 0xff, 0x70, 0x7f, 0xfc, 0xff, 0xf2,
    0xa4, 0xff, 0xff, 0xff, 0xff, 0xff, 0xff, 0x70,
    0x6f, 0xf6, 0xff, 0xf1, 0x4, 0xff, 0xff, 0xff,
    0xff, 0xff, 0xff, 0x70, 0xd, 0xc3, 0xff, 0xf1,
    0x0, 0x22, 0x22, 0x22, 0x22, 0x2e, 0xff, 0x70,
    0x7, 0x43, 0xff, 0xf1, 0x2, 0x22, 0x22, 0x22,
    0x22, 0x2e, 0xff, 0x70, 0x0, 0x3, 0xff, 0xf1,
    0x3f, 0xff, 0xff, 0xff, 0xff, 0xff, 0xff, 0x70,
    0x0, 0x3, 0xff, 0xf1, 0x3f, 0xff, 0xff, 0xff,
    0xff, 0xff, 0xff, 0x70, 0x0, 0x3, 0xff, 0xf1,
    0x3f, 0xff, 0xff, 0xff, 0xff, 0xff, 0xff, 0x70,
    0x0, 0x3, 0xff, 0xf1, 0x2, 0x22, 0x22, 0x22,
    0x22, 0x2e, 0xff, 0x70,

    /* U+68C0 "检" */
    0x0, 0x0, 0x0, 0x0, 0x0, 0x0, 0x0, 0x0,
    0x0, 0x0, 0x0, 0x0, 0x0, 0x7, 0xcc, 0x70,
    0x0, 0x0, 0x0, 0xeb, 0x40, 0x0, 0x0, 0x0,
    0x0, 0x8, 0xff, 0x90, 0x0, 0x0, 0x9, 0xff,
    0xf3, 0x0, 0x0, 0x0, 0x0, 0x8, 0xff, 0x90,
    0x0, 0x0, 0x5f, 0xff, 0xfa, 0x0, 0x0, 0x0,
    0x0, 0x8, 0xff, 0x90, 0x0, 0x3, 0xff, 0xff,
    0xff, 0xb0, 0x0, 0x0, 0x15, 0x5b, 0xff, 0xb5,
    0x0, 0x3e, 0xff, 0xfe, 0xff, 0xfd, 0x20, 0x0,
    0x3f, 0xff, 0xff, 0xff, 0x24, 0xff, 0xff, 0x72,
    0xdf, 0xff, 0xf7, 0x0, 0x3f, 0xff, 0xff, 0xff,
    0x7f, 0xff, 0xf8, 0x0, 0x1c, 0xff, 0xff, 0xd4,
    0x3f, 0xff, 0xff, 0xff, 0xff, 0xff, 0xb0, 0x0,
    0x1, 0xbf, 0xff, 0xf7, 0x1, 0x1e, 0xff, 0xaa,
    0xff, 0xff, 0xff, 0xff, 0xff, 0xff, 0xff, 0xe0,
    0x0, 0x3f, 0xff, 0xf3, 0xdf, 0x8d, 0xff, 0xff,
    0xff, 0xfe, 0x3d, 0x80, 0x0, 0x7f, 0xff, 0xfd,
    0x54, 0xb, 0xdd, 0xdd, 0xdd, 0xdc, 0x0, 0x10,
    0x0, 0xcf, 0xff, 0xff, 0x90, 0x0, 0x0, 0x0,
    0x10, 0x1, 0x0, 0x0, 0x3, 0xff, 0xff, 0xff,
    0xf4, 0x6a, 0x20, 0xef, 0xb0, 0xa, 0xfd, 0x50,
    0xa, 0xff, 0xff, 0xcf, 0x77, 0xff, 0x60, 0xdf,
    0xf0, 0xf, 0xff, 0x10, 0x3f, 0xff, 0xff, 0x95,
    0x3, 0xff, 0xb0, 0x9f, 0xf2, 0x5f, 0xfa, 0x0,
    0x2f, 0xfe, 0xff, 0x90, 0x0, 0xff, 0xe0, 0x7f,
    0xf5, 0xbf, 0xf3, 0x0, 0xa, 0xe9, 0xff, 0x90,
    0x0, 0xcf, 0xf2, 0x5f, 0xfa, 0xff, 0xc0, 0x0,
    0x3, 0x78, 0xff, 0x90, 0x0, 0x9f, 0xd3, 0x27,
    0x5b, 0xff, 0x40, 0x0, 0x0, 0x8, 0xff, 0x90,
    0x0, 0x21, 0x0, 0x0, 0x1f, 0xfc, 0x0, 0x0,
    0x0, 0x8, 0xff, 0x90, 0x8d, 0xdd, 0xdd, 0xdd,
    0xef, 0xfe, 0xdd, 0x80, 0x0, 0x8, 0xff, 0x90,
    0xaf, 0xff, 0xff, 0xff, 0xff, 0xff, 0xff, 0xa0,
    0x0, 0x8, 0xff, 0x90, 0xaf, 0xff, 0xff, 0xff,
    0xff, 0xff, 0xff, 0xa0, 0x0, 0x8, 0xff, 0x90,
    0x23, 0x33, 0x33, 0x33, 0x33, 0x33, 0x33, 0x20,

    /* U+6A21 "模" */
    0x0, 0x8, 0xcc, 0x70, 0x0, 0x2, 0x66, 0x60,
    0x6, 0x66, 0x30, 0x0, 0x0, 0xb, 0xff, 0x90,
    0x3, 0x48, 0xff, 0xf4, 0x4f, 0xff, 0x94, 0x30,
    0x0, 0xb, 0xff, 0x90, 0xd, 0xff, 0xff, 0xff,
    0xff, 0xff, 0xff, 0xc0, 0x0, 0xb, 0xff, 0x90,
    0xd, 0xff, 0xff, 0xff, 0xff, 0xff, 0xff, 0xc0,
    0x1, 0x1b, 0xff, 0xa1, 0x1a, 0xbd, 0xff, 0xfb,
    0xbf, 0xff, 0xdb, 0x90, 0x1f, 0xff, 0xff, 0xff,
    0x90, 0x5, 0xff, 0xe0, 0xe, 0xff, 0x70, 0x0,
    0x1f, 0xff, 0xff, 0xff, 0x94, 0xbb, 0xbb, 0xbb,
    0xbb, 0xbb, 0xb8, 0x0, 0x1f, 0xff, 0xff, 0xff,
    0x95, 0xff, 0xff, 0xff, 0xff, 0xff, 0xfc, 0x0,
    0x0, 0xb, 0xff, 0xa0, 0x5, 0xff, 0xf7, 0x77,
    0x77, 0xcf, 0xfc, 0x0, 0x0, 0xe, 0xff, 0xf3,
    0x5, 0xff, 0xfe, 0xee, 0xee, 0xff, 0xfc, 0x0,
    0x0, 0x5f, 0xff, 0xfe, 0x15, 0xff, 0xff, 0xff,
    0xff, 0xff, 0xfc, 0x0, 0x0, 0xaf, 0xff, 0xff,
    0xa5, 0xff, 0xf5, 0x55, 0x55, 0xbf, 0xfc, 0x0,
    0x1, 0xff, 0xff, 0xff, 0xfb, 0xff, 0xff, 0xff,
    0xff, 0xff, 0xfc, 0x0, 0x8, 0xff, 0xff, 0xcf,
    0xe7, 0xff, 0xff, 0xff, 0xff, 0xff, 0xfc, 0x0,
    0x1f, 0xff, 0xff, 0x9c, 0x31, 0x44, 0x44, 0xef,
    0xf9, 0x44, 0x43, 0x0, 0x9f, 0xff, 0xff, 0x90,
    0x2a, 0xaa, 0xaa, 0xff, 0xfc, 0xaa, 0xaa, 0x90,
    0x3f, 0xfd, 0xff, 0x90, 0x4f, 0xff, 0xff, 0xff,
    0xff, 0xff, 0xff, 0xf0, 0xb, 0xbb, 0xff, 0x90,
    0x4f, 0xff, 0xff, 0xff, 0xff, 0xff, 0xff, 0xf0,
    0x5, 0x3b, 0xff, 0x90, 0x2, 0x23, 0xcf, 0xff,
    0xff, 0xfe, 0x62, 0x20, 0x0, 0xb, 0xff, 0x90,
    0x2, 0x8e, 0xff, 0xfd, 0x4f, 0xff, 0xf9, 0x40,
    0x0, 0xb, 0xff, 0x91, 0xef, 0xff, 0xff, 0xd1,
    0x5, 0xff, 0xff, 0xf4, 0x0, 0xb, 0xff, 0x90,
    0x5f, 0xff, 0xf8, 0x0, 0x0, 0x6f, 0xff, 0x70,
    0x0, 0xb, 0xff, 0x90, 0xb, 0xb6, 0x0, 0x0,
    0x0, 0x2, 0x8b, 0x0,

    /* U+6B21 "次" */
    0x0, 0x0, 0x0, 0x0, 0x0, 0x54, 0x10, 0x0,
    0x0, 0x0, 0x0, 0x0, 0x0, 0x0, 0x0, 0x0,
    0x0, 0xff, 0xfd, 0x0, 0x0, 0x0, 0x0, 0x0,
    0x0, 0x88, 0x0, 0x0, 0x3, 0xff, 0xfb, 0x0,
    0x0, 0x0, 0x0, 0x0, 0x5, 0xff, 0xe6, 0x0,
    0x7, 0xff, 0xf7, 0x0, 0x0, 0x0, 0x10, 0x0,
    0xe, 0xff, 0xff, 0xb1, 0xc, 0xff, 0xff, 0xff,
    0xff, 0xff, 0xf9, 0x10, 0x2, 0xcf, 0xff, 0xfa,
    0x2f, 0xff, 0xff, 0xff, 0xff, 0xff, 0xff, 0xe0,
    0x0, 0x7, 0xff, 0xe1, 0x8f, 0xff, 0xff, 0xff,
    0xff, 0xff, 0xff, 0xc0, 0x0, 0x0, 0x3e, 0x31,
    0xff, 0xff, 0x88, 0x88, 0x88, 0xaf, 0xff, 0x70,
    0x0, 0x0, 0x0, 0x8, 0xff, 0xfa, 0x1f, 0xff,
    0xa0, 0x7f, 0xff, 0x30, 0x0, 0x0, 0x0, 0x4f,
    0xff, 0xf3, 0x1f, 0xff, 0xa0, 0xcf, 0xfd, 0x0,
    0x0, 0x0, 0x0, 0xbf, 0xff, 0xb0, 0x2f, 0xff,
    0xa1, 0xff, 0xf7, 0x0, 0x0, 0x0, 0x16, 0x5,
    0xef, 0x10, 0x4f, 0xff, 0xb1, 0x9f, 0xf1, 0x0,
    0x0, 0x0, 0x8f, 0x90, 0x3, 0x0, 0x6f, 0xff,
    0xf0, 0x1, 0x50, 0x0, 0x0, 0x2, 0xff, 0xfb,
    0x0, 0x0, 0xaf, 0xff, 0xf5, 0x0, 0x0, 0x0,
    0x0, 0xb, 0xff, 0xf6, 0x0, 0x0, 0xff, 0xff,
    0xfc, 0x0, 0x0, 0x0, 0x0, 0x4f, 0xff, 0xd0,
    0x0, 0x7, 0xff, 0xff, 0xff, 0x60, 0x0, 0x0,
    0x0, 0xdf, 0xff, 0x50, 0x0, 0x2f, 0xff, 0xff,
    0xff, 0xe1, 0x0, 0x0, 0x8, 0xff, 0xfc, 0x0,
    0x0, 0xdf, 0xff, 0xd7, 0xff, 0xfd, 0x10, 0x0,
    0x3f, 0xff, 0xf4, 0x0, 0x1c, 0xff, 0xff, 0x40,
    0xdf, 0xff, 0xd2, 0x0, 0x9, 0xff, 0xb0, 0x3,
    0xdf, 0xff, 0xf8, 0x0, 0x3f, 0xff, 0xff, 0xa2,
    0x0, 0x5e, 0x30, 0xaf, 0xff, 0xff, 0xa0, 0x0,
    0x5, 0xff, 0xff, 0xf3, 0x0, 0x1, 0x0, 0x5f,
    0xff, 0xf9, 0x0, 0x0, 0x0, 0x4f, 0xff, 0x50,
    0x0, 0x0, 0x0, 0x5, 0xfe, 0x50, 0x0, 0x0,
    0x0, 0x1, 0xab, 0x0, 0x0, 0x0, 0x0, 0x0,
    0x40, 0x0, 0x0, 0x0, 0x0, 0x0, 0x0, 0x0,

    /* U+6BD4 "比" */
    0x0, 0x11, 0x11, 0x0, 0x0, 0x0, 0x22, 0x22,
    0x0, 0x0, 0x0, 0x0, 0x0, 0xbf, 0xff, 0x0,
    0x0, 0x0, 0xff, 0xfb, 0x0, 0x0, 0x0, 0x0,
    0x0, 0xbf, 0xff, 0x0, 0x0, 0x0, 0xff, 0xfb,
    0x0, 0x0, 0x0, 0x0, 0x0, 0xbf, 0xff, 0x0,
    0x0, 0x0, 0xff, 0xfb, 0x0, 0x0, 0x10, 0x0,
    0x0, 0xbf, 0xff, 0x0, 0x0, 0x0, 0xff, 0xfb,
    0x0, 0x3, 0xf4, 0x0, 0x0, 0xbf, 0xff, 0x0,
    0x0, 0x0, 0xff, 0xfb, 0x0, 0x2e, 0xff, 0x30,
    0x0, 0xbf, 0xff, 0x0, 0x0, 0x0, 0xff, 0xfb,
    0x2, 0xef, 0xff, 0xe1, 0x0, 0xbf, 0xff, 0x77,
    0x77, 0x71, 0xff, 0xfb, 0x2e, 0xff, 0xff, 0x90,
    0x0, 0xbf, 0xff, 0xff, 0xff, 0xf2, 0xff, 0xfd,
    0xdf, 0xff, 0xf7, 0x0, 0x0, 0xbf, 0xff, 0xff,
    0xff, 0xf2, 0xff, 0xff, 0xff, 0xff, 0x40, 0x0,
    0x0, 0xbf, 0xff, 0xff, 0xff, 0xf2, 0xff, 0xff,
    0xff, 0xd2, 0x0, 0x0, 0x0, 0xbf, 0xff, 0x0,
    0x0, 0x0, 0xff, 0xff, 0xfa, 0x0, 0x0, 0x0,
    0x0, 0xbf, 0xff, 0x0, 0x0, 0x0, 0xff, 0xff,
    0x70, 0x0, 0x0, 0x0, 0x0, 0xbf, 0xff, 0x0,
    0x0, 0x0, 0xff, 0xfc, 0x0, 0x0, 0x0, 0x0,
    0x0, 0xbf, 0xff, 0x0, 0x0, 0x0, 0xff, 0xfb,
    0x0, 0x3, 0x50, 0x0, 0x0, 0xbf, 0xff, 0x0,
    0x0, 0x0, 0xff, 0xfb, 0x0, 0x5, 0xfc, 0x60,
    0x0, 0xbf, 0xff, 0x0, 0x5, 0x70, 0xff, 0xfb,
    0x0, 0x6, 0xff, 0xf0, 0x0, 0xbf, 0xff, 0x49,
    0xef, 0xc0, 0xff, 0xfb, 0x0, 0x8, 0xff, 0xf0,
    0x0, 0xdf, 0xff, 0xff, 0xff, 0xc0, 0xef, 0xfc,
    0x0, 0xa, 0xff, 0xc0, 0x2, 0xff, 0xff, 0xff,
    0xff, 0xd0, 0xdf, 0xff, 0x97, 0x8f, 0xff, 0x90,
    0xd, 0xff, 0xff, 0xff, 0xd7, 0x10, 0xaf, 0xff,
    0xff, 0xff, 0xff, 0x50, 0x8, 0xff, 0xff, 0x93,
    0x0, 0x0, 0x4f, 0xff, 0xff, 0xff, 0xfc, 0x0,
    0x0, 0xee, 0x71, 0x0, 0x0, 0x0, 0x4, 0xce,
    0xff, 0xfd, 0x90, 0x0, 0x0, 0x40, 0x0, 0x0,
    0x0, 0x0, 0x0, 0x0, 0x0, 0x0, 0x0, 0x0,

    /* U+6BEB "毫" */
    0x0, 0x0, 0x0, 0x0, 0x0, 0x37, 0xb2, 0x0,
    0x0, 0x0, 0x0, 0x0, 0x1, 0x11, 0x11, 0x11,
    0x13, 0xff, 0xfb, 0x11, 0x11, 0x11, 0x11, 0x10,
    0xf, 0xff, 0xff, 0xff, 0xff, 0xff, 0xff, 0xff,
    0xff, 0xff, 0xff, 0xf0, 0xf, 0xff, 0xff, 0xff,
    0xff, 0xff, 0xff, 0xff, 0xff, 0xff, 0xff, 0xf0,
    0x8, 0x88, 0x88, 0x88, 0x88, 0x88, 0x88, 0x88,
    0x88, 0x88, 0x88, 0x80, 0x0, 0x0, 0x8d, 0xdd,
    0xdd, 0xdd, 0xdd, 0xdd, 0xdd, 0xd9, 0x0, 0x0,
    0x0, 0x0, 0xaf, 0xff, 0xff, 0xff, 0xff, 0xff,
    0xff, 0xfb, 0x0, 0x0, 0x0, 0x0, 0xaf, 0xfe,
    0x33, 0x33, 0x33, 0x33, 0xff, 0xfb, 0x0, 0x0,
    0x0, 0x0, 0xaf, 0xff, 0xff, 0xff, 0xff, 0xff,
    0xff, 0xfb, 0x0, 0x0, 0x0, 0x0, 0x57, 0x77,
    0x77, 0x77, 0x77, 0x77, 0x77, 0x75, 0x0, 0x0,
    0xa, 0xdd, 0xdd, 0xdd, 0xdd, 0xdd, 0xdd, 0xdd,
    0xdd, 0xdd, 0xdd, 0xb0, 0xd, 0xff, 0xff, 0xff,
    0xff, 0xff, 0xff, 0xff, 0xff, 0xff, 0xff, 0xd0,
    0xd, 0xff, 0x75, 0x55, 0x55, 0x67, 0x9b, 0xdf,
    0xf9, 0x58, 0xff, 0xd0, 0xd, 0xff, 0x3a, 0xbc,
    0xde, 0xff, 0xff, 0xff, 0xfe, 0x4, 0xff, 0xd0,
    0x8, 0x99, 0x1c, 0xff, 0xff, 0xff, 0xfa, 0x86,
    0x30, 0x2, 0x76, 0x50, 0x0, 0x0, 0x16, 0x88,
    0x9c, 0xff, 0xfa, 0xbc, 0xde, 0xff, 0x80, 0x0,
    0x0, 0x6f, 0xff, 0xff, 0xff, 0xff, 0xff, 0xff,
    0xff, 0xed, 0x80, 0x0, 0x0, 0x4c, 0xba, 0x99,
    0x9c, 0xff, 0xf8, 0x88, 0x88, 0x9a, 0xbc, 0x20,
    0x5, 0xbc, 0xde, 0xff, 0xff, 0xff, 0xff, 0xff,
    0xff, 0xff, 0xff, 0x40, 0x7, 0xff, 0xff, 0xff,
    0xff, 0xff, 0xfb, 0xa9, 0x87, 0x65, 0x8d, 0x50,
    0x3, 0x76, 0x53, 0x21, 0x6, 0xff, 0xfa, 0x76,
    0x66, 0x67, 0xdf, 0xf8, 0x0, 0x0, 0x0, 0x0,
    0x1, 0xef, 0xff, 0xff, 0xff, 0xff, 0xff, 0xf2,
    0x0, 0x0, 0x0, 0x0, 0x0, 0x2a, 0xef, 0xff,
    0xff, 0xff, 0xec, 0x40,

    /* U+6E05 "清" */
    0x0, 0x0, 0x0, 0x0, 0x0, 0x0, 0x6, 0x88,
    0x50, 0x0, 0x0, 0x0, 0x0, 0xb, 0x80, 0x0,
    0x0, 0x0, 0xd, 0xff, 0x90, 0x0, 0x0, 0x0,
    0x0, 0x9f, 0xfe, 0x43, 0xff, 0xff, 0xff, 0xff,
    0xff, 0xff, 0xff, 0x20, 0x2, 0xef, 0xff, 0xf8,
    0xff, 0xff, 0xff, 0xff, 0xff, 0xff, 0xff, 0x20,
    0x0, 0x1a, 0xff, 0xb1, 0x66, 0x66, 0x6e, 0xff,
    0xc6, 0x66, 0x66, 0x10, 0x0, 0x0, 0x5d, 0x10,
    0x8f, 0xff, 0xff, 0xff, 0xff, 0xff, 0xf6, 0x0,
    0x0, 0x0, 0x0, 0x0, 0x8f, 0xff, 0xff, 0xff,
    0xff, 0xff, 0xf7, 0x0, 0x1, 0xc7, 0x0, 0x0,
    0x35, 0x55, 0x5e, 0xff, 0xb5, 0x55, 0x52, 0x0,
    0xb, 0xff, 0xe5, 0x1f, 0xff, 0xff, 0xff, 0xff,
    0xff, 0xff, 0xff, 0xf3, 0x3f, 0xff, 0xff, 0x8f,
    0xff, 0xff, 0xff, 0xff, 0xff, 0xff, 0xff, 0xf3,
    0x1, 0xaf, 0xfe, 0x16, 0x66, 0x66, 0x66, 0x66,
    0x66, 0x66, 0x66, 0x61, 0x0, 0x5, 0xe3, 0x0,
    0x6f, 0xff, 0xff, 0xff, 0xff, 0xff, 0xf6, 0x0,
    0x0, 0x0, 0x0, 0x0, 0x6f, 0xff, 0xff, 0xff,
    0xff, 0xff, 0xf6, 0x0, 0x0, 0x0, 0x64, 0x0,
    0x6f, 0xfe, 0x88, 0x88, 0x88, 0xef, 0xf6, 0x0,
    0x0, 0x0, 0xef, 0x80, 0x6f, 0xfe, 0xaa, 0xaa,
    0xaa, 0xff, 0xf6, 0x0, 0x0, 0x5, 0xff, 0xf5,
    0x6f, 0xff, 0xff, 0xff, 0xff, 0xff, 0xf6, 0x0,
    0x0, 0xc, 0xff, 0xe0, 0x6f, 0xff, 0xbb, 0xbb,
    0xbb, 0xff, 0xf6, 0x0, 0x0, 0x3f, 0xff, 0x80,
    0x6f, 0xfe, 0x66, 0x66, 0x66, 0xef, 0xf6, 0x0,
    0x0, 0xbf, 0xff, 0x20, 0x6f, 0xff, 0xff, 0xff,
    0xff, 0xff, 0xf6, 0x0, 0x3, 0xff, 0xfb, 0x0,
    0x6f, 0xff, 0xff, 0xff, 0xff, 0xff, 0xf6, 0x0,
    0x6, 0xff, 0xf4, 0x0, 0x6f, 0xfc, 0x0, 0x5,
    0xee, 0xff, 0xf5, 0x0, 0x0, 0x2b, 0xd0, 0x0,
    0x6f, 0xfc, 0x0, 0x1, 0xff, 0xff, 0xf2, 0x0,
    0x0, 0x0, 0x20, 0x0, 0x6f, 0xfc, 0x0, 0x0,
    0xcf, 0xea, 0x30, 0x0,

    /* U+6E38 "游" */
    0x0, 0x1, 0x0, 0x0, 0x2, 0x86, 0x0, 0x2,
    0x52, 0x0, 0x0, 0x0, 0x0, 0x7f, 0x91, 0x0,
    0xaf, 0xff, 0x10, 0x7, 0xff, 0xf0, 0x0, 0x0,
    0x4, 0xff, 0xff, 0x70, 0x6f, 0xff, 0x90, 0xb,
    0xff, 0xe0, 0x0, 0x0, 0x6, 0xef, 0xff, 0xa4,
    0x4f, 0xfd, 0x64, 0x3f, 0xff, 0xfd, 0xdd, 0xd4,
    0x0, 0x1a, 0xfa, 0xef, 0xff, 0xff, 0xff, 0xdf,
    0xff, 0xff, 0xff, 0xf5, 0x0, 0x0, 0x40, 0xef,
    0xff, 0xff, 0xff, 0xff, 0xff, 0xff, 0xff, 0xf5,
    0x0, 0x0, 0x0, 0xef, 0xff, 0xff, 0xff, 0xff,
    0xfc, 0x66, 0x66, 0x62, 0x2, 0xe8, 0x10, 0x7,
    0xff, 0xb0, 0x8, 0xff, 0xf9, 0x44, 0x45, 0x0,
    0xd, 0xff, 0xe6, 0x7, 0xff, 0xa0, 0x0, 0x6e,
    0xff, 0xff, 0xff, 0xd2, 0x4f, 0xff, 0xfb, 0x8,
    0xff, 0xff, 0xff, 0xa3, 0xff, 0xff, 0xff, 0xf2,
    0x1, 0xaf, 0xe1, 0x8, 0xff, 0xff, 0xff, 0xa1,
    0x99, 0xef, 0xff, 0x40, 0x0, 0x5, 0x30, 0xa,
    0xff, 0xff, 0xff, 0x90, 0x3, 0xff, 0xf7, 0x0,
    0x0, 0x0, 0x0, 0xb, 0xff, 0x89, 0xff, 0x90,
    0x4, 0xff, 0xe0, 0x0, 0x0, 0x2, 0x0, 0xd,
    0xff, 0x49, 0xff, 0x84, 0x47, 0xff, 0xf4, 0x41,
    0x0, 0xe, 0xb2, 0xf, 0xff, 0x19, 0xff, 0x9f,
    0xff, 0xff, 0xff, 0xf6, 0x0, 0x3f, 0xff, 0x4f,
    0xff, 0xa, 0xff, 0x8f, 0xff, 0xff, 0xff, 0xf6,
    0x0, 0x9f, 0xfe, 0x7f, 0xfc, 0xc, 0xff, 0x7d,
    0xde, 0xff, 0xfd, 0xd5, 0x0, 0xef, 0xf9, 0xbf,
    0xf7, 0xd, 0xff, 0x40, 0x4, 0xff, 0xe0, 0x0,
    0x4, 0xff, 0xf7, 0xff, 0xf2, 0xf, 0xff, 0x20,
    0x4, 0xff, 0xe0, 0x0, 0xb, 0xff, 0xec, 0xff,
    0xe1, 0x5f, 0xff, 0x0, 0x5, 0xff, 0xe0, 0x0,
    0x1f, 0xff, 0xef, 0xff, 0x7f, 0xff, 0xfd, 0xd,
    0xff, 0xff, 0xd0, 0x0, 0x2c, 0xff, 0x4a, 0xfc,
    0xc, 0xff, 0xf7, 0x8, 0xff, 0xff, 0xa0, 0x0,
    0x0, 0x4a, 0x0, 0xb2, 0x9, 0xfd, 0x80, 0x4,
    0xff, 0xea, 0x10, 0x0, 0x0, 0x0, 0x0, 0x0,
    0x0, 0x0, 0x0, 0x0, 0x11, 0x0, 0x0, 0x0,

    /* U+70B9 "点" */
    0x0, 0x0, 0x0, 0x0, 0x0, 0x24, 0x44, 0x0,
    0x0, 0x0, 0x0, 0x0, 0x0, 0x0, 0x0, 0x0,
    0x0, 0x9f, 0xfe, 0x0, 0x0, 0x0, 0x0, 0x0,
    0x0, 0x0, 0x0, 0x0, 0x0, 0x9f, 0xff, 0xdd,
    0xdd, 0xdd, 0xdd, 0x30, 0x0, 0x0, 0x0, 0x0,
    0x0, 0x9f, 0xff, 0xff, 0xff, 0xff, 0xff, 0x40,
    0x0, 0x0, 0x0, 0x0, 0x0, 0x9f, 0xff, 0xff,
    0xff, 0xff, 0xff, 0x40, 0x0, 0x0, 0x0, 0x0,
    0x0, 0x9f, 0xff, 0x55, 0x55, 0x55, 0x55, 0x10,
    0x0, 0x0, 0x0, 0x0, 0x0, 0x9f, 0xfe, 0x0,
    0x0, 0x0, 0x0, 0x0, 0x0, 0x2, 0x55, 0x55,
    0x55, 0xcf, 0xff, 0x55, 0x55, 0x55, 0x30, 0x0,
    0x0, 0x6, 0xff, 0xff, 0xff, 0xff, 0xff, 0xff,
    0xff, 0xff, 0xa0, 0x0, 0x0, 0x6, 0xff, 0xff,
    0xff, 0xff, 0xff, 0xff, 0xff, 0xff, 0xa0, 0x0,
    0x0, 0x6, 0xff, 0xfd, 0xdd, 0xdd, 0xdd, 0xdd,
    0xdf, 0xff, 0xa0, 0x0, 0x0, 0x6, 0xff, 0xe0,
    0x0, 0x0, 0x0, 0x0, 0xe, 0xff, 0xa0, 0x0,
    0x0, 0x6, 0xff, 0xe0, 0x0, 0x0, 0x0, 0x0,
    0xe, 0xff, 0xa0, 0x0, 0x0, 0x6, 0xff, 0xff,
    0xff, 0xff, 0xff, 0xff, 0xff, 0xff, 0xa0, 0x0,
    0x0, 0x6, 0xff, 0xff, 0xff, 0xff, 0xff, 0xff,
    0xff, 0xff, 0xa0, 0x0, 0x0, 0x6, 0xff, 0xff,
    0xff, 0xff, 0xff, 0xff, 0xff, 0xff, 0xa0, 0x0,
    0x0, 0x1, 0x33, 0x33, 0x33, 0x33, 0x33, 0x33,
    0x33, 0x34, 0x40, 0x0, 0x0, 0xc, 0xd9, 0x40,
    0x24, 0x50, 0x4, 0x88, 0x3, 0x9e, 0xe1, 0x0,
    0x0, 0x4f, 0xff, 0x86, 0xff, 0xf1, 0x4f, 0xff,
    0x25, 0xff, 0xfb, 0x0, 0x0, 0xcf, 0xff, 0x14,
    0xff, 0xf3, 0xe, 0xff, 0x80, 0xbf, 0xff, 0x50,
    0x7, 0xff, 0xfa, 0x2, 0xff, 0xf6, 0x8, 0xff,
    0xe0, 0x2f, 0xff, 0xe0, 0x1e, 0xff, 0xe1, 0x1,
    0xff, 0xf8, 0x4, 0xff, 0xf3, 0xa, 0xff, 0xf7,
    0x1, 0x8e, 0x40, 0x0, 0xff, 0xd7, 0x0, 0xd9,
    0x51, 0x2, 0xfa, 0x40, 0x0, 0x0, 0x0, 0x0,
    0x10, 0x0, 0x0, 0x0, 0x0, 0x0, 0x0, 0x0,

    /* U+73A9 "玩" */
    0x3e, 0xee, 0xee, 0xee, 0xe1, 0xaf, 0xff, 0xff,
    0xff, 0xff, 0xff, 0x0, 0x3f, 0xff, 0xff, 0xff,
    0xf1, 0xaf, 0xff, 0xff, 0xff, 0xff, 0xff, 0x0,
    0x3f, 0xff, 0xff, 0xff, 0xf1, 0xaf, 0xff, 0xff,
    0xff, 0xff, 0xff, 0x0, 0x14, 0x4a, 0xff, 0xd4,
    0x40, 0x35, 0x55, 0x55, 0x55, 0x55, 0x55, 0x0,
    0x0, 0x8, 0xff, 0xc0, 0x0, 0x0, 0x0, 0x0,
    0x0, 0x0, 0x0, 0x0, 0x0, 0x8, 0xff, 0xc0,
    0x0, 0x0, 0x0, 0x0, 0x0, 0x0, 0x0, 0x0,
    0x0, 0x8, 0xff, 0xc0, 0x1, 0x33, 0x33, 0x33,
    0x33, 0x33, 0x33, 0x30, 0xf, 0xff, 0xff, 0xff,
    0xe9, 0xff, 0xff, 0xff, 0xff, 0xff, 0xff, 0xf3,
    0xf, 0xff, 0xff, 0xff, 0xf9, 0xff, 0xff, 0xff,
    0xff, 0xff, 0xff, 0xf3, 0xf, 0xff, 0xff, 0xff,
    0xf9, 0xff, 0xff, 0xff, 0xff, 0xff, 0xff, 0xf3,
    0x3, 0x3a, 0xff, 0xd3, 0x31, 0x25, 0xff, 0xf4,
    0xcf, 0xfb, 0x22, 0x20, 0x0, 0x8, 0xff, 0xc0,
    0x0, 0x4, 0xff, 0xf0, 0xcf, 0xfa, 0x0, 0x0,
    0x0, 0x8, 0xff, 0xc0, 0x0, 0x5, 0xff, 0xe0,
    0xcf, 0xfa, 0x0, 0x0, 0x0, 0x8, 0xff, 0xd5,
    0x85, 0x9, 0xff, 0xd0, 0xcf, 0xfa, 0x0, 0x0,
    0x1, 0x4b, 0xff, 0xff, 0xf9, 0xe, 0xff, 0x90,
    0xcf, 0xfa, 0x11, 0x0, 0x9f, 0xff, 0xff, 0xff,
    0xfb, 0x4f, 0xff, 0x40, 0xcf, 0xfa, 0x4f, 0x93,
    0x7f, 0xff, 0xff, 0xfc, 0x86, 0xef, 0xfe, 0x0,
    0xcf, 0xfb, 0x4f, 0xfc, 0x4f, 0xfd, 0x94, 0x10,
    0x7f, 0xff, 0xf6, 0x0, 0xbf, 0xfc, 0x8f, 0xfa,
    0x5, 0x10, 0x0, 0x3f, 0xff, 0xff, 0xa0, 0x0,
    0xaf, 0xff, 0xff, 0xf7, 0x0, 0x0, 0x0, 0x9,
    0xff, 0xf8, 0x0, 0x0, 0x6f, 0xff, 0xff, 0xf1,
    0x0, 0x0, 0x0, 0x0, 0xea, 0x20, 0x0, 0x0,
    0x9, 0xef, 0xfd, 0x50, 0x0, 0x0, 0x0, 0x0,
    0x0, 0x0, 0x0, 0x0, 0x0, 0x0, 0x0, 0x0,

    /* U+7528 "用" */
    0x0, 0xc, 0xff, 0xff, 0xff, 0xff, 0xff, 0xff,
    0xff, 0xff, 0xfe, 0x0, 0xd, 0xff, 0xff, 0xff,
    0xff, 0xff, 0xff, 0xff, 0xff, 0xfe, 0x0, 0xd,
    0xff, 0xff, 0xff, 0xff, 0xff, 0xff, 0xff, 0xff,
    0xfe, 0x0, 0xd, 0xff, 0xc5, 0x55, 0xaf, 0xff,
    0x65, 0x55, 0xbf, 0xfe, 0x0, 0xd, 0xff, 0xa0,
    0x0, 0x7f, 0xff, 0x0, 0x0, 0x8f, 0xfe, 0x0,
    0xd, 0xff, 0xb4, 0x44, 0xaf, 0xff, 0x54, 0x44,
    0xbf, 0xfe, 0x0, 0xd, 0xff, 0xff, 0xff, 0xff,
    0xff, 0xff, 0xff, 0xff, 0xfe, 0x0, 0xd, 0xff,
    0xff, 0xff, 0xff, 0xff, 0xff, 0xff, 0xff, 0xfe,
    0x0, 0xd, 0xff, 0xff, 0xff, 0xff, 0xff, 0xff,
    0xff, 0xff, 0xfe, 0x0, 0xd, 0xff, 0x90, 0x0,
    0x7f, 0xff, 0x0, 0x0, 0x8f, 0xfe, 0x0, 0xe,
    0xff, 0x90, 0x0, 0x7f, 0xff, 0x0, 0x0, 0x8f,
    0xfe, 0x0, 0xe, 0xff, 0xff, 0xff, 0xff, 0xff,
    0xff, 0xff, 0xff, 0xfe, 0x0, 0xf, 0xff, 0xff,
    0xff, 0xff, 0xff, 0xff, 0xff, 0xff, 0xfe, 0x0,
    0x2f, 0xff, 0xff, 0xff, 0xff, 0xff, 0xff, 0xff,
    0xff, 0xfe, 0x0, 0x5f, 0xff, 0x65, 0x55, 0xaf,
    0xff, 0x55, 0x55, 0xbf, 0xfe, 0x0, 0xaf, 0xfd,
    0x0, 0x0, 0x7f, 0xff, 0x0, 0x0, 0x8f, 0xfe,
    0x0, 0xff, 0xf9, 0x0, 0x0, 0x7f, 0xff, 0x0,
    0x0, 0x8f, 0xfe, 0x8, 0xff, 0xf5, 0x0, 0x0,
    0x7f, 0xff, 0x11, 0x11, 0xaf, 0xfe, 0x2f, 0xff,
    0xe0, 0x0, 0x0, 0x7f, 0xff, 0x3f, 0xff, 0xff,
    0xfd, 0x4e, 0xff, 0x70, 0x0, 0x0, 0x7f, 0xff,
    0xc, 0xff, 0xff, 0xf7, 0x1, 0xdd, 0x0, 0x0,
    0x0, 0x7f, 0xff, 0x7, 0xff, 0xfd, 0x70, 0x0,
    0x12, 0x0, 0x0, 0x0, 0x0, 0x0, 0x1, 0x22,
    0x10, 0x0,

    /* U+7531 "由" */
    0x0, 0x0, 0x0, 0x0, 0x77, 0x74, 0x0, 0x0,
    0x0, 0x0, 0x0, 0x0, 0x0, 0x1, 0xff, 0xf8,
    0x0, 0x0, 0x0, 0x0, 0x0, 0x0, 0x0, 0x1,
    0xff, 0xf8, 0x0, 0x0, 0x0, 0x0, 0x0, 0x0,
    0x0, 0x1, 0xff, 0xf8, 0x0, 0x0, 0x0, 0x0,
    0x0, 0x0, 0x0, 0x1, 0xff, 0xf8, 0x0, 0x0,
    0x0, 0x0, 0xef, 0xff, 0xff, 0xff, 0xff, 0xff,
    0xff, 0xff, 0xff, 0xfb, 0xef, 0xff, 0xff, 0xff,
    0xff, 0xff, 0xff, 0xff, 0xff, 0xfb, 0xef, 0xff,
    0xff, 0xff, 0xff, 0xff, 0xff, 0xff, 0xff, 0xfb,
    0xef, 0xfc, 0x88, 0x88, 0xff, 0xfc, 0x88, 0x88,
    0xff, 0xfb, 0xef, 0xf9, 0x0, 0x1, 0xff, 0xf8,
    0x0, 0x0, 0xef, 0xfb, 0xef, 0xf9, 0x0, 0x1,
    0xff, 0xf8, 0x0, 0x0, 0xef, 0xfb, 0xef, 0xfa,
    0x11, 0x13, 0xff, 0xf9, 0x11, 0x11, 0xff, 0xfb,
    0xef, 0xff, 0xff, 0xff, 0xff, 0xff, 0xff, 0xff,
    0xff, 0xfb, 0xef, 0xff, 0xff, 0xff, 0xff, 0xff,
    0xff, 0xff, 0xff, 0xfb, 0xef, 0xff, 0xff, 0xff,
    0xff, 0xff, 0xff, 0xff, 0xff, 0xfb, 0xef, 0xfb,
    0x44, 0x45, 0xff, 0xfa, 0x44, 0x44, 0xff, 0xfb,
    0xef, 0xf9, 0x0, 0x1, 0xff, 0xf8, 0x0, 0x0,
    0xef, 0xfb, 0xef, 0xf9, 0x0, 0x1, 0xff, 0xf8,
    0x0, 0x0, 0xef, 0xfb, 0xef, 0xfb, 0x55, 0x56,
    0xff, 0xfa, 0x55, 0x55, 0xff, 0xfb, 0xef, 0xff,
    0xff, 0xff, 0xff, 0xff, 0xff, 0xff, 0xff, 0xfb,
    0xef, 0xff, 0xff, 0xff, 0xff, 0xff, 0xff, 0xff,
    0xff, 0xfb, 0xef, 0xff, 0xff, 0xff, 0xff, 0xff,
    0xff, 0xff, 0xff, 0xfb, 0xef, 0xfa, 0x11, 0x11,
    0x11, 0x11, 0x11, 0x11, 0xff, 0xfb,

    /* U+753B "画" */
    0x22, 0x22, 0x22, 0x22, 0x22, 0x22, 0x22, 0x22,
    0x22, 0x22, 0x22, 0xef, 0xff, 0xff, 0xff, 0xff,
    0xff, 0xff, 0xff, 0xff, 0xff, 0xfe, 0xef, 0xff,
    0xff, 0xff, 0xff, 0xff, 0xff, 0xff, 0xff, 0xff,
    0xfe, 0xef, 0xff, 0xff, 0xff, 0xff, 0xff, 0xff,
    0xff, 0xff, 0xff, 0xfe, 0x11, 0x11, 0x11, 0x11,
    0x11, 0x11, 0x11, 0x11, 0x11, 0x11, 0x11, 0x0,
    0x0, 0x6, 0x99, 0x99, 0x99, 0x99, 0x99, 0x70,
    0x0, 0x0, 0x0, 0x0, 0xa, 0xff, 0xff, 0xff,
    0xff, 0xff, 0xb0, 0x11, 0x10, 0x6f, 0xff, 0x2a,
    0xff, 0xff, 0xff, 0xff, 0xff, 0xb1, 0xff, 0xf6,
    0x6f, 0xff, 0x2a, 0xff, 0x4a, 0xff, 0x86, 0xff,
    0xb1, 0xff, 0xf6, 0x6f, 0xff, 0x2a, 0xff, 0x29,
    0xff, 0x74, 0xff, 0xb1, 0xff, 0xf6, 0x6f, 0xff,
    0x2a, 0xff, 0xff, 0xff, 0xff, 0xff, 0xb1, 0xff,
    0xf6, 0x6f, 0xff, 0x2a, 0xff, 0xff, 0xff, 0xff,
    0xff, 0xb1, 0xff, 0xf6, 0x6f, 0xff, 0x2a, 0xff,
    0xad, 0xff, 0xcb, 0xff, 0xb1, 0xff, 0xf6, 0x6f,
    0xff, 0x2a, 0xff, 0x29, 0xff, 0x74, 0xff, 0xb1,
    0xff, 0xf6, 0x6f, 0xff, 0x2a, 0xff, 0xff, 0xff,
    0xff, 0xff, 0xb1, 0xff, 0xf6, 0x6f, 0xff, 0x2a,
    0xff, 0xff, 0xff, 0xff, 0xff, 0xb1, 0xff, 0xf6,
    0x6f, 0xff, 0x28, 0xcc, 0xcc, 0xcc, 0xcc, 0xcc,
    0x81, 0xff, 0xf6, 0x6f, 0xff, 0x41, 0x11, 0x11,
    0x11, 0x11, 0x11, 0x12, 0xff, 0xf6, 0x6f, 0xff,
    0xff, 0xff, 0xff, 0xff, 0xff, 0xff, 0xff, 0xff,
    0xf6, 0x6f, 0xff, 0xff, 0xff, 0xff, 0xff, 0xff,
    0xff, 0xff, 0xff, 0xf6, 0x6f, 0xff, 0xff, 0xff,
    0xff, 0xff, 0xff, 0xff, 0xff, 0xff, 0xf6, 0x12,
    0x22, 0x22, 0x22, 0x22, 0x22, 0x22, 0x22, 0x23,
    0xff, 0xf6,

    /* U+7684 "的" */
    0x0, 0x0, 0xa8, 0x63, 0x0, 0x0, 0x8, 0x51,
    0x0, 0x0, 0x0, 0x0, 0x0, 0x1f, 0xff, 0x90,
    0x0, 0x5, 0xff, 0xf4, 0x0, 0x0, 0x0, 0x0,
    0x4, 0xff, 0xf3, 0x0, 0x0, 0xaf, 0xff, 0x0,
    0x0, 0x0, 0x0, 0x0, 0x6f, 0xfe, 0x0, 0x0,
    0xf, 0xff, 0xb0, 0x0, 0x0, 0x0, 0x3d, 0xde,
    0xff, 0xfd, 0xdd, 0x25, 0xff, 0xff, 0xff, 0xff,
    0xff, 0x3, 0xff, 0xff, 0xff, 0xff, 0xf3, 0xdf,
    0xff, 0xff, 0xff, 0xff, 0xf0, 0x3f, 0xff, 0xff,
    0xff, 0xff, 0x9f, 0xff, 0xff, 0xff, 0xff, 0xff,
    0x3, 0xff, 0xe2, 0x22, 0xff, 0xff, 0xff, 0xf2,
    0x11, 0x15, 0xff, 0xf0, 0x3f, 0xfe, 0x0, 0xe,
    0xff, 0xff, 0xf7, 0x0, 0x0, 0x4f, 0xff, 0x3,
    0xff, 0xe0, 0x0, 0xef, 0xf9, 0xfe, 0x1, 0x0,
    0x4, 0xff, 0xe0, 0x3f, 0xff, 0x99, 0x9f, 0xff,
    0x32, 0x6a, 0xf2, 0x0, 0x5f, 0xfd, 0x3, 0xff,
    0xff, 0xff, 0xff, 0xf3, 0xe, 0xff, 0xc0, 0x5,
    0xff, 0xd0, 0x3f, 0xff, 0xff, 0xff, 0xff, 0x30,
    0x6f, 0xff, 0x60, 0x6f, 0xfc, 0x3, 0xff, 0xf6,
    0x66, 0xff, 0xf3, 0x0, 0xcf, 0xfe, 0x17, 0xff,
    0xb0, 0x3f, 0xfe, 0x0, 0xe, 0xff, 0x30, 0x3,
    0xff, 0xf9, 0x8f, 0xfb, 0x3, 0xff, 0xe0, 0x0,
    0xef, 0xf3, 0x0, 0xb, 0xfd, 0x49, 0xff, 0xa0,
    0x3f, 0xfe, 0x0, 0xe, 0xff, 0x30, 0x0, 0x37,
    0x0, 0xbf, 0xf8, 0x3, 0xff, 0xf7, 0x77, 0xff,
    0xf3, 0x0, 0x0, 0x0, 0xd, 0xff, 0x70, 0x3f,
    0xff, 0xff, 0xff, 0xff, 0x30, 0x0, 0x0, 0x1,
    0xff, 0xf5, 0x3, 0xff, 0xff, 0xff, 0xff, 0xf3,
    0x0, 0x65, 0x45, 0xaf, 0xff, 0x20, 0x3f, 0xff,
    0x99, 0x99, 0x99, 0x10, 0xa, 0xff, 0xff, 0xff,
    0xe0, 0x3, 0xff, 0xe0, 0x0, 0x0, 0x0, 0x0,
    0x4f, 0xff, 0xff, 0xf4, 0x0, 0x14, 0x44, 0x0,
    0x0, 0x0, 0x0, 0x0, 0xff, 0xfe, 0xa3, 0x0,
    0x0, 0x0, 0x0, 0x0, 0x0, 0x0, 0x0, 0x0,
    0x0, 0x0, 0x0, 0x0,

    /* U+786E "确" */
    0x0, 0x0, 0x0, 0x0, 0x0, 0x0, 0x86, 0x20,
    0x0, 0x0, 0x0, 0x0, 0xcc, 0xcc, 0xcc, 0xcc,
    0x70, 0x2f, 0xff, 0x10, 0x0, 0x0, 0x0, 0xf,
    0xff, 0xff, 0xff, 0xf9, 0x9, 0xff, 0xfb, 0xbb,
    0xba, 0x10, 0x0, 0xff, 0xff, 0xff, 0xff, 0x92,
    0xff, 0xff, 0xff, 0xff, 0xff, 0x30, 0x5, 0x5d,
    0xff, 0xa5, 0x54, 0xcf, 0xff, 0xff, 0xff, 0xff,
    0xe1, 0x0, 0x0, 0xff, 0xf4, 0x0, 0x8f, 0xff,
    0x30, 0x9, 0xff, 0xf5, 0x0, 0x0, 0x4f, 0xff,
    0x0, 0x8f, 0xff, 0xa0, 0x2, 0xff, 0xfc, 0x10,
    0x0, 0x8, 0xff, 0xc0, 0xa, 0xff, 0xff, 0xff,
    0xff, 0xff, 0xff, 0xfe, 0x0, 0xcf, 0xf8, 0x0,
    0x1e, 0xff, 0xff, 0xff, 0xff, 0xff, 0xff, 0xe0,
    0x3f, 0xff, 0xed, 0xdd, 0x7c, 0xff, 0xed, 0xff,
    0xfd, 0xef, 0xfe, 0xa, 0xff, 0xff, 0xff, 0xf2,
    0x9f, 0xf9, 0x1f, 0xff, 0x6, 0xff, 0xe3, 0xff,
    0xff, 0xff, 0xff, 0x29, 0xff, 0xff, 0xff, 0xff,
    0xff, 0xfe, 0x6f, 0xff, 0xf4, 0xaf, 0xf2, 0x9f,
    0xff, 0xff, 0xff, 0xff, 0xff, 0xe1, 0xff, 0xff,
    0x3a, 0xff, 0x2a, 0xff, 0xc9, 0xff, 0xf8, 0xbf,
    0xfe, 0xc, 0xff, 0xf3, 0xaf, 0xf2, 0xbf, 0xfa,
    0x4f, 0xff, 0x38, 0xff, 0xe0, 0x7b, 0xff, 0x3a,
    0xff, 0x2c, 0xff, 0xff, 0xff, 0xff, 0xff, 0xfe,
    0x0, 0x9f, 0xf3, 0xaf, 0xf2, 0xdf, 0xff, 0xff,
    0xff, 0xff, 0xff, 0xe0, 0x9, 0xff, 0xef, 0xff,
    0x4f, 0xff, 0x88, 0xff, 0xf7, 0xbf, 0xfe, 0x0,
    0x9f, 0xff, 0xff, 0xf8, 0xff, 0xe0, 0x1f, 0xff,
    0x6, 0xff, 0xe0, 0x9, 0xff, 0xff, 0xff, 0xef,
    0xfa, 0x1, 0xff, 0xf0, 0x6f, 0xfe, 0x0, 0x9f,
    0xf6, 0x22, 0x6f, 0xff, 0x50, 0x1f, 0xff, 0xdf,
    0xff, 0xd0, 0x9, 0xff, 0x30, 0x9, 0xff, 0xd0,
    0x1, 0xff, 0xf9, 0xff, 0xf9, 0x0, 0x35, 0x51,
    0x0, 0x4, 0xd5, 0x0, 0x4, 0x44, 0x6f, 0xe9,
    0x0, 0x0, 0x0, 0x0, 0x0, 0x0, 0x0, 0x0,
    0x0, 0x0, 0x0, 0x0,

    /* U+793A "示" */
    0x0, 0x0, 0x11, 0x11, 0x11, 0x11, 0x11, 0x11,
    0x11, 0x11, 0x10, 0x0, 0x0, 0x7, 0xff, 0xff,
    0xff, 0xff, 0xff, 0xff, 0xff, 0xff, 0x90, 0x0,
    0x0, 0x7, 0xff, 0xff, 0xff, 0xff, 0xff, 0xff,
    0xff, 0xff, 0x90, 0x0, 0x0, 0x7, 0xff, 0xff,
    0xff, 0xff, 0xff, 0xff, 0xff, 0xff, 0x90, 0x0,
    0x0, 0x2, 0x55, 0x55, 0x55, 0x55, 0x55, 0x55,
    0x55, 0x55, 0x30, 0x0, 0x0, 0x0, 0x0, 0x0,
    0x0, 0x0, 0x0, 0x0, 0x0, 0x0, 0x0, 0x0,
    0x3, 0x55, 0x55, 0x55, 0x55, 0x55, 0x55, 0x55,
    0x55, 0x55, 0x55, 0x50, 0xb, 0xff, 0xff, 0xff,
    0xff, 0xff, 0xff, 0xff, 0xff, 0xff, 0xff, 0xe0,
    0xb, 0xff, 0xff, 0xff, 0xff, 0xff, 0xff, 0xff,
    0xff, 0xff, 0xff, 0xe0, 0xb, 0xff, 0xff, 0xff,
    0xff, 0xff, 0xff, 0xff, 0xff, 0xff, 0xff, 0xe0,
    0x1, 0x22, 0x22, 0x22, 0x22, 0xcf, 0xff, 0x32,
    0x22, 0x22, 0x22, 0x20, 0x0, 0x0, 0x52, 0x0,
    0x0, 0xbf, 0xff, 0x10, 0x0, 0x55, 0x0, 0x0,
    0x0, 0x2, 0xff, 0xe9, 0x0, 0xbf, 0xff, 0x10,
    0x8e, 0xff, 0x10, 0x0, 0x0, 0xa, 0xff, 0xf7,
    0x0, 0xbf, 0xff, 0x10, 0x8f, 0xff, 0xa0, 0x0,
    0x0, 0x2f, 0xff, 0xf0, 0x0, 0xbf, 0xff, 0x10,
    0xe, 0xff, 0xf5, 0x0, 0x0, 0xbf, 0xff, 0x80,
    0x0, 0xbf, 0xff, 0x10, 0x6, 0xff, 0xfd, 0x0,
    0x7, 0xff, 0xfe, 0x10, 0x0, 0xbf, 0xff, 0x10,
    0x0, 0xdf, 0xff, 0x60, 0x4f, 0xff, 0xf5, 0x0,
    0x0, 0xbf, 0xff, 0x10, 0x0, 0x6f, 0xff, 0xc0,
    0x4, 0xef, 0xa0, 0x7a, 0x9a, 0xff, 0xff, 0x10,
    0x0, 0xf, 0xfe, 0x80, 0x0, 0x8, 0x0, 0x5f,
    0xff, 0xff, 0xff, 0x0, 0x0, 0x8, 0x60, 0x0,
    0x0, 0x0, 0x0, 0xf, 0xff, 0xff, 0xf8, 0x0,
    0x0, 0x0, 0x0, 0x0, 0x0, 0x0, 0x0, 0xb,
    0xff, 0xda, 0x50, 0x0, 0x0, 0x0, 0x0, 0x0,
    0x0, 0x0, 0x0, 0x0, 0x0, 0x0, 0x0, 0x0,
    0x0, 0x0, 0x0, 0x0,

    /* U+79D2 "秒" */
    0x0, 0x0, 0x0, 0x3, 0x50, 0x0, 0x0, 0x3b,
    0xbb, 0x0, 0x0, 0x0, 0x0, 0x2, 0x59, 0xef,
    0xf3, 0x0, 0x0, 0x5f, 0xff, 0x0, 0x0, 0x0,
    0x1b, 0xff, 0xff, 0xff, 0xfd, 0x0, 0x0, 0x5f,
    0xff, 0x0, 0x0, 0x0, 0xd, 0xff, 0xff, 0xff,
    0xc8, 0x10, 0x0, 0x5f, 0xff, 0x0, 0x10, 0x0,
    0x8, 0xfd, 0xff, 0xf5, 0x0, 0x8, 0x52, 0x5f,
    0xff, 0x5b, 0xf7, 0x0, 0x0, 0x0, 0xff, 0xf5,
    0x0, 0x1f, 0xff, 0x8f, 0xff, 0x9f, 0xfd, 0x0,
    0x0, 0x0, 0xff, 0xf5, 0x0, 0x3f, 0xff, 0x5f,
    0xff, 0x3f, 0xff, 0x30, 0x7f, 0xff, 0xff, 0xff,
    0xff, 0x7f, 0xfd, 0x5f, 0xff, 0xe, 0xff, 0x90,
    0x7f, 0xff, 0xff, 0xff, 0xff, 0xaf, 0xfa, 0x5f,
    0xff, 0x8, 0xff, 0xe0, 0x7f, 0xff, 0xff, 0xff,
    0xff, 0xef, 0xf7, 0x5f, 0xff, 0x4, 0xff, 0xf2,
    0x13, 0x3c, 0xff, 0xf9, 0x35, 0xff, 0xf3, 0x5f,
    0xff, 0x0, 0xff, 0xa2, 0x0, 0x1f, 0xff, 0xff,
    0x51, 0x9f, 0xe0, 0x5f, 0xff, 0x0, 0x50, 0x0,
    0x0, 0x8f, 0xff, 0xff, 0xf5, 0x1, 0x40, 0x5f,
    0xff, 0x9, 0xa5, 0x10, 0x1, 0xff, 0xff, 0xff,
    0xff, 0x10, 0x0, 0x5f, 0xff, 0x2f, 0xff, 0xa0,
    0xb, 0xff, 0xff, 0xfe, 0xfa, 0x0, 0x0, 0x5f,
    0xff, 0xbf, 0xff, 0x30, 0x5f, 0xff, 0xff, 0xf7,
    0xd0, 0x0, 0x0, 0x2, 0x29, 0xff, 0xfb, 0x0,
    0x7f, 0xf9, 0xff, 0xf5, 0x0, 0x0, 0x0, 0x0,
    0x5f, 0xff, 0xf2, 0x0, 0xe, 0xf2, 0xff, 0xf5,
    0x0, 0x0, 0x0, 0x1a, 0xff, 0xff, 0x60, 0x0,
    0x8, 0x60, 0xff, 0xf5, 0x0, 0x0, 0x49, 0xff,
    0xff, 0xf8, 0x0, 0x0, 0x1, 0x0, 0xff, 0xf5,
    0x28, 0xbe, 0xff, 0xff, 0xff, 0x60, 0x0, 0x0,
    0x0, 0x0, 0xff, 0xf5, 0x1e, 0xff, 0xff, 0xff,
    0x91, 0x0, 0x0, 0x0, 0x0, 0x0, 0xff, 0xf5,
    0x6, 0xff, 0xfe, 0x92, 0x0, 0x0, 0x0, 0x0,
    0x0, 0x0, 0xff, 0xf5, 0x0, 0xb7, 0x30, 0x0,
    0x0, 0x0, 0x0, 0x0,

    /* U+79FB "移" */
    0x0, 0x0, 0x0, 0x16, 0x40, 0x0, 0x0, 0x3a,
    0x63, 0x0, 0x0, 0x0, 0x0, 0x3, 0x6b, 0xff,
    0xe1, 0x0, 0x2, 0xef, 0xfe, 0x20, 0x0, 0x0,
    0x9, 0xff, 0xff, 0xff, 0xfb, 0x0, 0x3e, 0xff,
    0xfd, 0xaa, 0xb5, 0x0, 0x6, 0xff, 0xff, 0xff,
    0xb6, 0x7, 0xff, 0xff, 0xff, 0xff, 0xff, 0x90,
    0x1, 0xec, 0xff, 0xf5, 0x5, 0xdf, 0xff, 0xff,
    0xff, 0xff, 0xff, 0x20, 0x0, 0x0, 0xef, 0xf5,
    0x9, 0xff, 0xfc, 0x63, 0x2a, 0xff, 0xf7, 0x0,
    0x0, 0x0, 0xef, 0xf5, 0x0, 0x9f, 0x89, 0xfd,
    0x9f, 0xff, 0xd0, 0x0, 0x2f, 0xff, 0xff, 0xff,
    0xfe, 0x2, 0x6f, 0xff, 0xff, 0xfc, 0x10, 0x0,
    0x2f, 0xff, 0xff, 0xff, 0xfe, 0x0, 0x4c, 0xff,
    0xff, 0xb0, 0x0, 0x0, 0x2f, 0xff, 0xff, 0xff,
    0xff, 0x9e, 0xff, 0xff, 0xff, 0x61, 0x0, 0x0,
    0x3, 0x4f, 0xff, 0xf9, 0x35, 0xff, 0xff, 0xff,
    0xff, 0xf3, 0x0, 0x0, 0x0, 0x4f, 0xff, 0xff,
    0x40, 0x8f, 0xe8, 0xcf, 0xff, 0xfc, 0xcd, 0x71,
    0x0, 0xaf, 0xff, 0xff, 0xf4, 0x3, 0xa, 0xff,
    0xff, 0xff, 0xff, 0xf9, 0x1, 0xff, 0xff, 0xff,
    0xff, 0x13, 0xcf, 0xff, 0xff, 0xff, 0xff, 0xf2,
    0xa, 0xff, 0xff, 0xfd, 0xfd, 0x9f, 0xff, 0xfb,
    0x11, 0x4f, 0xff, 0xb0, 0x3f, 0xfd, 0xef, 0xf6,
    0xe5, 0xff, 0xff, 0x98, 0xa3, 0xef, 0xff, 0x20,
    0x4f, 0xf7, 0xef, 0xf5, 0x10, 0x4f, 0xd7, 0xdf,
    0xff, 0xff, 0xf7, 0x0, 0xc, 0xf1, 0xef, 0xf5,
    0x0, 0x4, 0x0, 0x8f, 0xff, 0xff, 0x80, 0x0,
    0x5, 0x80, 0xef, 0xf5, 0x0, 0x0, 0x3, 0xbf,
    0xff, 0xf9, 0x0, 0x0, 0x0, 0x0, 0xef, 0xf5,
    0x0, 0x15, 0xbf, 0xff, 0xff, 0x80, 0x0, 0x0,
    0x0, 0x0, 0xef, 0xf5, 0x9, 0xff, 0xff, 0xff,
    0xb2, 0x0, 0x0, 0x0, 0x0, 0x0, 0xef, 0xf5,
    0x2, 0xff, 0xff, 0xd5, 0x0, 0x0, 0x0, 0x0,
    0x0, 0x0, 0xef, 0xf5, 0x0, 0x8e, 0x82, 0x0,
    0x0, 0x0, 0x0, 0x0, 0x0, 0x0, 0x0, 0x0,
    0x0, 0x0, 0x0, 0x0, 0x0, 0x0, 0x0, 0x0,

    /* U+7A0B "程" */
    0x0, 0x0, 0x0, 0x5, 0x10, 0x0, 0x0, 0x0,
    0x0, 0x0, 0x0, 0x0, 0x0, 0x2, 0x5a, 0xef,
    0xc0, 0xd, 0xdd, 0xdd, 0xdd, 0xdd, 0xdd, 0x40,
    0x3b, 0xef, 0xff, 0xff, 0xfa, 0xf, 0xff, 0xff,
    0xff, 0xff, 0xff, 0x50, 0x1f, 0xff, 0xff, 0xff,
    0xb6, 0xf, 0xff, 0xff, 0xff, 0xff, 0xff, 0x50,
    0xb, 0xfe, 0xff, 0xf8, 0x0, 0xf, 0xff, 0x40,
    0x0, 0x1f, 0xff, 0x50, 0x1, 0x10, 0xdf, 0xf7,
    0x0, 0xf, 0xff, 0x30, 0x0, 0xf, 0xff, 0x50,
    0x0, 0x0, 0xdf, 0xf7, 0x0, 0xf, 0xff, 0x40,
    0x0, 0x1f, 0xff, 0x50, 0xb, 0xbb, 0xff, 0xfd,
    0xb9, 0xf, 0xff, 0xff, 0xff, 0xff, 0xff, 0x50,
    0x1f, 0xff, 0xff, 0xff, 0xfc, 0xf, 0xff, 0xff,
    0xff, 0xff, 0xff, 0x50, 0x1f, 0xff, 0xff, 0xff,
    0xfc, 0xd, 0xdd, 0xdd, 0xdd, 0xdd, 0xdd, 0x40,
    0x8, 0x8b, 0xff, 0xfc, 0x86, 0x0, 0x0, 0x0,
    0x0, 0x0, 0x0, 0x0, 0x0, 0xc, 0xff, 0xff,
    0x40, 0xaf, 0xff, 0xff, 0xff, 0xff, 0xff, 0xe0,
    0x0, 0x4f, 0xff, 0xff, 0xf4, 0xaf, 0xff, 0xff,
    0xff, 0xff, 0xff, 0xe0, 0x0, 0xcf, 0xff, 0xff,
    0xff, 0xce, 0xee, 0xff, 0xff, 0xfe, 0xee, 0xd0,
    0x7, 0xff, 0xff, 0xfe, 0xfe, 0x10, 0x0, 0x2f,
    0xff, 0x50, 0x0, 0x0, 0x3f, 0xff, 0xff, 0xf8,
    0xd3, 0x1d, 0xdd, 0xef, 0xff, 0xed, 0xdd, 0x30,
    0x5f, 0xfb, 0xdf, 0xf7, 0x10, 0x1f, 0xff, 0xff,
    0xff, 0xff, 0xff, 0x40, 0xd, 0xf4, 0xdf, 0xf7,
    0x0, 0x1f, 0xff, 0xff, 0xff, 0xff, 0xff, 0x40,
    0x7, 0xc0, 0xdf, 0xf7, 0x0, 0x0, 0x0, 0x3f,
    0xff, 0x50, 0x0, 0x0, 0x1, 0x20, 0xdf, 0xf7,
    0x0, 0x0, 0x0, 0x2f, 0xff, 0x50, 0x0, 0x0,
    0x0, 0x0, 0xdf, 0xf7, 0x8, 0xff, 0xff, 0xff,
    0xff, 0xff, 0xff, 0xf6, 0x0, 0x0, 0xdf, 0xf7,
    0x8, 0xff, 0xff, 0xff, 0xff, 0xff, 0xff, 0xf6,
    0x0, 0x0, 0xdf, 0xf7, 0x8, 0xff, 0xff, 0xff,
    0xff, 0xff, 0xff, 0xf6,

    /* U+7B2C "第" */
    0x0, 0x0, 0xaa, 0x61, 0x0, 0x0, 0x0, 0x9b,
    0x73, 0x0, 0x0, 0x0, 0x0, 0x3, 0xff, 0xf7,
    0x0, 0x0, 0x1, 0xff, 0xfb, 0x0, 0x0, 0x0,
    0x0, 0xb, 0xff, 0xff, 0xff, 0xff, 0x58, 0xff,
    0xff, 0xff, 0xff, 0xf7, 0x0, 0x5f, 0xff, 0xff,
    0xff, 0xff, 0x9f, 0xff, 0xff, 0xff, 0xff, 0xf7,
    0x2, 0xff, 0xfc, 0xef, 0xfe, 0x89, 0xff, 0xff,
    0x9f, 0xff, 0xe7, 0x73, 0x1e, 0xff, 0xe1, 0x6f,
    0xff, 0x29, 0xff, 0xf9, 0x8, 0xff, 0xf3, 0x0,
    0x4, 0xcf, 0x50, 0xe, 0xf9, 0x20, 0x7f, 0xd0,
    0x0, 0xee, 0x81, 0x0, 0x0, 0x1f, 0xdd, 0xdf,
    0xed, 0xdd, 0xde, 0xfd, 0xdd, 0xfe, 0xc0, 0x0,
    0x0, 0x1f, 0xff, 0xff, 0xff, 0xff, 0xff, 0xff,
    0xff, 0xff, 0xe0, 0x0, 0x0, 0x1f, 0xff, 0xff,
    0xff, 0xff, 0xff, 0xff, 0xff, 0xff, 0xe0, 0x0,
    0x0, 0x0, 0x0, 0x0, 0x1, 0xff, 0xf6, 0x0,
    0x8, 0xff, 0xe0, 0x0, 0x0, 0x4, 0xff, 0xff,
    0xff, 0xff, 0xff, 0xff, 0xff, 0xff, 0xe0, 0x0,
    0x0, 0x5, 0xff, 0xff, 0xff, 0xff, 0xff, 0xff,
    0xff, 0xff, 0xe0, 0x0, 0x0, 0x7, 0xff, 0xfc,
    0xcc, 0xff, 0xfd, 0xcc, 0xcc, 0xcc, 0xb0, 0x0,
    0x0, 0x9, 0xff, 0xd2, 0x22, 0xff, 0xf7, 0x22,
    0x22, 0x22, 0x22, 0x0, 0x0, 0xb, 0xff, 0xff,
    0xff, 0xff, 0xff, 0xff, 0xff, 0xff, 0xff, 0x40,
    0x0, 0xe, 0xff, 0xff, 0xff, 0xff, 0xff, 0xff,
    0xff, 0xff, 0xff, 0x20, 0x0, 0xb, 0xbb, 0xcf,
    0xff, 0xff, 0xfd, 0xbb, 0xbb, 0xdf, 0xff, 0x10,
    0x0, 0x0, 0x6, 0xef, 0xff, 0xff, 0xf5, 0x0,
    0x0, 0x9f, 0xff, 0x0, 0x0, 0x39, 0xef, 0xff,
    0xe5, 0xff, 0xf5, 0xb, 0xee, 0xff, 0xfd, 0x0,
    0xb, 0xff, 0xff, 0xfa, 0x10, 0xff, 0xf5, 0x5,
    0xff, 0xff, 0xf8, 0x0, 0x1, 0xdf, 0xfc, 0x40,
    0x0, 0xff, 0xf5, 0x1, 0xff, 0xff, 0xa0, 0x0,
    0x0, 0x3a, 0x30, 0x0, 0x0, 0xff, 0xf5, 0x0,
    0x33, 0x20, 0x0, 0x0,

    /* U+7B80 "简" */
    0x0, 0x0, 0x96, 0x20, 0x0, 0x0, 0x0, 0x65,
    0x20, 0x0, 0x0, 0x0, 0x0, 0x5, 0xff, 0xf7,
    0x0, 0x0, 0x0, 0xff, 0xf7, 0x0, 0x0, 0x0,
    0x0, 0xd, 0xff, 0xfe, 0xdd, 0xdd, 0x36, 0xff,
    0xfe, 0xdd, 0xdd, 0xd1, 0x0, 0x7f, 0xff, 0xff,
    0xff, 0xff, 0x4e, 0xff, 0xff, 0xff, 0xff, 0xf1,
    0x5, 0xff, 0xff, 0xff, 0xff, 0xff, 0xcf, 0xff,
    0xff, 0xff, 0xff, 0xf1, 0x3f, 0xff, 0xf2, 0xbf,
    0xfd, 0x3, 0xff, 0xfc, 0xe, 0xff, 0x90, 0x0,
    0x8, 0xff, 0x60, 0x2f, 0xff, 0x30, 0x4e, 0xf2,
    0x6, 0xff, 0xc0, 0x0, 0x0, 0x48, 0x5e, 0x8a,
    0x94, 0x22, 0x24, 0x72, 0x23, 0xe7, 0x22, 0x0,
    0x0, 0x7, 0xff, 0xf8, 0x6f, 0xff, 0xff, 0xff,
    0xff, 0xff, 0xff, 0x40, 0x0, 0x0, 0xbf, 0xff,
    0x9f, 0xff, 0xff, 0xff, 0xff, 0xff, 0xff, 0x40,
    0x1, 0xdd, 0xef, 0xd3, 0x5e, 0xee, 0xee, 0xee,
    0xee, 0xef, 0xff, 0x40, 0x1, 0xff, 0xf8, 0x0,
    0x44, 0x44, 0x44, 0x44, 0x40, 0x2f, 0xff, 0x40,
    0x1, 0xff, 0xf4, 0x3, 0xff, 0xff, 0xff, 0xff,
    0xe0, 0x2f, 0xff, 0x40, 0x1, 0xff, 0xf4, 0x3,
    0xff, 0xff, 0xff, 0xff, 0xe0, 0x2f, 0xff, 0x40,
    0x1, 0xff, 0xf4, 0x3, 0xff, 0xc3, 0x35, 0xff,
    0xe0, 0x2f, 0xff, 0x40, 0x1, 0xff, 0xf4, 0x3,
    0xff, 0xff, 0xff, 0xff, 0xe0, 0x2f, 0xff, 0x40,
    0x1, 0xff, 0xf4, 0x3, 0xff, 0xff, 0xff, 0xff,
    0xe0, 0x2f, 0xff, 0x40, 0x1, 0xff, 0xf4, 0x3,
    0xff, 0xc3, 0x35, 0xff, 0xe0, 0x2f, 0xff, 0x40,
    0x1, 0xff, 0xf4, 0x3, 0xff, 0xff, 0xff, 0xff,
    0xe0, 0x2f, 0xff, 0x40, 0x1, 0xff, 0xf4, 0x3,
    0xff, 0xff, 0xff, 0xff, 0xe0, 0x2f, 0xff, 0x40,
    0x1, 0xff, 0xf4, 0x1, 0x88, 0x88, 0x88, 0x88,
    0xdd, 0xef, 0xff, 0x30, 0x1, 0xff, 0xf4, 0x0,
    0x0, 0x0, 0x0, 0x0, 0x8f, 0xff, 0xfe, 0x0,
    0x1, 0xff, 0xf4, 0x0, 0x0, 0x0, 0x0, 0x0,
    0x3f, 0xfe, 0xa2, 0x0, 0x0, 0x0, 0x0, 0x0,
    0x0, 0x0, 0x0, 0x0, 0x0, 0x0, 0x0, 0x0,

    /* U+7EAA "纪" */
    0x0, 0x0, 0x7, 0x10, 0x0, 0x0, 0x0, 0x0,
    0x0, 0x0, 0x0, 0x0, 0x0, 0x0, 0x7f, 0xfa,
    0x20, 0x25, 0x55, 0x55, 0x55, 0x55, 0x55, 0x0,
    0x0, 0x0, 0xef, 0xff, 0x30, 0x5f, 0xff, 0xff,
    0xff, 0xff, 0xff, 0x10, 0x0, 0x7, 0xff, 0xf9,
    0x0, 0x5f, 0xff, 0xff, 0xff, 0xff, 0xff, 0x10,
    0x0, 0x1e, 0xff, 0xe1, 0x0, 0x5f, 0xff, 0xff,
    0xff, 0xff, 0xff, 0x10, 0x0, 0xaf, 0xff, 0x50,
    0x70, 0x1, 0x11, 0x11, 0x11, 0x8f, 0xff, 0x10,
    0x6, 0xff, 0xf9, 0xa, 0xfd, 0x40, 0x0, 0x0,
    0x0, 0x7f, 0xff, 0x10, 0x7f, 0xff, 0xf8, 0x9f,
    0xff, 0xf1, 0x0, 0x0, 0x0, 0x7f, 0xff, 0x10,
    0xaf, 0xff, 0xff, 0xff, 0xff, 0x50, 0x0, 0x0,
    0x0, 0x7f, 0xff, 0x10, 0x4f, 0xff, 0xff, 0xff,
    0xf8, 0xd, 0xee, 0xee, 0xee, 0xff, 0xff, 0x10,
    0xd, 0xa8, 0xff, 0xff, 0xa0, 0xe, 0xff, 0xff,
    0xff, 0xff, 0xff, 0x10, 0x0, 0xb, 0xff, 0xfa,
    0x0, 0xe, 0xff, 0xff, 0xff, 0xff, 0xff, 0x10,
    0x0, 0xbf, 0xff, 0xe7, 0x9a, 0xe, 0xff, 0xc5,
    0x55, 0xaf, 0xff, 0x10, 0x4d, 0xff, 0xff, 0xff,
    0xfd, 0xe, 0xff, 0xb0, 0x0, 0x5b, 0xbb, 0x0,
    0x7f, 0xff, 0xff, 0xff, 0xfe, 0xe, 0xff, 0xb0,
    0x0, 0x0, 0x0, 0x0, 0x1f, 0xff, 0xff, 0xeb,
    0x85, 0xe, 0xff, 0xb0, 0x0, 0x0, 0x20, 0x0,
    0xb, 0xa6, 0x30, 0x0, 0x0, 0xe, 0xff, 0xb0,
    0x0, 0x0, 0xfb, 0x50, 0x0, 0x0, 0x0, 0x14,
    0x79, 0xe, 0xff, 0xb0, 0x0, 0x1, 0xff, 0xf4,
    0x25, 0x8a, 0xcf, 0xff, 0xff, 0x1d, 0xff, 0xc0,
    0x0, 0x6, 0xff, 0xf2, 0x7f, 0xff, 0xff, 0xff,
    0xff, 0x3c, 0xff, 0xff, 0xee, 0xef, 0xff, 0xe0,
    0x5f, 0xff, 0xff, 0xfe, 0xb8, 0x17, 0xff, 0xff,
    0xff, 0xff, 0xff, 0x70, 0x2f, 0xda, 0x74, 0x10,
    0x0, 0x0, 0xaf, 0xff, 0xff, 0xff, 0xfa, 0x0,
    0x1, 0x0, 0x0, 0x0, 0x0, 0x0, 0x2, 0x45,
    0x55, 0x54, 0x20, 0x0,

    /* U+7EC3 "练" */
    0x0, 0x4, 0x71, 0x0, 0x0, 0x0, 0x18, 0x64,
    0x0, 0x0, 0x0, 0x0, 0x0, 0xa, 0xff, 0x80,
    0x0, 0x0, 0x5f, 0xff, 0x10, 0x0, 0x0, 0x0,
    0x0, 0xe, 0xff, 0xa0, 0x3, 0x33, 0x9f, 0xfe,
    0x33, 0x33, 0x33, 0x10, 0x0, 0x3f, 0xff, 0x30,
    0xf, 0xff, 0xff, 0xff, 0xff, 0xff, 0xff, 0x70,
    0x0, 0x8f, 0xfd, 0x0, 0xf, 0xff, 0xff, 0xff,
    0xff, 0xff, 0xff, 0x70, 0x0, 0xef, 0xf5, 0x30,
    0xe, 0xff, 0xff, 0xff, 0xff, 0xff, 0xff, 0x70,
    0x7, 0xff, 0xc3, 0xfc, 0x40, 0x6, 0xff, 0xc0,
    0x0, 0x0, 0x0, 0x0, 0x4f, 0xff, 0x8b, 0xff,
    0xd9, 0xff, 0xff, 0xff, 0xff, 0x0, 0x0, 0x0,
    0x7f, 0xff, 0xff, 0xff, 0x59, 0xff, 0xff, 0xff,
    0xff, 0x0, 0x0, 0x0, 0x2f, 0xff, 0xff, 0xfc,
    0x9, 0xff, 0xff, 0xff, 0xff, 0x0, 0x0, 0x0,
    0xc, 0xcd, 0xff, 0xf3, 0x2, 0xdf, 0xf8, 0x7f,
    0xff, 0x0, 0x0, 0x0, 0x0, 0xd, 0xff, 0xa0,
    0x2, 0xff, 0xf5, 0x7f, 0xff, 0x32, 0x22, 0x0,
    0x0, 0x9f, 0xff, 0x46, 0x4d, 0xff, 0xff, 0xff,
    0xff, 0xff, 0xff, 0x30, 0x6, 0xff, 0xff, 0xff,
    0x69, 0xff, 0xff, 0xff, 0xff, 0xff, 0xff, 0x30,
    0x4f, 0xff, 0xff, 0xff, 0x63, 0xff, 0xff, 0xff,
    0xff, 0xff, 0xff, 0x30, 0xe, 0xff, 0xff, 0xb8,
    0x20, 0x53, 0x0, 0x5f, 0xff, 0x0, 0x30, 0x0,
    0x9, 0xc7, 0x30, 0x26, 0x0, 0xcf, 0xe7, 0x5f,
    0xff, 0x4b, 0xf7, 0x0, 0x0, 0x1, 0x6c, 0xff,
    0x14, 0xff, 0xf4, 0x5f, 0xff, 0x7f, 0xfe, 0x0,
    0x6, 0xbf, 0xff, 0xff, 0x5d, 0xff, 0xa0, 0x5f,
    0xff, 0x1e, 0xff, 0x70, 0x3f, 0xff, 0xff, 0xc4,
    0xbf, 0xff, 0x30, 0x6f, 0xff, 0x7, 0xff, 0xe0,
    0xf, 0xff, 0xc4, 0x2, 0xef, 0xf5, 0xcf, 0xff,
    0xfe, 0x1, 0xff, 0xe3, 0xc, 0xb3, 0x0, 0x0,
    0x1c, 0x80, 0x6f, 0xff, 0xfa, 0x0, 0x98, 0x0,
    0x1, 0x0, 0x0, 0x0, 0x0, 0x0, 0x2f, 0xfd,
    0x80, 0x0, 0x0, 0x0, 0x0, 0x0, 0x0, 0x0,
    0x0, 0x0, 0x0, 0x0, 0x0, 0x0, 0x0, 0x0,

    /* U+7EDF "统" */
    0x0, 0x0, 0x0, 0x0, 0x0, 0x0, 0x0, 0x0,
    0x0, 0x0, 0x0, 0x0, 0x0, 0x0, 0xd7, 0x10,
    0x0, 0x0, 0x0, 0x37, 0xb3, 0x0, 0x0, 0x0,
    0x0, 0x4, 0xff, 0xf7, 0x0, 0x0, 0x1, 0xff,
    0xfa, 0x0, 0x0, 0x0, 0x0, 0xa, 0xff, 0xf6,
    0x0, 0x0, 0x0, 0xcf, 0xfe, 0x0, 0x0, 0x0,
    0x0, 0xf, 0xff, 0xe0, 0x7, 0xcc, 0xcc, 0xef,
    0xfc, 0xcc, 0xcc, 0xc0, 0x0, 0x6f, 0xff, 0x70,
    0x9, 0xff, 0xff, 0xff, 0xff, 0xff, 0xff, 0xf0,
    0x0, 0xef, 0xfd, 0x5b, 0x19, 0xff, 0xff, 0xff,
    0xff, 0xff, 0xff, 0xf0, 0x8, 0xff, 0xf4, 0xdf,
    0xf9, 0x44, 0x9f, 0xff, 0xc4, 0x5a, 0x74, 0x40,
    0x7f, 0xff, 0xe9, 0xff, 0xf9, 0x2, 0xef, 0xff,
    0x13, 0xcf, 0xc0, 0x0, 0x6f, 0xff, 0xff, 0xff,
    0xe1, 0xc, 0xff, 0xf5, 0x2, 0xff, 0xf7, 0x0,
    0x1f, 0xff, 0xff, 0xff, 0x64, 0xdf, 0xff, 0xe9,
    0xbc, 0xff, 0xff, 0x20, 0xb, 0xed, 0xff, 0xfb,
    0x1f, 0xff, 0xff, 0xff, 0xff, 0xff, 0xff, 0xa0,
    0x0, 0xc, 0xff, 0xf1, 0xc, 0xff, 0xff, 0xff,
    0xff, 0xff, 0xff, 0xf2, 0x0, 0xaf, 0xff, 0xdb,
    0xf8, 0xff, 0xfc, 0xa7, 0x75, 0x31, 0xef, 0xa1,
    0x19, 0xff, 0xff, 0xff, 0xf2, 0x38, 0xff, 0xf0,
    0xef, 0xf8, 0x52, 0x0, 0x4f, 0xff, 0xff, 0xff,
    0xf0, 0x8, 0xff, 0xe0, 0xef, 0xf8, 0x0, 0x0,
    0xe, 0xff, 0xfe, 0xa6, 0x20, 0xa, 0xff, 0xd0,
    0xef, 0xf8, 0x0, 0x0, 0x9, 0xc7, 0x20, 0x3,
    0xa1, 0xd, 0xff, 0xb0, 0xef, 0xf8, 0x32, 0x0,
    0x0, 0x0, 0x17, 0xdf, 0xf5, 0x1f, 0xff, 0x70,
    0xef, 0xf8, 0x6f, 0xa3, 0x1, 0x6b, 0xff, 0xff,
    0xf9, 0xaf, 0xff, 0x30, 0xef, 0xf8, 0x7f, 0xf7,
    0x2f, 0xff, 0xff, 0xff, 0xaa, 0xff, 0xfe, 0x0,
    0xdf, 0xf8, 0x9f, 0xf5, 0xf, 0xff, 0xfe, 0x82,
    0xbf, 0xff, 0xf6, 0x0, 0xcf, 0xff, 0xff, 0xf2,
    0xb, 0xfd, 0x60, 0x0, 0x9f, 0xff, 0xa0, 0x0,
    0x9f, 0xff, 0xff, 0xc0, 0x5, 0x40, 0x0, 0x0,
    0xc, 0xf9, 0x0, 0x0, 0x1a, 0xef, 0xfc, 0x20,
    0x0, 0x0, 0x0, 0x0, 0x3, 0x30, 0x0, 0x0,
    0x0, 0x0, 0x0, 0x0,

    /* U+7EE7 "继" */
    0x0, 0x0, 0x60, 0x0, 0x0, 0x0, 0x0, 0x0,
    0x11, 0x10, 0x0, 0x0, 0x0, 0x4, 0xfe, 0x81,
    0x7, 0x77, 0x10, 0x0, 0xdf, 0xf0, 0x0, 0x0,
    0x0, 0xa, 0xff, 0xf1, 0xe, 0xff, 0x44, 0x60,
    0xdf, 0xf0, 0x65, 0x20, 0x0, 0xf, 0xff, 0x90,
    0xe, 0xff, 0x7f, 0xf1, 0xdf, 0xf0, 0xef, 0xc0,
    0x0, 0x7f, 0xff, 0x10, 0xe, 0xff, 0x3f, 0xf6,
    0xdf, 0xf3, 0xff, 0x40, 0x0, 0xef, 0xf8, 0x45,
    0xe, 0xff, 0x3b, 0xfa, 0xdf, 0xf9, 0xfc, 0x0,
    0x8, 0xff, 0xd0, 0xdf, 0xbf, 0xff, 0x36, 0x95,
    0xdf, 0xf6, 0xc4, 0x0, 0x7f, 0xff, 0x89, 0xff,
    0xff, 0xff, 0x8a, 0xaa, 0xff, 0xfa, 0xaa, 0xa0,
    0xbf, 0xff, 0xff, 0xff, 0x7e, 0xff, 0xaf, 0xff,
    0xff, 0xff, 0xff, 0xf0, 0x5f, 0xff, 0xff, 0xfc,
    0xe, 0xff, 0xaf, 0xff, 0xff, 0xff, 0xff, 0xf0,
    0xd, 0xac, 0xff, 0xf2, 0xe, 0xff, 0x53, 0x3e,
    0xff, 0xfd, 0x33, 0x30, 0x0, 0x1e, 0xff, 0x80,
    0xe, 0xff, 0x30, 0x5f, 0xff, 0xff, 0x70, 0x0,
    0x0, 0xbf, 0xfe, 0x46, 0x4e, 0xff, 0x30, 0xdf,
    0xff, 0xff, 0xf4, 0x0, 0xa, 0xff, 0xff, 0xff,
    0x6e, 0xff, 0x38, 0xff, 0xff, 0xfe, 0xfe, 0x10,
    0x8f, 0xff, 0xff, 0xff, 0x6e, 0xff, 0x7f, 0xfe,
    0xef, 0xf6, 0xff, 0xb0, 0x3f, 0xff, 0xff, 0xd9,
    0x2e, 0xff, 0x7f, 0xf6, 0xdf, 0xf0, 0xdf, 0xd0,
    0xe, 0xc7, 0x30, 0x0, 0xe, 0xff, 0x3c, 0xc0,
    0xdf, 0xf0, 0x6e, 0x10, 0x0, 0x0, 0x0, 0x25,
    0x3e, 0xff, 0x35, 0x20, 0xdf, 0xf0, 0x2, 0x0,
    0x1, 0x47, 0xbe, 0xff, 0x8e, 0xff, 0x30, 0x0,
    0xdf, 0xf0, 0x0, 0x0, 0x7f, 0xff, 0xff, 0xff,
    0xae, 0xff, 0x63, 0x33, 0x89, 0x93, 0x33, 0x30,
    0x5f, 0xff, 0xff, 0xea, 0x4e, 0xff, 0xff, 0xff,
    0xff, 0xff, 0xff, 0xf4, 0x2f, 0xfb, 0x72, 0x0,
    0xe, 0xff, 0xff, 0xff, 0xff, 0xff, 0xff, 0xf4,
    0x3, 0x0, 0x0, 0x0, 0xb, 0xbb, 0xbb, 0xbb,
    0xbb, 0xbb, 0xbb, 0xb3,

    /* U+7EED "续" */
    0x0, 0x0, 0x32, 0x0, 0x0, 0x0, 0x0, 0x58,
    0x85, 0x0, 0x0, 0x0, 0x0, 0x0, 0xcf, 0xa2,
    0x0, 0x0, 0x0, 0xaf, 0xfb, 0x0, 0x0, 0x0,
    0x0, 0x2, 0xff, 0xf3, 0x0, 0x8d, 0xdd, 0xff,
    0xff, 0xdd, 0xd8, 0x0, 0x0, 0x8, 0xff, 0xc0,
    0x0, 0x9f, 0xff, 0xff, 0xff, 0xff, 0xfa, 0x0,
    0x0, 0xe, 0xff, 0x40, 0x0, 0x9f, 0xff, 0xff,
    0xff, 0xff, 0xfa, 0x0, 0x0, 0x6f, 0xfc, 0x24,
    0x0, 0x0, 0x0, 0xbf, 0xfb, 0x0, 0x0, 0x0,
    0x1, 0xef, 0xf2, 0xaf, 0xa7, 0xdd, 0xdd, 0xff,
    0xff, 0xdd, 0xed, 0xa0, 0xa, 0xff, 0x93, 0xff,
    0xf9, 0xff, 0xff, 0xff, 0xff, 0xff, 0xff, 0xd0,
    0x7f, 0xff, 0xff, 0xff, 0x76, 0xff, 0xff, 0xff,
    0xff, 0xff, 0xff, 0x90, 0x2f, 0xff, 0xff, 0xfd,
    0x0, 0x4, 0xd6, 0x3a, 0xaa, 0x9, 0xff, 0x50,
    0xc, 0xba, 0xff, 0xf3, 0x0, 0xb, 0xff, 0xef,
    0xff, 0xd, 0xff, 0x0, 0x0, 0xa, 0xff, 0x90,
    0x11, 0xd9, 0x8f, 0x9f, 0xff, 0x5, 0x98, 0x0,
    0x0, 0x6f, 0xff, 0xdf, 0x79, 0xff, 0xe5, 0x4f,
    0xfe, 0x0, 0x0, 0x0, 0x5, 0xff, 0xff, 0xff,
    0x80, 0x6f, 0xf3, 0x6f, 0xfd, 0x0, 0x0, 0x0,
    0x3f, 0xff, 0xff, 0xfe, 0x6d, 0xef, 0xfe, 0xff,
    0xff, 0xee, 0xee, 0x80, 0xe, 0xff, 0xc7, 0x30,
    0xe, 0xff, 0xff, 0xff, 0xff, 0xff, 0xff, 0x80,
    0x8, 0x72, 0x0, 0x4a, 0x7e, 0xff, 0xff, 0xff,
    0xff, 0xff, 0xff, 0x80, 0x0, 0x3, 0x9e, 0xff,
    0xb0, 0x0, 0x3f, 0xff, 0xb3, 0xc4, 0x0, 0x0,
    0x18, 0xef, 0xff, 0xff, 0xd0, 0x2, 0xef, 0xff,
    0x6e, 0xff, 0x70, 0x0, 0x3f, 0xff, 0xff, 0xd6,
    0x0, 0x7f, 0xff, 0xf6, 0x1b, 0xff, 0xfb, 0x0,
    0xf, 0xff, 0xa4, 0x0, 0x3d, 0xff, 0xff, 0x80,
    0x0, 0x9f, 0xff, 0xc0, 0x9, 0x71, 0x0, 0x0,
    0xc, 0xff, 0xf5, 0x0, 0x0, 0x6, 0xff, 0xc1,
    0x0, 0x0, 0x0, 0x0, 0x1, 0xe9, 0x10, 0x0,
    0x0, 0x0, 0x6c, 0x0, 0x0, 0x0, 0x0, 0x0,
    0x0, 0x0, 0x0, 0x0, 0x0, 0x0, 0x0, 0x0,

    /* U+7F6E "置" */
    0x9, 0xee, 0xee, 0xee, 0xee, 0xee, 0xee, 0xee,
    0xee, 0xee, 0xa0, 0x9, 0xff, 0xff, 0xff, 0xff,
    0xff, 0xff, 0xff, 0xff, 0xff, 0xb0, 0x9, 0xff,
    0xc5, 0x8f, 0xfe, 0x56, 0xff, 0xf6, 0x5e, 0xff,
    0xb0, 0x9, 0xff, 0xc5, 0x8f, 0xfe, 0x55, 0xff,
    0xf6, 0x5d, 0xff, 0xb0, 0x9, 0xff, 0xff, 0xff,
    0xff, 0xff, 0xff, 0xff, 0xff, 0xff, 0xb0, 0x9,
    0xff, 0xff, 0xff, 0xff, 0xff, 0xff, 0xff, 0xff,
    0xff, 0xa0, 0x24, 0x44, 0x44, 0x44, 0x4e, 0xff,
    0xb4, 0x44, 0x44, 0x44, 0x40, 0x7f, 0xff, 0xff,
    0xff, 0xff, 0xff, 0xff, 0xff, 0xff, 0xff, 0xf2,
    0x7f, 0xff, 0xff, 0xff, 0xff, 0xff, 0xff, 0xff,
    0xff, 0xff, 0xf2, 0x13, 0x44, 0x44, 0x44, 0x6f,
    0xff, 0x64, 0x44, 0x44, 0x44, 0x30, 0x0, 0x4f,
    0xff, 0xff, 0xff, 0xff, 0xff, 0xff, 0xff, 0xf3,
    0x0, 0x0, 0x4f, 0xff, 0xff, 0xff, 0xff, 0xff,
    0xff, 0xff, 0xf3, 0x0, 0x0, 0x4f, 0xff, 0x88,
    0x88, 0x88, 0x88, 0x8a, 0xff, 0xf3, 0x0, 0x0,
    0x4f, 0xff, 0xee, 0xee, 0xee, 0xee, 0xee, 0xff,
    0xf3, 0x0, 0x0, 0x4f, 0xff, 0x88, 0x88, 0x88,
    0x88, 0x8a, 0xff, 0xf3, 0x0, 0x0, 0x4f, 0xff,
    0xff, 0xff, 0xff, 0xff, 0xff, 0xff, 0xf3, 0x0,
    0x0, 0x4f, 0xff, 0x44, 0x44, 0x44, 0x44, 0x47,
    0xff, 0xf3, 0x0, 0x0, 0x4f, 0xff, 0xff, 0xff,
    0xff, 0xff, 0xff, 0xff, 0xf3, 0x0, 0x0, 0x4f,
    0xff, 0x77, 0x77, 0x77, 0x77, 0x79, 0xff, 0xf3,
    0x0, 0xde, 0xff, 0xff, 0xee, 0xee, 0xee, 0xee,
    0xef, 0xff, 0xff, 0xee, 0xdf, 0xff, 0xff, 0xff,
    0xff, 0xff, 0xff, 0xff, 0xff, 0xff, 0xff, 0x67,
    0x77, 0x77, 0x77, 0x77, 0x77, 0x77, 0x77, 0x77,
    0x77, 0x77,

    /* U+81F4 "致" */
    0x0, 0x0, 0x0, 0x0, 0x0, 0x0, 0x0, 0x66,
    0x30, 0x0, 0x0, 0x0, 0x15, 0x55, 0x55, 0x55,
    0x55, 0x55, 0x0, 0xff, 0xfa, 0x0, 0x0, 0x0,
    0x3f, 0xff, 0xff, 0xff, 0xff, 0xfe, 0x2, 0xff,
    0xf6, 0x0, 0x0, 0x0, 0x3f, 0xff, 0xff, 0xff,
    0xff, 0xfe, 0x6, 0xff, 0xf3, 0x0, 0x0, 0x0,
    0x2c, 0xcf, 0xff, 0xfc, 0xcc, 0xcb, 0xa, 0xff,
    0xf2, 0x22, 0x22, 0x20, 0x0, 0x4f, 0xff, 0x51,
    0x8d, 0x0, 0xf, 0xff, 0xff, 0xff, 0xff, 0xf3,
    0x0, 0xcf, 0xfc, 0xc, 0xff, 0x70, 0x6f, 0xff,
    0xff, 0xff, 0xff, 0xf3, 0x7, 0xff, 0xf9, 0x6a,
    0xff, 0xf1, 0xcf, 0xff, 0xff, 0xff, 0xff, 0xf3,
    0x2f, 0xff, 0xff, 0xff, 0xff, 0xfc, 0xff, 0xfc,
    0x0, 0x9f, 0xfe, 0x0, 0xc, 0xff, 0xff, 0xff,
    0xff, 0xff, 0xff, 0xff, 0x10, 0xcf, 0xfb, 0x0,
    0x7, 0xfe, 0xcb, 0x98, 0x7d, 0xef, 0xff, 0xff,
    0x50, 0xff, 0xf8, 0x0, 0x0, 0x10, 0x4f, 0xff,
    0x30, 0x6f, 0xff, 0xff, 0xa3, 0xff, 0xf5, 0x0,
    0x0, 0x0, 0x5f, 0xff, 0x40, 0x6, 0xfe, 0xff,
    0xf8, 0xff, 0xf1, 0x0, 0xa, 0xff, 0xff, 0xff,
    0xff, 0xf8, 0x62, 0xff, 0xff, 0xff, 0xc0, 0x0,
    0xa, 0xff, 0xff, 0xff, 0xff, 0xf8, 0x0, 0xbf,
    0xff, 0xff, 0x60, 0x0, 0xa, 0xff, 0xff, 0xff,
    0xff, 0xf8, 0x0, 0x4f, 0xff, 0xff, 0x0, 0x0,
    0x0, 0x0, 0x5f, 0xff, 0x40, 0x0, 0x0, 0xe,
    0xff, 0xf9, 0x0, 0x0, 0x0, 0x0, 0x4f, 0xff,
    0x53, 0x56, 0x0, 0x6f, 0xff, 0xfd, 0x20, 0x0,
    0x26, 0x79, 0xcf, 0xff, 0xff, 0xfd, 0x7, 0xff,
    0xff, 0xff, 0xe2, 0x0, 0x5f, 0xff, 0xff, 0xff,
    0xff, 0xfe, 0xcf, 0xff, 0xff, 0xff, 0xff, 0x80,
    0x3f, 0xff, 0xff, 0xff, 0xff, 0xff, 0xff, 0xff,
    0xa4, 0xff, 0xff, 0xf6, 0x1f, 0xff, 0xca, 0x86,
    0x41, 0x3, 0xff, 0xf9, 0x0, 0x3e, 0xff, 0x90,
    0x3, 0x10, 0x0, 0x0, 0x0, 0x0, 0xad, 0x40,
    0x0, 0x1, 0x9d, 0x0, 0x0, 0x0, 0x0, 0x0,
    0x0, 0x0, 0x10, 0x0, 0x0, 0x0, 0x0, 0x0,

    /* U+85CF "藏" */
    0x0, 0x0, 0x0, 0x8b, 0xb8, 0x0, 0x0, 0x8b,
    0xb8, 0x0, 0x0, 0x0, 0x5, 0x66, 0x66, 0xdf,
    0xfd, 0x66, 0x66, 0xdf, 0xfd, 0x66, 0x66, 0x50,
    0xc, 0xff, 0xff, 0xff, 0xff, 0xff, 0xff, 0xff,
    0xff, 0xff, 0xff, 0xd0, 0xc, 0xff, 0xff, 0xff,
    0xff, 0xff, 0xff, 0xff, 0xff, 0xff, 0xff, 0xd0,
    0x4, 0x66, 0x66, 0xdf, 0xfd, 0x66, 0x66, 0xdf,
    0xfd, 0x67, 0xfe, 0x50, 0x0, 0x0, 0x0, 0x35,
    0x54, 0x0, 0x0, 0x5f, 0xff, 0x1b, 0xff, 0x90,
    0xa, 0xfd, 0xd, 0xdd, 0xdd, 0xdd, 0xdd, 0xdf,
    0xff, 0xde, 0xff, 0xe0, 0xa, 0xfd, 0xf, 0xff,
    0xff, 0xff, 0xff, 0xff, 0xff, 0xff, 0xff, 0xf0,
    0xa, 0xfd, 0xf, 0xff, 0xff, 0xff, 0xff, 0xff,
    0xff, 0xff, 0xff, 0xf0, 0xa, 0xfe, 0x5f, 0xfc,
    0x35, 0x55, 0x55, 0x5c, 0xff, 0x32, 0x41, 0x0,
    0xa, 0xff, 0xff, 0xfc, 0xaf, 0xff, 0xff, 0xfb,
    0xff, 0x38, 0xff, 0x90, 0xa, 0xff, 0xff, 0xfc,
    0xaf, 0xff, 0xff, 0xfa, 0xff, 0x4c, 0xff, 0x60,
    0x2, 0x44, 0x4f, 0xfc, 0xaf, 0xa5, 0xfe, 0x18,
    0xff, 0x6f, 0xff, 0x10, 0x14, 0x44, 0x5f, 0xfc,
    0xaf, 0xff, 0xff, 0xfa, 0xff, 0xbf, 0xfd, 0x0,
    0x6f, 0xff, 0xff, 0xfb, 0xaf, 0xfe, 0xef, 0xf8,
    0xff, 0xff, 0xf8, 0x0, 0x6f, 0xff, 0xff, 0xfa,
    0xaf, 0xa1, 0x2f, 0xf6, 0xff, 0xff, 0xf2, 0x0,
    0x3b, 0xff, 0x9f, 0xf9, 0xaf, 0xff, 0xff, 0xf4,
    0xff, 0xff, 0x90, 0x0, 0x7, 0xff, 0x3f, 0xf8,
    0xaf, 0xfe, 0xff, 0xd3, 0xcf, 0xff, 0x24, 0x0,
    0xa, 0xfd, 0x5f, 0xf7, 0xaf, 0xa6, 0xfe, 0x21,
    0xcf, 0xfb, 0xf, 0xa1, 0xe, 0xf9, 0x8f, 0xf5,
    0xaf, 0xff, 0xff, 0xff, 0xff, 0xfe, 0x4f, 0xf3,
    0x7f, 0xf3, 0xdf, 0xf2, 0xaf, 0xff, 0xff, 0xff,
    0xff, 0xff, 0xff, 0xf0, 0x6, 0x72, 0xff, 0xd0,
    0x0, 0x0, 0x5, 0xff, 0xfb, 0xff, 0xff, 0xb0,
    0x0, 0x0, 0x2a, 0x70, 0x0, 0x0, 0x0, 0x2d,
    0x70, 0x4c, 0xfc, 0x20, 0x0, 0x0, 0x0, 0x0,
    0x0, 0x0, 0x0, 0x0, 0x0, 0x0, 0x0, 0x0,

    /* U+8BA1 "计" */
    0x0, 0x0, 0x50, 0x0, 0x0, 0x0, 0x0, 0xab,
    0xb9, 0x0, 0x0, 0x0, 0x0, 0x7, 0xfc, 0x10,
    0x0, 0x0, 0x0, 0xef, 0xfd, 0x0, 0x0, 0x0,
    0x0, 0x4f, 0xff, 0xe3, 0x0, 0x0, 0x0, 0xef,
    0xfd, 0x0, 0x0, 0x0, 0x0, 0xa, 0xff, 0xff,
    0x30, 0x0, 0x0, 0xef, 0xfd, 0x0, 0x0, 0x0,
    0x0, 0x0, 0x8f, 0xff, 0x30, 0x0, 0x0, 0xef,
    0xfd, 0x0, 0x0, 0x0, 0x0, 0x0, 0x8, 0xf6,
    0x0, 0x0, 0x0, 0xef, 0xfd, 0x0, 0x0, 0x0,
    0x0, 0x0, 0x0, 0x50, 0x0, 0x0, 0x0, 0xef,
    0xfd, 0x0, 0x0, 0x0, 0x3, 0x33, 0x33, 0x32,
    0x12, 0x22, 0x22, 0xef, 0xfd, 0x22, 0x22, 0x20,
    0x3f, 0xff, 0xff, 0xfa, 0x8f, 0xff, 0xff, 0xff,
    0xff, 0xff, 0xff, 0xf1, 0x3f, 0xff, 0xff, 0xfa,
    0x8f, 0xff, 0xff, 0xff, 0xff, 0xff, 0xff, 0xf1,
    0x3f, 0xff, 0xff, 0xfa, 0x8f, 0xff, 0xff, 0xff,
    0xff, 0xff, 0xff, 0xf1, 0x3, 0x33, 0xff, 0xfa,
    0x37, 0x77, 0x77, 0xff, 0xfe, 0x77, 0x77, 0x70,
    0x0, 0x0, 0xef, 0xfa, 0x0, 0x0, 0x0, 0xef,
    0xfd, 0x0, 0x0, 0x0, 0x0, 0x0, 0xef, 0xfa,
    0x0, 0x0, 0x0, 0xef, 0xfd, 0x0, 0x0, 0x0,
    0x0, 0x0, 0xef, 0xfa, 0x0, 0x0, 0x0, 0xef,
    0xfd, 0x0, 0x0, 0x0, 0x0, 0x0, 0xef, 0xfa,
    0x4a, 0x0, 0x0, 0xef, 0xfd, 0x0, 0x0, 0x0,
    0x0, 0x0, 0xef, 0xfe, 0xff, 0x10, 0x0, 0xef,
    0xfd, 0x0, 0x0, 0x0, 0x0, 0x0, 0xff, 0xff,
    0xff, 0x70, 0x0, 0xef, 0xfd, 0x0, 0x0, 0x0,
    0x0, 0x3, 0xff, 0xff, 0xfe, 0x30, 0x0, 0xef,
    0xfd, 0x0, 0x0, 0x0, 0x0, 0x1d, 0xff, 0xff,
    0xb1, 0x0, 0x0, 0xef, 0xfd, 0x0, 0x0, 0x0,
    0x0, 0xe, 0xff, 0xf7, 0x0, 0x0, 0x0, 0xef,
    0xfd, 0x0, 0x0, 0x0, 0x0, 0x6, 0xfe, 0x40,
    0x0, 0x0, 0x0, 0xef, 0xfd, 0x0, 0x0, 0x0,
    0x0, 0x0, 0xc2, 0x0, 0x0, 0x0, 0x0, 0xef,
    0xfd, 0x0, 0x0, 0x0, 0x0, 0x0, 0x0, 0x0,
    0x0, 0x0, 0x0, 0x0, 0x0, 0x0, 0x0, 0x0,

    /* U+8BBE "设" */
    0x0, 0x0, 0x20, 0x0, 0x0, 0x0, 0x0, 0x0,
    0x0, 0x0, 0x0, 0x0, 0x0, 0x1c, 0xf4, 0x0,
    0x0, 0x3f, 0xff, 0xff, 0xff, 0xfe, 0x0, 0x0,
    0x0, 0xcf, 0xff, 0x60, 0x0, 0x3f, 0xff, 0xff,
    0xff, 0xfe, 0x0, 0x0, 0x0, 0x4f, 0xff, 0xf6,
    0x0, 0x4f, 0xff, 0xff, 0xff, 0xfe, 0x0, 0x0,
    0x0, 0x3, 0xff, 0xfc, 0x0, 0x5f, 0xff, 0x44,
    0x8f, 0xfe, 0x0, 0x0, 0x0, 0x0, 0x4f, 0xd1,
    0x0, 0x9f, 0xfc, 0x0, 0x5f, 0xfe, 0x0, 0x0,
    0x0, 0x0, 0x5, 0x10, 0x3, 0xff, 0xf9, 0x0,
    0x5f, 0xff, 0x0, 0x0, 0x24, 0x44, 0x44, 0x10,
    0x7f, 0xff, 0xf2, 0x0, 0x4f, 0xff, 0xdd, 0xb0,
    0x7f, 0xff, 0xff, 0x72, 0xef, 0xff, 0x70, 0x0,
    0xf, 0xff, 0xff, 0xd0, 0x7f, 0xff, 0xff, 0x70,
    0x2f, 0xf8, 0x0, 0x0, 0x5, 0xef, 0xff, 0xe0,
    0x7f, 0xff, 0xff, 0x70, 0x7, 0x63, 0x33, 0x33,
    0x33, 0x35, 0x32, 0x0, 0x12, 0x2e, 0xff, 0x70,
    0x1f, 0xff, 0xff, 0xff, 0xff, 0xff, 0xf9, 0x0,
    0x0, 0xe, 0xff, 0x70, 0x1f, 0xff, 0xff, 0xff,
    0xff, 0xff, 0xfa, 0x0, 0x0, 0xe, 0xff, 0x70,
    0x1f, 0xff, 0xff, 0xff, 0xff, 0xff, 0xf4, 0x0,
    0x0, 0xe, 0xff, 0x70, 0x13, 0xdf, 0xf2, 0x0,
    0x1c, 0xff, 0xd0, 0x0, 0x0, 0xe, 0xff, 0x8c,
    0x80, 0xdf, 0xfc, 0x0, 0x8f, 0xff, 0x50, 0x0,
    0x0, 0xe, 0xff, 0xff, 0xe0, 0x3f, 0xff, 0xc8,
    0xff, 0xfa, 0x0, 0x0, 0x0, 0xe, 0xff, 0xff,
    0xf4, 0x7, 0xff, 0xff, 0xff, 0xd0, 0x0, 0x0,
    0x0, 0x2f, 0xff, 0xff, 0x60, 0x1, 0xdf, 0xff,
    0xff, 0x60, 0x0, 0x0, 0x0, 0x9f, 0xff, 0xf5,
    0x25, 0xbf, 0xff, 0xff, 0xff, 0xfd, 0x83, 0x0,
    0x0, 0xcf, 0xfe, 0x3d, 0xff, 0xff, 0xff, 0xfe,
    0xff, 0xff, 0xff, 0xe1, 0x0, 0x2f, 0xe2, 0x4,
    0xff, 0xff, 0xe8, 0x10, 0x7f, 0xff, 0xff, 0x50,
    0x0, 0x9, 0x20, 0x0, 0xde, 0xa5, 0x0, 0x0,
    0x1, 0x6b, 0xfa, 0x0, 0x0, 0x0, 0x0, 0x0,
    0x10, 0x0, 0x0, 0x0, 0x0, 0x0, 0x11, 0x0,

    /* U+8BD5 "试" */
    0x0, 0x1, 0x0, 0x0, 0x0, 0x0, 0x0, 0x24,
    0x44, 0x0, 0x0, 0x0, 0x9, 0xe2, 0x0, 0x0,
    0x0, 0x0, 0x9, 0xff, 0xf4, 0xdb, 0x0, 0x9,
    0xff, 0xf4, 0x0, 0x0, 0x0, 0x0, 0x8f, 0xff,
    0xef, 0xf7, 0x0, 0x5f, 0xff, 0xf4, 0x0, 0x0,
    0x0, 0x8, 0xff, 0xf5, 0xff, 0xf1, 0x0, 0x4f,
    0xff, 0xd1, 0x11, 0x11, 0x11, 0x9f, 0xff, 0x2c,
    0xf8, 0x0, 0x0, 0x4f, 0xe2, 0xbf, 0xff, 0xff,
    0xff, 0xff, 0xff, 0xff, 0xf1, 0x0, 0x0, 0x53,
    0xb, 0xff, 0xff, 0xff, 0xff, 0xff, 0xff, 0xff,
    0x12, 0x33, 0x33, 0x30, 0xbf, 0xff, 0xff, 0xff,
    0xff, 0xff, 0xff, 0xf1, 0xdf, 0xff, 0xff, 0x2,
    0x22, 0x22, 0x22, 0x8f, 0xff, 0x32, 0x22, 0xd,
    0xff, 0xff, 0xf0, 0x0, 0x0, 0x0, 0x5, 0xff,
    0xf1, 0x0, 0x0, 0xdf, 0xff, 0xff, 0x0, 0x33,
    0x33, 0x33, 0x6f, 0xff, 0x20, 0x0, 0x4, 0x58,
    0xff, 0xf0, 0xf, 0xff, 0xff, 0xf9, 0xff, 0xf3,
    0x0, 0x0, 0x0, 0x4f, 0xff, 0x0, 0xff, 0xff,
    0xff, 0x7f, 0xff, 0x40, 0x0, 0x0, 0x4, 0xff,
    0xf0, 0xf, 0xff, 0xff, 0xf6, 0xff, 0xf6, 0x0,
    0x0, 0x0, 0x4f, 0xff, 0x0, 0x5, 0xff, 0xc0,
    0xf, 0xff, 0x70, 0x0, 0x0, 0x4, 0xff, 0xf0,
    0x0, 0x5f, 0xfc, 0x0, 0xdf, 0xf9, 0x22, 0x0,
    0x0, 0x4f, 0xff, 0x29, 0x5, 0xff, 0xc0, 0xb,
    0xff, 0xb5, 0xe5, 0x0, 0x5, 0xff, 0xff, 0xf1,
    0x5f, 0xfe, 0x9d, 0x9f, 0xfe, 0x7f, 0xf4, 0x0,
    0x9f, 0xff, 0xff, 0x9b, 0xff, 0xff, 0xf8, 0xff,
    0xff, 0xff, 0x20, 0x4f, 0xff, 0xff, 0xbf, 0xff,
    0xff, 0xff, 0x6f, 0xff, 0xff, 0xe0, 0x4, 0xff,
    0xfe, 0x40, 0xff, 0xff, 0xd8, 0x30, 0xaf, 0xff,
    0xfa, 0x0, 0xa, 0xfa, 0x10, 0xa, 0xb6, 0x10,
    0x0, 0x2, 0xff, 0xff, 0x30, 0x0, 0x36, 0x0,
    0x0, 0x0, 0x0, 0x0, 0x0, 0x4, 0xde, 0x50,
    0x0, 0x0, 0x0, 0x0, 0x0, 0x0, 0x0, 0x0,
    0x0, 0x0, 0x0, 0x0,

    /* U+8C03 "调" */
    0x0, 0x3, 0x0, 0x0, 0x0, 0x0, 0x0, 0x0,
    0x0, 0x0, 0x0, 0x0, 0x6, 0xfa, 0x0, 0x9,
    0xff, 0xff, 0xff, 0xff, 0xff, 0xff, 0xf1, 0x5,
    0xff, 0xfb, 0x0, 0x9f, 0xff, 0xff, 0xff, 0xff,
    0xff, 0xff, 0x10, 0xb, 0xff, 0xfb, 0x9, 0xff,
    0xff, 0xff, 0xff, 0xff, 0xff, 0xf1, 0x0, 0xb,
    0xff, 0xf4, 0x9f, 0xf6, 0x11, 0x66, 0x41, 0x1e,
    0xff, 0x10, 0x0, 0xc, 0xf7, 0x9, 0xff, 0x50,
    0x1f, 0xfa, 0x10, 0xef, 0xf1, 0x0, 0x0, 0x17,
    0x0, 0x9f, 0xf5, 0x8f, 0xff, 0xff, 0x4e, 0xff,
    0x11, 0x33, 0x33, 0x31, 0x9, 0xff, 0x58, 0xff,
    0xff, 0xf4, 0xef, 0xf1, 0x7f, 0xff, 0xff, 0x70,
    0x9f, 0xf5, 0x24, 0xff, 0xb4, 0x1e, 0xff, 0x17,
    0xff, 0xff, 0xf7, 0x9, 0xff, 0x56, 0x6f, 0xfc,
    0x64, 0xef, 0xf1, 0x7f, 0xff, 0xff, 0x70, 0xaf,
    0xf5, 0xef, 0xff, 0xff, 0xae, 0xff, 0x11, 0x33,
    0xff, 0xf7, 0xa, 0xff, 0x5d, 0xff, 0xff, 0xfa,
    0xef, 0xf1, 0x0, 0xe, 0xff, 0x70, 0xaf, 0xf5,
    0x0, 0x0, 0x0, 0xe, 0xff, 0x10, 0x0, 0xef,
    0xf7, 0xa, 0xff, 0x4e, 0xff, 0xff, 0xf7, 0xef,
    0xf1, 0x0, 0xe, 0xff, 0x70, 0xcf, 0xf2, 0xef,
    0xff, 0xff, 0x7e, 0xff, 0x10, 0x0, 0xef, 0xf9,
    0x6d, 0xff, 0x1e, 0xfb, 0x6f, 0xf7, 0xef, 0xf1,
    0x0, 0xe, 0xff, 0xfd, 0xff, 0xf0, 0xef, 0x92,
    0xff, 0x7e, 0xff, 0x10, 0x0, 0xff, 0xff, 0xff,
    0xfc, 0xe, 0xff, 0xff, 0xf7, 0xef, 0xf1, 0x0,
    0x2f, 0xff, 0xff, 0xff, 0x80, 0xef, 0xff, 0xff,
    0x7e, 0xff, 0x10, 0x9, 0xff, 0xfe, 0xdf, 0xf4,
    0xe, 0xfa, 0x33, 0x42, 0xff, 0xf1, 0x4, 0xff,
    0xfd, 0x4f, 0xff, 0x0, 0x44, 0x20, 0x3f, 0xff,
    0xff, 0x0, 0x9, 0xfc, 0x13, 0xef, 0x80, 0x0,
    0x0, 0x0, 0xef, 0xff, 0xb0, 0x0, 0x7, 0x0,
    0x1, 0xb1, 0x0, 0x0, 0x0, 0xa, 0xfe, 0x91,
    0x0, 0x0, 0x0, 0x0, 0x0, 0x0, 0x0, 0x0,
    0x0, 0x0, 0x0, 0x0,

    /* U+8DC3 "跃" */
    0x0, 0x0, 0x0, 0x0, 0x0, 0x0, 0x0, 0x0,
    0x0, 0x38, 0x40, 0x0, 0x7, 0xee, 0xee, 0xee,
    0xec, 0x0, 0x2, 0x47, 0xae, 0xff, 0xf2, 0x0,
    0x8, 0xff, 0xff, 0xff, 0xfd, 0x4d, 0xff, 0xff,
    0xff, 0xff, 0xfe, 0x10, 0x8, 0xff, 0xff, 0xff,
    0xfd, 0x1f, 0xff, 0xff, 0xff, 0xfe, 0x95, 0x10,
    0x8, 0xff, 0x60, 0x3f, 0xfd, 0xc, 0xff, 0xef,
    0xff, 0x60, 0x0, 0x0, 0x8, 0xff, 0x50, 0x2f,
    0xfd, 0x2, 0x30, 0x1f, 0xff, 0x50, 0x0, 0x0,
    0x8, 0xff, 0x60, 0x3f, 0xfd, 0x0, 0x0, 0x1f,
    0xff, 0x50, 0x0, 0x0, 0x8, 0xff, 0xff, 0xff,
    0xfd, 0x0, 0x0, 0x1f, 0xff, 0x50, 0x0, 0x0,
    0x8, 0xff, 0xff, 0xff, 0xfd, 0x0, 0x0, 0x1f,
    0xff, 0x50, 0x0, 0x0, 0x6, 0xdd, 0xef, 0xff,
    0xdb, 0x7d, 0xdd, 0xdf, 0xff, 0xed, 0xdd, 0xd0,
    0x0, 0x0, 0x8f, 0xfb, 0x0, 0x9f, 0xff, 0xff,
    0xff, 0xff, 0xff, 0xf0, 0x6, 0x88, 0x8f, 0xfb,
    0x0, 0x9f, 0xff, 0xff, 0xff, 0xff, 0xff, 0xf0,
    0xb, 0xfe, 0x8f, 0xff, 0xfe, 0x12, 0x22, 0x5f,
    0xff, 0xb2, 0x22, 0x20, 0xb, 0xfe, 0x8f, 0xff,
    0xfe, 0x0, 0x0, 0x6f, 0xff, 0xe0, 0x0, 0x0,
    0xb, 0xfe, 0x8f, 0xff, 0xfd, 0x0, 0x0, 0x9f,
    0xff, 0xf3, 0x0, 0x0, 0xb, 0xfe, 0x8f, 0xfb,
    0x0, 0x0, 0x0, 0xef, 0xff, 0xfa, 0x0, 0x0,
    0xb, 0xfe, 0x8f, 0xfb, 0x0, 0x0, 0x5, 0xff,
    0xff, 0xff, 0x20, 0x0, 0xb, 0xfe, 0x8f, 0xfd,
    0x8b, 0x0, 0xd, 0xff, 0xed, 0xff, 0xb0, 0x0,
    0xb, 0xff, 0xcf, 0xff, 0xff, 0x0, 0xaf, 0xff,
    0x65, 0xff, 0xf7, 0x0, 0x6e, 0xff, 0xff, 0xff,
    0xff, 0x18, 0xff, 0xfc, 0x0, 0xdf, 0xff, 0x70,
    0x6f, 0xff, 0xff, 0xfd, 0x85, 0xbf, 0xff, 0xe2,
    0x0, 0x5f, 0xff, 0xf6, 0x2f, 0xff, 0xb6, 0x20,
    0x2, 0xef, 0xff, 0x30, 0x0, 0x7, 0xff, 0xb0,
    0x9, 0x40, 0x0, 0x0, 0x0, 0x2f, 0xd3, 0x0,
    0x0, 0x0, 0x8e, 0x10, 0x0, 0x0, 0x0, 0x0,
    0x0, 0x3, 0x0, 0x0, 0x0, 0x0, 0x2, 0x0,

    /* U+8DF3 "跳" */
    0x0, 0x0, 0x0, 0x0, 0x0, 0x0, 0x45, 0x51,
    0x55, 0x51, 0x0, 0x0, 0x0, 0x22, 0x22, 0x22,
    0x20, 0x0, 0xef, 0xf3, 0xff, 0xf4, 0x0, 0x0,
    0x2, 0xff, 0xff, 0xff, 0xf1, 0x0, 0xef, 0xf3,
    0xff, 0xf4, 0x0, 0x0, 0x2, 0xff, 0xff, 0xff,
    0xf1, 0x0, 0xef, 0xf3, 0xff, 0xf4, 0x10, 0x0,
    0x2, 0xff, 0xdb, 0xff, 0xf5, 0xa8, 0xef, 0xf3,
    0xff, 0xf5, 0xfa, 0x20, 0x2, 0xff, 0x80, 0xcf,
    0xff, 0xff, 0xff, 0xf3, 0xff, 0xfb, 0xff, 0xf2,
    0x2, 0xff, 0x80, 0xdf, 0xfe, 0xff, 0xff, 0xf3,
    0xff, 0xff, 0xff, 0xa0, 0x2, 0xff, 0xff, 0xff,
    0xf7, 0xff, 0xff, 0xf3, 0xff, 0xff, 0xff, 0x20,
    0x2, 0xff, 0xff, 0xff, 0xf2, 0xff, 0xff, 0xf3,
    0xff, 0xff, 0xf8, 0x0, 0x2, 0xcc, 0xef, 0xfd,
    0xc1, 0xcb, 0xff, 0xf3, 0xff, 0xf9, 0xc0, 0x0,
    0x0, 0x0, 0x6f, 0xf2, 0x0, 0x0, 0xef, 0xf3,
    0xff, 0xf4, 0x0, 0x0, 0x3, 0xcc, 0x7f, 0xf4,
    0x10, 0x0, 0xef, 0xf3, 0xff, 0xfb, 0x40, 0x0,
    0x4, 0xff, 0x7f, 0xff, 0xf3, 0x18, 0xff, 0xf2,
    0xff, 0xff, 0xf6, 0x0, 0x4, 0xff, 0x7f, 0xff,
    0xfa, 0xff, 0xff, 0xf1, 0xff, 0xff, 0xff, 0x80,
    0x4, 0xff, 0x7f, 0xfe, 0xff, 0xff, 0xff, 0xf0,
    0xff, 0xff, 0xff, 0xf6, 0x4, 0xff, 0x7f, 0xf2,
    0x4f, 0xff, 0xff, 0xd0, 0xff, 0xf6, 0xef, 0xb0,
    0x4, 0xff, 0x7f, 0xf2, 0xb, 0xc9, 0xff, 0xa0,
    0xff, 0xf4, 0x2a, 0x0, 0x4, 0xff, 0x7f, 0xfb,
    0xe9, 0xd, 0xff, 0x70, 0xff, 0xf4, 0x22, 0x0,
    0x7, 0xff, 0xef, 0xff, 0xfb, 0x3f, 0xff, 0x20,
    0xff, 0xf4, 0x5f, 0xa3, 0x6f, 0xff, 0xff, 0xff,
    0xfb, 0xdf, 0xfb, 0x0, 0xef, 0xf5, 0x7f, 0xf7,
    0x2f, 0xff, 0xfe, 0x95, 0x2d, 0xff, 0xf4, 0x0,
    0xdf, 0xff, 0xff, 0xf4, 0xe, 0xb7, 0x30, 0x0,
    0x9, 0xff, 0xa0, 0x0, 0x9f, 0xff, 0xff, 0xd0,
    0x0, 0x0, 0x0, 0x0, 0x0, 0xac, 0x0, 0x0,
    0x1b, 0xff, 0xfc, 0x30, 0x0, 0x0, 0x0, 0x0,
    0x0, 0x0, 0x0, 0x0, 0x0, 0x0, 0x0, 0x0,

    /* U+8FD4 "返" */
    0x0, 0x0, 0x0, 0x0, 0x0, 0x0, 0x0, 0x0,
    0x0, 0x3, 0x50, 0x0, 0x0, 0x3d, 0x60, 0x0,
    0x1, 0x23, 0x45, 0x68, 0xac, 0xff, 0xf9, 0x0,
    0x8, 0xff, 0xf6, 0x0, 0xf, 0xff, 0xff, 0xff,
    0xff, 0xff, 0xff, 0x90, 0x4, 0xff, 0xff, 0x50,
    0xf, 0xff, 0xff, 0xff, 0xff, 0xff, 0xfb, 0x82,
    0x0, 0x7f, 0xff, 0xf2, 0xf, 0xff, 0xfd, 0xca,
    0x97, 0x52, 0x0, 0x0, 0x0, 0xa, 0xfe, 0x50,
    0xf, 0xff, 0x70, 0x0, 0x0, 0x0, 0x0, 0x0,
    0x0, 0x0, 0x91, 0x0, 0xf, 0xff, 0xff, 0xff,
    0xff, 0xff, 0xfb, 0x30, 0x0, 0x0, 0x0, 0x0,
    0xf, 0xff, 0xff, 0xff, 0xff, 0xff, 0xff, 0x30,
    0x1, 0x11, 0x11, 0x10, 0xf, 0xff, 0xff, 0xff,
    0xff, 0xff, 0xfe, 0x0, 0xf, 0xff, 0xff, 0xe0,
    0xf, 0xff, 0x71, 0x60, 0x1, 0xdf, 0xfa, 0x0,
    0xf, 0xff, 0xff, 0xe0, 0x2f, 0xff, 0x7d, 0xf8,
    0x5, 0xff, 0xf5, 0x0, 0xf, 0xff, 0xff, 0xe0,
    0x4f, 0xff, 0xff, 0xff, 0xad, 0xff, 0xe0, 0x0,
    0x3, 0x3a, 0xff, 0xe0, 0x7f, 0xff, 0x2d, 0xff,
    0xff, 0xff, 0x60, 0x0, 0x0, 0x9, 0xff, 0xe0,
    0xbf, 0xfe, 0x1, 0xcf, 0xff, 0xfd, 0x0, 0x0,
    0x0, 0x9, 0xff, 0xe1, 0xff, 0xfa, 0x0, 0x9f,
    0xff, 0xff, 0x40, 0x0, 0x0, 0x9, 0xff, 0xe8,
    0xff, 0xf5, 0x5d, 0xff, 0xff, 0xff, 0xf5, 0x0,
    0x0, 0x9, 0xff, 0xff, 0xff, 0xec, 0xff, 0xff,
    0xfb, 0xff, 0xff, 0x40, 0x0, 0xa, 0xff, 0xe6,
    0xef, 0x62, 0xff, 0xfd, 0x20, 0x9f, 0xfa, 0x0,
    0x2, 0xcf, 0xff, 0xfa, 0x59, 0x0, 0x7e, 0x60,
    0x0, 0xa, 0x90, 0x0, 0x3e, 0xff, 0xff, 0xff,
    0xff, 0xb7, 0x76, 0x55, 0x55, 0x67, 0x9a, 0xc6,
    0x5f, 0xff, 0xab, 0xff, 0xff, 0xff, 0xff, 0xff,
    0xff, 0xff, 0xff, 0xf1, 0xa, 0xfc, 0x0, 0x2b,
    0xff, 0xff, 0xff, 0xff, 0xff, 0xff, 0xff, 0xd0,
    0x1, 0xe4, 0x0, 0x0, 0x16, 0xbd, 0xff, 0xff,
    0xff, 0xff, 0xed, 0x80, 0x0, 0x20, 0x0, 0x0,
    0x0, 0x0, 0x0, 0x11, 0x0, 0x0, 0x0, 0x0,

    /* U+8FDB "进" */
    0x0, 0x0, 0x0, 0x0, 0x0, 0x0, 0x0, 0x0,
    0x0, 0x0, 0x0, 0x0, 0x0, 0x3d, 0x60, 0x0,
    0x0, 0xc, 0xcc, 0x60, 0x5b, 0xbb, 0x0, 0x0,
    0x5, 0xff, 0xf7, 0x0, 0x0, 0xf, 0xff, 0x70,
    0x7f, 0xff, 0x0, 0x0, 0x3, 0xff, 0xff, 0x70,
    0x0, 0xf, 0xff, 0x70, 0x7f, 0xff, 0x0, 0x0,
    0x0, 0x3f, 0xff, 0xf4, 0x68, 0x8f, 0xff, 0xc8,
    0xcf, 0xff, 0x88, 0x40, 0x0, 0x4, 0xff, 0xa0,
    0xcf, 0xff, 0xff, 0xff, 0xff, 0xff, 0xff, 0x80,
    0x0, 0x0, 0x67, 0x0, 0xcf, 0xff, 0xff, 0xff,
    0xff, 0xff, 0xff, 0x80, 0x0, 0x0, 0x0, 0x0,
    0xad, 0xdf, 0xff, 0xed, 0xef, 0xff, 0xdd, 0x70,
    0x0, 0x0, 0x0, 0x0, 0x0, 0xf, 0xff, 0x70,
    0x7f, 0xff, 0x0, 0x0, 0xc, 0xcc, 0xcc, 0xb0,
    0x0, 0xf, 0xff, 0x70, 0x7f, 0xff, 0x0, 0x0,
    0xf, 0xff, 0xff, 0xe0, 0x55, 0x6f, 0xff, 0xa5,
    0xaf, 0xff, 0x55, 0x50, 0xf, 0xff, 0xff, 0xe0,
    0xff, 0xff, 0xff, 0xff, 0xff, 0xff, 0xff, 0xf0,
    0x6, 0x6b, 0xff, 0xe0, 0xff, 0xff, 0xff, 0xff,
    0xff, 0xff, 0xff, 0xf0, 0x0, 0x7, 0xff, 0xe0,
    0xff, 0xff, 0xff, 0xff, 0xff, 0xff, 0xff, 0xf0,
    0x0, 0x7, 0xff, 0xe0, 0x0, 0xef, 0xfc, 0x0,
    0x7f, 0xff, 0x0, 0x0, 0x0, 0x7, 0xff, 0xe0,
    0x7, 0xff, 0xf6, 0x0, 0x7f, 0xff, 0x0, 0x0,
    0x0, 0x7, 0xff, 0xe0, 0x4f, 0xff, 0xf1, 0x0,
    0x7f, 0xff, 0x0, 0x0, 0x0, 0x9, 0xff, 0xe0,
    0x3e, 0xff, 0x90, 0x0, 0x7f, 0xff, 0x0, 0x0,
    0x1, 0xaf, 0xff, 0xf9, 0x12, 0xee, 0x10, 0x0,
    0x7f, 0xff, 0x0, 0x0, 0x1d, 0xff, 0xff, 0xff,
    0xfa, 0xa7, 0x33, 0x22, 0x23, 0x45, 0x79, 0xb6,
    0x5f, 0xff, 0xca, 0xff, 0xff, 0xff, 0xff, 0xff,
    0xff, 0xff, 0xff, 0xf2, 0xa, 0xfe, 0x0, 0x2b,
    0xff, 0xff, 0xff, 0xff, 0xff, 0xff, 0xff, 0xe0,
    0x1, 0xe5, 0x0, 0x0, 0x27, 0xcf, 0xff, 0xff,
    0xff, 0xff, 0xfe, 0x90, 0x0, 0x30, 0x0, 0x0,
    0x0, 0x0, 0x1, 0x11, 0x11, 0x0, 0x0, 0x0,

    /* U+9009 "选" */
    0x0, 0x0, 0x0, 0x0, 0x0, 0x0, 0x0, 0x55,
    0x53, 0x0, 0x0, 0x0, 0x0, 0x3d, 0x40, 0x0,
    0x3, 0xb7, 0x40, 0xef, 0xf8, 0x0, 0x0, 0x0,
    0x7, 0xff, 0xf6, 0x0, 0x9, 0xff, 0xe0, 0xef,
    0xf8, 0x0, 0x0, 0x0, 0x7, 0xff, 0xff, 0x60,
    0xf, 0xff, 0xfd, 0xff, 0xfe, 0xdd, 0xdd, 0x30,
    0x0, 0x7f, 0xff, 0xf2, 0x7f, 0xff, 0xff, 0xff,
    0xff, 0xff, 0xff, 0x30, 0x0, 0x9, 0xff, 0x52,
    0xff, 0xff, 0xff, 0xff, 0xff, 0xff, 0xff, 0x30,
    0x0, 0x0, 0xa2, 0xa, 0xff, 0xf3, 0x0, 0xef,
    0xf9, 0x0, 0x0, 0x0, 0x0, 0x0, 0x0, 0x0,
    0x7f, 0x70, 0x0, 0xef, 0xf8, 0x0, 0x0, 0x0,
    0x0, 0x0, 0x0, 0x2, 0x6a, 0x76, 0x66, 0xff,
    0xfb, 0x66, 0x66, 0x61, 0x3, 0x33, 0x33, 0x34,
    0xff, 0xff, 0xff, 0xff, 0xff, 0xff, 0xff, 0xf3,
    0xe, 0xff, 0xff, 0xe4, 0xff, 0xff, 0xff, 0xff,
    0xff, 0xff, 0xff, 0xf3, 0xe, 0xff, 0xff, 0xe2,
    0x99, 0x9d, 0xff, 0xf9, 0xff, 0xfc, 0x99, 0x92,
    0xe, 0xff, 0xff, 0xe0, 0x0, 0xd, 0xff, 0xb0,
    0xff, 0xf6, 0x0, 0x0, 0x0, 0x6, 0xff, 0xe0,
    0x0, 0x3f, 0xff, 0x70, 0xff, 0xf6, 0x20, 0x0,
    0x0, 0x6, 0xff, 0xe0, 0x1, 0xdf, 0xff, 0x20,
    0xff, 0xf6, 0x6e, 0x82, 0x0, 0x6, 0xff, 0xe0,
    0x5d, 0xff, 0xfa, 0x0, 0xff, 0xf8, 0x9f, 0xf8,
    0x0, 0x6, 0xff, 0xe6, 0xff, 0xff, 0xd1, 0x0,
    0xff, 0xff, 0xff, 0xf5, 0x0, 0x6, 0xff, 0xf2,
    0xaf, 0xfd, 0x20, 0x0, 0xbf, 0xff, 0xff, 0xf1,
    0x0, 0x9, 0xff, 0xff, 0xaf, 0x80, 0x0, 0x0,
    0x2c, 0xff, 0xfe, 0x50, 0x1, 0xaf, 0xff, 0xff,
    0xff, 0xa6, 0x33, 0x22, 0x22, 0x35, 0x67, 0x84,
    0x1e, 0xff, 0xff, 0xcf, 0xff, 0xff, 0xff, 0xff,
    0xff, 0xff, 0xff, 0xf1, 0x9, 0xff, 0xd2, 0x2,
    0xbf, 0xff, 0xff, 0xff, 0xff, 0xff, 0xff, 0xd0,
    0x0, 0xce, 0x20, 0x0, 0x2, 0x7d, 0xff, 0xff,
    0xff, 0xff, 0xfe, 0x90, 0x0, 0x12, 0x0, 0x0,
    0x0, 0x0, 0x0, 0x11, 0x10, 0x0, 0x0, 0x0,

    /* U+901A "通" */
    0x0, 0x0, 0x0, 0x0, 0x0, 0x0, 0x0, 0x0,
    0x0, 0x0, 0x0, 0x0, 0x0, 0x29, 0x0, 0x0,
    0xe, 0xff, 0xff, 0xff, 0xff, 0xff, 0xd2, 0x0,
    0x4, 0xff, 0xc1, 0x0, 0xe, 0xff, 0xff, 0xff,
    0xff, 0xff, 0xfe, 0x10, 0xb, 0xff, 0xfe, 0x30,
    0x9, 0xaa, 0xfd, 0xaa, 0xcf, 0xff, 0xf4, 0x0,
    0x0, 0xbf, 0xff, 0xf3, 0x0, 0xa, 0xff, 0xd8,
    0xff, 0xfd, 0x20, 0x0, 0x0, 0xa, 0xff, 0xf4,
    0x0, 0x3c, 0xff, 0xff, 0xff, 0xb0, 0x0, 0x0,
    0x0, 0x0, 0xaf, 0x40, 0x28, 0x88, 0xcf, 0xff,
    0xff, 0xe9, 0x88, 0x30, 0x0, 0x0, 0x3, 0x0,
    0x4f, 0xff, 0xff, 0xff, 0xff, 0xff, 0xff, 0x60,
    0x0, 0x0, 0x0, 0x0, 0x4f, 0xff, 0xff, 0xff,
    0xff, 0xff, 0xff, 0x60, 0x3, 0x33, 0x33, 0x30,
    0x4f, 0xff, 0x22, 0xff, 0xf4, 0x2e, 0xff, 0x60,
    0x3f, 0xff, 0xff, 0xe0, 0x4f, 0xff, 0xff, 0xff,
    0xff, 0xff, 0xff, 0x60, 0x3f, 0xff, 0xff, 0xe0,
    0x4f, 0xff, 0xff, 0xff, 0xff, 0xff, 0xff, 0x60,
    0x3f, 0xff, 0xff, 0xe0, 0x4f, 0xff, 0x22, 0xff,
    0xf4, 0x2e, 0xff, 0x60, 0x0, 0x6, 0xff, 0xe0,
    0x4f, 0xff, 0xee, 0xff, 0xfe, 0xef, 0xff, 0x60,
    0x0, 0x6, 0xff, 0xe0, 0x4f, 0xff, 0xff, 0xff,
    0xff, 0xff, 0xff, 0x60, 0x0, 0x6, 0xff, 0xe0,
    0x4f, 0xff, 0x88, 0xff, 0xf9, 0x8f, 0xff, 0x60,
    0x0, 0x6, 0xff, 0xe0, 0x4f, 0xff, 0x0, 0xff,
    0xf7, 0xaf, 0xff, 0x50, 0x0, 0x6, 0xff, 0xe0,
    0x4f, 0xff, 0x0, 0xff, 0xf7, 0xff, 0xff, 0x20,
    0x0, 0x3d, 0xff, 0xf6, 0x4f, 0xff, 0x0, 0xdd,
    0xd2, 0xff, 0xc5, 0x0, 0x8, 0xff, 0xff, 0xff,
    0xd6, 0x21, 0x0, 0x0, 0x0, 0x12, 0x46, 0x83,
    0x4f, 0xff, 0xd8, 0xef, 0xff, 0xff, 0xff, 0xef,
    0xff, 0xff, 0xff, 0xf1, 0xb, 0xfe, 0x10, 0x1a,
    0xff, 0xff, 0xff, 0xff, 0xff, 0xff, 0xff, 0xc0,
    0x1, 0xe4, 0x0, 0x0, 0x17, 0xce, 0xff, 0xff,
    0xff, 0xfe, 0xdd, 0x70, 0x0, 0x20, 0x0, 0x0,
    0x0, 0x0, 0x0, 0x0, 0x0, 0x0, 0x0, 0x0,

    /* U+914D "配" */
    0x2a, 0xaa, 0xaa, 0xaa, 0xaa, 0xaa, 0x26, 0x66,
    0x66, 0x66, 0x66, 0x30, 0x2f, 0xff, 0xff, 0xff,
    0xff, 0xff, 0x5f, 0xff, 0xff, 0xff, 0xff, 0x70,
    0x2f, 0xff, 0xff, 0xff, 0xff, 0xff, 0x5f, 0xff,
    0xff, 0xff, 0xff, 0x70, 0x15, 0x56, 0xff, 0x8f,
    0xf6, 0x55, 0x5f, 0xff, 0xff, 0xff, 0xff, 0x70,
    0x0, 0x2, 0xff, 0x5f, 0xf1, 0x0, 0x0, 0x0,
    0x0, 0xe, 0xff, 0x70, 0xd, 0xff, 0xff, 0xff,
    0xff, 0xf7, 0x0, 0x0, 0x0, 0xe, 0xff, 0x70,
    0xd, 0xff, 0xff, 0xff, 0xff, 0xf8, 0x0, 0x0,
    0x0, 0xe, 0xff, 0x70, 0xd, 0xff, 0xef, 0xef,
    0xdf, 0xf8, 0x2, 0x22, 0x22, 0x2e, 0xff, 0x70,
    0xd, 0xfc, 0x7f, 0x7f, 0x4f, 0xf8, 0x3f, 0xff,
    0xff, 0xff, 0xff, 0x70, 0xd, 0xfc, 0x7f, 0x7f,
    0x4f, 0xf8, 0x3f, 0xff, 0xff, 0xff, 0xff, 0x70,
    0xd, 0xfc, 0x8e, 0x7f, 0x4f, 0xf8, 0x3f, 0xff,
    0xff, 0xff, 0xff, 0x70, 0xd, 0xfc, 0xcd, 0x6f,
    0xaf, 0xf8, 0x3f, 0xff, 0x20, 0xe, 0xff, 0x70,
    0xd, 0xfe, 0xf7, 0x3f, 0xff, 0xf8, 0x3f, 0xff,
    0x20, 0x7, 0x77, 0x30, 0xd, 0xfc, 0x51, 0x1,
    0x5f, 0xf8, 0x3f, 0xff, 0x20, 0x0, 0x0, 0x0,
    0xd, 0xfe, 0x66, 0x66, 0x8f, 0xf8, 0x3f, 0xff,
    0x20, 0x0, 0x0, 0x0, 0xd, 0xff, 0xff, 0xff,
    0xff, 0xf8, 0x3f, 0xff, 0x20, 0x0, 0x72, 0x0,
    0xd, 0xff, 0xff, 0xff, 0xff, 0xf8, 0x3f, 0xff,
    0x20, 0x0, 0xcf, 0xb3, 0xd, 0xfc, 0x0, 0x0,
    0x3f, 0xf8, 0x3f, 0xff, 0x20, 0x0, 0xef, 0xf4,
    0xd, 0xff, 0xff, 0xff, 0xff, 0xf8, 0x2f, 0xff,
    0x73, 0x36, 0xff, 0xf2, 0xd, 0xff, 0xff, 0xff,
    0xff, 0xf8, 0x1f, 0xff, 0xff, 0xff, 0xff, 0xe0,
    0xd, 0xfe, 0xaa, 0xaa, 0xbf, 0xf8, 0xb, 0xff,
    0xff, 0xff, 0xff, 0x70, 0xd, 0xfc, 0x0, 0x0,
    0x3f, 0xf8, 0x1, 0xae, 0xff, 0xff, 0xd7, 0x0,
    0x2, 0x22, 0x0, 0x0, 0x0, 0x0, 0x0, 0x0,
    0x0, 0x0, 0x0, 0x0,

    /* U+91CD "重" */
    0x0, 0x0, 0x0, 0x0, 0x0, 0x0, 0x0, 0x2,
    0x46, 0x30, 0x0, 0x0, 0x5, 0x67, 0x78, 0x99,
    0xab, 0xcd, 0xff, 0xff, 0xfc, 0x0, 0x0, 0x0,
    0xbf, 0xff, 0xff, 0xff, 0xff, 0xff, 0xff, 0xff,
    0xf6, 0x0, 0x0, 0x7, 0xff, 0xff, 0xff, 0xff,
    0xff, 0xdc, 0xb9, 0x75, 0x20, 0x0, 0x23, 0x47,
    0x77, 0x66, 0x5e, 0xff, 0xc3, 0x33, 0x33, 0x33,
    0x32, 0xc, 0xff, 0xff, 0xff, 0xff, 0xff, 0xff,
    0xff, 0xff, 0xff, 0xff, 0xe0, 0xcf, 0xff, 0xff,
    0xff, 0xff, 0xff, 0xff, 0xff, 0xff, 0xff, 0xfe,
    0x5, 0x77, 0x77, 0x77, 0x77, 0xef, 0xfd, 0x77,
    0x77, 0x77, 0x77, 0x60, 0x0, 0x5f, 0xff, 0xff,
    0xff, 0xff, 0xff, 0xff, 0xff, 0xf9, 0x0, 0x0,
    0x5, 0xff, 0xff, 0xff, 0xff, 0xff, 0xff, 0xff,
    0xff, 0xa0, 0x0, 0x0, 0x5f, 0xff, 0x55, 0x5e,
    0xff, 0xc5, 0x55, 0xff, 0xfa, 0x0, 0x0, 0x5,
    0xff, 0xff, 0xff, 0xff, 0xff, 0xff, 0xff, 0xff,
    0xa0, 0x0, 0x0, 0x5f, 0xff, 0xff, 0xff, 0xff,
    0xff, 0xff, 0xff, 0xfa, 0x0, 0x0, 0x5, 0xff,
    0xf5, 0x55, 0xef, 0xfc, 0x55, 0x5f, 0xff, 0xa0,
    0x0, 0x0, 0x5f, 0xff, 0xff, 0xff, 0xff, 0xff,
    0xff, 0xff, 0xfa, 0x0, 0x0, 0x5, 0xff, 0xff,
    0xff, 0xff, 0xff, 0xff, 0xff, 0xff, 0x90, 0x0,
    0x0, 0x55, 0x55, 0x55, 0x5e, 0xff, 0xc5, 0x55,
    0x55, 0x55, 0x20, 0x0, 0x2f, 0xff, 0xff, 0xff,
    0xff, 0xff, 0xff, 0xff, 0xff, 0xf8, 0x0, 0x2,
    0xff, 0xff, 0xff, 0xff, 0xff, 0xff, 0xff, 0xff,
    0xff, 0x80, 0x0, 0x13, 0x33, 0x33, 0x33, 0xdf,
    0xfc, 0x33, 0x33, 0x33, 0x32, 0x0, 0xef, 0xff,
    0xff, 0xff, 0xff, 0xff, 0xff, 0xff, 0xff, 0xff,
    0xff, 0x1e, 0xff, 0xff, 0xff, 0xff, 0xff, 0xff,
    0xff, 0xff, 0xff, 0xff, 0xf1, 0x9a, 0xaa, 0xaa,
    0xaa, 0xaa, 0xaa, 0xaa, 0xaa, 0xaa, 0xaa, 0xaa,
    0x10,

    /* U+91CF "量" */
    0x0, 0xa, 0xbb, 0xbb, 0xbb, 0xbb, 0xbb, 0xbb,
    0xbb, 0x90, 0x0, 0x0, 0x0, 0xef, 0xff, 0xff,
    0xff, 0xff, 0xff, 0xff, 0xfd, 0x0, 0x0, 0x0,
    0xe, 0xff, 0xc8, 0x88, 0x88, 0x88, 0x8d, 0xff,
    0xd0, 0x0, 0x0, 0x0, 0xef, 0xfe, 0xdd, 0xdd,
    0xdd, 0xdd, 0xff, 0xfd, 0x0, 0x0, 0x0, 0xe,
    0xff, 0xca, 0xaa, 0xaa, 0xaa, 0xae, 0xff, 0xd0,
    0x0, 0x0, 0x0, 0xef, 0xff, 0xff, 0xff, 0xff,
    0xff, 0xff, 0xfd, 0x0, 0x0, 0x44, 0x45, 0x55,
    0x55, 0x55, 0x55, 0x55, 0x55, 0x55, 0x54, 0x44,
    0xf, 0xff, 0xff, 0xff, 0xff, 0xff, 0xff, 0xff,
    0xff, 0xff, 0xff, 0xf0, 0xff, 0xff, 0xff, 0xff,
    0xff, 0xff, 0xff, 0xff, 0xff, 0xff, 0xff, 0x5,
    0x56, 0x66, 0x66, 0x66, 0x66, 0x66, 0x66, 0x66,
    0x66, 0x65, 0x50, 0x0, 0x5f, 0xff, 0xff, 0xff,
    0xff, 0xff, 0xff, 0xff, 0xf5, 0x0, 0x0, 0x5,
    0xff, 0xfb, 0xbb, 0xef, 0xfe, 0xbb, 0xbf, 0xff,
    0x50, 0x0, 0x0, 0x5f, 0xff, 0xcc, 0xcf, 0xff,
    0xec, 0xcc, 0xff, 0xf5, 0x0, 0x0, 0x5, 0xff,
    0xfb, 0xbb, 0xef, 0xfe, 0xbb, 0xbf, 0xff, 0x50,
    0x0, 0x0, 0x5f, 0xff, 0xcc, 0xce, 0xff, 0xec,
    0xcc, 0xff, 0xf5, 0x0, 0x0, 0x5, 0xff, 0xff,
    0xff, 0xff, 0xff, 0xff, 0xff, 0xff, 0x50, 0x0,
    0x0, 0x68, 0x88, 0x88, 0x8d, 0xff, 0xd8, 0x88,
    0x88, 0x86, 0x0, 0x0, 0xb, 0xff, 0xff, 0xff,
    0xff, 0xff, 0xff, 0xff, 0xff, 0xc0, 0x0, 0x0,
    0x57, 0x77, 0x77, 0x7d, 0xff, 0xd7, 0x77, 0x77,
    0x76, 0x0, 0xf, 0xff, 0xff, 0xff, 0xff, 0xff,
    0xff, 0xff, 0xff, 0xff, 0xff, 0xf0, 0xff, 0xff,
    0xff, 0xff, 0xff, 0xff, 0xff, 0xff, 0xff, 0xff,
    0xff, 0x8, 0x88, 0x88, 0x88, 0x88, 0x88, 0x88,
    0x88, 0x88, 0x88, 0x88, 0x80,

    /* U+949F "钟" */
    0x0, 0x5, 0x82, 0x0, 0x0, 0x0, 0x0, 0xc,
    0xcc, 0x50, 0x0, 0x0, 0x0, 0xd, 0xff, 0x90,
    0x0, 0x0, 0x0, 0xf, 0xff, 0x60, 0x0, 0x0,
    0x0, 0x4f, 0xff, 0x93, 0x33, 0x0, 0x0, 0xf,
    0xff, 0x60, 0x0, 0x0, 0x0, 0xcf, 0xff, 0xff,
    0xff, 0x10, 0x0, 0xf, 0xff, 0x60, 0x0, 0x0,
    0x8, 0xff, 0xff, 0xff, 0xff, 0x10, 0x0, 0xf,
    0xff, 0x60, 0x0, 0x0, 0x4f, 0xff, 0xff, 0xff,
    0xff, 0x7b, 0xbb, 0xbf, 0xff, 0xdb, 0xbb, 0xb1,
    0x5f, 0xff, 0x40, 0x0, 0x0, 0x8f, 0xff, 0xff,
    0xff, 0xff, 0xff, 0xf1, 0xd, 0xff, 0xff, 0xff,
    0xfa, 0x8f, 0xff, 0xff, 0xff, 0xff, 0xff, 0xf1,
    0x5, 0xcf, 0xff, 0xff, 0xfa, 0x8f, 0xfb, 0x6f,
    0xff, 0x97, 0xff, 0xf1, 0x0, 0x3f, 0xff, 0xff,
    0xfa, 0x8f, 0xf9, 0xf, 0xff, 0x63, 0xff, 0xf1,
    0x0, 0x2, 0xef, 0xf7, 0x21, 0x8f, 0xf9, 0xf,
    0xff, 0x63, 0xff, 0xf1, 0x1, 0x11, 0xef, 0xf7,
    0x11, 0x8f, 0xf9, 0xf, 0xff, 0x63, 0xff, 0xf1,
    0xc, 0xff, 0xff, 0xff, 0xff, 0x8f, 0xff, 0xff,
    0xff, 0xff, 0xff, 0xf1, 0xc, 0xff, 0xff, 0xff,
    0xff, 0x8f, 0xff, 0xff, 0xff, 0xff, 0xff, 0xf1,
    0xc, 0xff, 0xff, 0xff, 0xff, 0x8f, 0xff, 0xff,
    0xff, 0xff, 0xff, 0xf1, 0x0, 0x0, 0xef, 0xf6,
    0x0, 0x8f, 0xfc, 0x6f, 0xff, 0xa8, 0xff, 0xf1,
    0x0, 0x0, 0xef, 0xf6, 0x0, 0x8f, 0xf9, 0xf,
    0xff, 0x62, 0xee, 0xe1, 0x0, 0x0, 0xef, 0xf6,
    0x6d, 0x31, 0x11, 0xf, 0xff, 0x60, 0x0, 0x0,
    0x0, 0x0, 0xff, 0xff, 0xff, 0x40, 0x0, 0xf,
    0xff, 0x60, 0x0, 0x0, 0x0, 0x6, 0xff, 0xff,
    0xff, 0x70, 0x0, 0xf, 0xff, 0x60, 0x0, 0x0,
    0x0, 0x2f, 0xff, 0xff, 0xc4, 0x0, 0x0, 0xf,
    0xff, 0x60, 0x0, 0x0, 0x0, 0xa, 0xff, 0xb3,
    0x0, 0x0, 0x0, 0xf, 0xff, 0x60, 0x0, 0x0,
    0x0, 0x1, 0xb3, 0x0, 0x0, 0x0, 0x0, 0xf,
    0xff, 0x60, 0x0, 0x0,

    /* U+952E "键" */
    0x0, 0x3, 0x10, 0x0, 0x0, 0x0, 0x0, 0x0,
    0x11, 0x10, 0x0, 0x0, 0x0, 0x1f, 0xfc, 0x10,
    0x45, 0x57, 0x60, 0x0, 0xff, 0x90, 0x0, 0x0,
    0x0, 0x8f, 0xff, 0x65, 0xcf, 0xff, 0xf9, 0xab,
    0xff, 0xeb, 0xba, 0x0, 0x0, 0xef, 0xff, 0xff,
    0xcf, 0xff, 0xf6, 0xef, 0xff, 0xff, 0xfe, 0x0,
    0xa, 0xff, 0xff, 0xff, 0xac, 0xff, 0xf1, 0x88,
    0xff, 0xdc, 0xfe, 0x0, 0x6f, 0xff, 0xca, 0xaa,
    0x0, 0xff, 0xc9, 0x99, 0xff, 0xdc, 0xff, 0x91,
    0x6f, 0xfd, 0x0, 0x0, 0x5, 0xff, 0x6e, 0xff,
    0xff, 0xff, 0xff, 0xf1, 0xa, 0xfd, 0xcc, 0xcc,
    0x1c, 0xfe, 0xb, 0xcc, 0xff, 0xee, 0xff, 0xc1,
    0x1, 0xff, 0xff, 0xff, 0x7f, 0xfd, 0x62, 0x45,
    0xff, 0xb9, 0xfe, 0x0, 0x0, 0xff, 0xff, 0xff,
    0xff, 0xff, 0xf7, 0xef, 0xff, 0xff, 0xfe, 0x0,
    0x0, 0x2c, 0xff, 0x33, 0xef, 0xff, 0xf6, 0xde,
    0xff, 0xfe, 0xec, 0x0, 0x0, 0xb, 0xff, 0x10,
    0x54, 0x7f, 0xf5, 0x33, 0xff, 0xb3, 0x33, 0x0,
    0xe, 0xff, 0xff, 0xff, 0x30, 0x5f, 0xf3, 0xff,
    0xff, 0xff, 0xff, 0x0, 0xe, 0xff, 0xff, 0xff,
    0xae, 0xaf, 0xf2, 0xff, 0xff, 0xff, 0xff, 0x0,
    0xe, 0xff, 0xff, 0xff, 0xff, 0xff, 0xf0, 0x55,
    0xff, 0xc5, 0x55, 0x0, 0x2, 0x2c, 0xff, 0x32,
    0xaf, 0xff, 0xd6, 0xbb, 0xff, 0xeb, 0xbb, 0x50,
    0x0, 0xb, 0xff, 0x3, 0x3f, 0xff, 0xa9, 0xff,
    0xff, 0xff, 0xff, 0x70, 0x0, 0xb, 0xff, 0x9f,
    0xd, 0xff, 0x67, 0xdd, 0xff, 0xfd, 0xdd, 0x60,
    0x0, 0xd, 0xff, 0xff, 0x6c, 0xff, 0xc1, 0x0,
    0xff, 0x90, 0x0, 0x0, 0x0, 0x1f, 0xff, 0xfe,
    0xaf, 0xff, 0xfe, 0x72, 0xaa, 0x60, 0x0, 0x0,
    0x0, 0xbf, 0xff, 0xd5, 0xff, 0xfd, 0xff, 0xff,
    0xec, 0xbb, 0xbb, 0xc3, 0x0, 0xaf, 0xfa, 0xc,
    0xff, 0x90, 0x9f, 0xff, 0xff, 0xff, 0xff, 0xe0,
    0x0, 0xd, 0x70, 0x3, 0xfc, 0x0, 0x2, 0x8b,
    0xef, 0xff, 0xff, 0xa0, 0x0, 0x1, 0x0, 0x0,
    0x60, 0x0, 0x0, 0x0, 0x0, 0x0, 0x0, 0x0,

    /* U+957F "长" */
    0x0, 0x0, 0x55, 0x54, 0x0, 0x0, 0x0, 0x0,
    0x0, 0x0, 0x0, 0x0, 0x0, 0xf, 0xff, 0xb0,
    0x0, 0x0, 0x0, 0xb, 0xb4, 0x0, 0x0, 0x0,
    0x0, 0xff, 0xfb, 0x0, 0x0, 0x0, 0x2d, 0xff,
    0xfd, 0x10, 0x0, 0x0, 0xf, 0xff, 0xb0, 0x0,
    0x0, 0x8f, 0xff, 0xff, 0x50, 0x0, 0x0, 0x0,
    0xff, 0xfb, 0x0, 0x7, 0xef, 0xff, 0xfe, 0x40,
    0x0, 0x0, 0x0, 0xf, 0xff, 0xb2, 0x9f, 0xff,
    0xff, 0xfb, 0x10, 0x0, 0x0, 0x0, 0x0, 0xff,
    0xfb, 0xb, 0xff, 0xff, 0xe6, 0x0, 0x0, 0x0,
    0x0, 0x0, 0xf, 0xff, 0xb0, 0xb, 0xff, 0x91,
    0x0, 0x0, 0x0, 0x0, 0x0, 0x0, 0xff, 0xfb,
    0x0, 0x8, 0x10, 0x0, 0x0, 0x0, 0x0, 0x6,
    0x88, 0x8f, 0xff, 0xd8, 0x88, 0x88, 0x88, 0x88,
    0x88, 0x88, 0x70, 0xcf, 0xff, 0xff, 0xff, 0xff,
    0xff, 0xff, 0xff, 0xff, 0xff, 0xfe, 0xc, 0xff,
    0xff, 0xff, 0xff, 0xff, 0xff, 0xff, 0xff, 0xff,
    0xff, 0xe0, 0xcf, 0xff, 0xff, 0xff, 0xff, 0xff,
    0xff, 0xff, 0xff, 0xff, 0xfe, 0x0, 0x0, 0xf,
    0xff, 0xb0, 0x7, 0xff, 0xf4, 0x0, 0x0, 0x0,
    0x0, 0x0, 0x0, 0xff, 0xfb, 0x0, 0xe, 0xff,
    0xe0, 0x0, 0x0, 0x0, 0x0, 0x0, 0xf, 0xff,
    0xb0, 0x0, 0x7f, 0xff, 0xb0, 0x0, 0x0, 0x0,
    0x0, 0x0, 0xff, 0xfb, 0x0, 0x0, 0xef, 0xff,
    0xc1, 0x0, 0x0, 0x0, 0x0, 0xf, 0xff, 0xb0,
    0x14, 0x78, 0xff, 0xff, 0xe6, 0x0, 0x0, 0x0,
    0x1, 0xff, 0xfe, 0xef, 0xff, 0x86, 0xff, 0xff,
    0xfc, 0x61, 0x0, 0x0, 0x7f, 0xff, 0xff, 0xff,
    0xfa, 0x6, 0xff, 0xff, 0xff, 0xf3, 0x0, 0x1f,
    0xff, 0xff, 0xff, 0xff, 0x90, 0x3, 0xef, 0xff,
    0xf7, 0x0, 0x0, 0x8f, 0xff, 0xfb, 0x73, 0x0,
    0x0, 0x1, 0x7e, 0xfc, 0x0, 0x0, 0x2, 0xe8,
    0x30, 0x0, 0x0, 0x0, 0x0, 0x0, 0x5, 0x20,
    0x0, 0x0, 0x0, 0x0, 0x0, 0x0, 0x0, 0x0,
    0x0, 0x0, 0x0, 0x0,

    /* U+95ED "闭" */
    0x0, 0x2, 0x0, 0x0, 0x0, 0x0, 0x0, 0x0,
    0x0, 0x0, 0x0, 0x2, 0xbf, 0x50, 0x2, 0x44,
    0x44, 0x44, 0x44, 0x44, 0x44, 0x44, 0xe, 0xff,
    0xf4, 0xa, 0xff, 0xff, 0xff, 0xff, 0xff, 0xff,
    0xff, 0x3, 0xff, 0xfe, 0x1a, 0xff, 0xff, 0xff,
    0xff, 0xff, 0xff, 0xff, 0x0, 0x5f, 0xff, 0x6a,
    0xff, 0xff, 0xff, 0xff, 0xff, 0xff, 0xff, 0x0,
    0x9, 0xa2, 0x0, 0x0, 0x0, 0xaa, 0xa5, 0x0,
    0x6f, 0xff, 0x6b, 0xbb, 0x0, 0x0, 0x0, 0x1,
    0xff, 0xf8, 0x0, 0x6f, 0xff, 0x9f, 0xfe, 0x0,
    0x0, 0x0, 0x1, 0xff, 0xf8, 0x0, 0x6f, 0xff,
    0x9f, 0xfe, 0x16, 0x66, 0x66, 0x67, 0xff, 0xfb,
    0x65, 0x6f, 0xff, 0x9f, 0xfe, 0x2f, 0xff, 0xff,
    0xff, 0xff, 0xff, 0xfd, 0x6f, 0xff, 0x9f, 0xfe,
    0x2f, 0xff, 0xff, 0xff, 0xff, 0xff, 0xfd, 0x6f,
    0xff, 0x9f, 0xfe, 0x2d, 0xdd, 0xde, 0xff, 0xff,
    0xfe, 0xdb, 0x6f, 0xff, 0x9f, 0xfe, 0x0, 0x0,
    0x2e, 0xff, 0xff, 0xf8, 0x0, 0x6f, 0xff, 0x9f,
    0xfe, 0x0, 0x2, 0xef, 0xff, 0xff, 0xf8, 0x0,
    0x6f, 0xff, 0x9f, 0xfe, 0x0, 0x5e, 0xff, 0xfb,
    0xff, 0xf8, 0x0, 0x6f, 0xff, 0x9f, 0xfe, 0x1b,
    0xff, 0xff, 0x91, 0xff, 0xf8, 0x0, 0x6f, 0xff,
    0x9f, 0xff, 0xef, 0xff, 0xf9, 0x1, 0xff, 0xf8,
    0x0, 0x6f, 0xff, 0x9f, 0xfe, 0x2e, 0xfe, 0x40,
    0x1, 0xff, 0xf8, 0x0, 0x6f, 0xff, 0x9f, 0xfe,
    0x3, 0x91, 0x6f, 0xef, 0xff, 0xf7, 0x0, 0x6f,
    0xff, 0x9f, 0xfe, 0x0, 0x0, 0x1f, 0xff, 0xff,
    0xf4, 0x10, 0x8f, 0xff, 0x9f, 0xfe, 0x0, 0x0,
    0xb, 0xff, 0xfe, 0x71, 0xff, 0xff, 0xfe, 0x9f,
    0xfe, 0x0, 0x0, 0x3, 0x54, 0x20, 0x0, 0xbf,
    0xff, 0xf9, 0x9f, 0xfe, 0x0, 0x0, 0x0, 0x0,
    0x0, 0x0, 0x7f, 0xfc, 0x70, 0x0, 0x0, 0x0,
    0x0, 0x0, 0x0, 0x0, 0x0, 0x0, 0x0, 0x0,

    /* U+9664 "除" */
    0x0, 0x0, 0x0, 0x0, 0x0, 0x0, 0x0, 0x0,
    0x0, 0x0, 0x0, 0x0, 0x0, 0x0, 0x0, 0x0,
    0x0, 0x0, 0x2e, 0x93, 0x0, 0x0, 0x0, 0xac,
    0xcc, 0xcd, 0x91, 0x0, 0x0, 0xb, 0xff, 0xe0,
    0x0, 0x0, 0xd, 0xff, 0xff, 0xff, 0xf1, 0x0,
    0x8, 0xff, 0xfe, 0x30, 0x0, 0x0, 0xdf, 0xff,
    0xff, 0xfe, 0x0, 0x7, 0xff, 0xff, 0xfe, 0x30,
    0x0, 0xd, 0xff, 0x79, 0xff, 0xa0, 0x8, 0xff,
    0xfc, 0xef, 0xff, 0x60, 0x0, 0xdf, 0xf3, 0x9f,
    0xf6, 0x1b, 0xff, 0xfd, 0x3, 0xff, 0xff, 0xb1,
    0xd, 0xff, 0x3c, 0xff, 0x9f, 0xff, 0xfd, 0x10,
    0x4, 0xff, 0xff, 0xf6, 0xdf, 0xf3, 0xef, 0xe9,
    0xff, 0xfe, 0x30, 0x0, 0x5, 0xff, 0xfe, 0x1d,
    0xff, 0x4f, 0xfa, 0xa, 0xff, 0xff, 0xff, 0xff,
    0xff, 0xff, 0x30, 0xdf, 0xf6, 0xff, 0xa0, 0x9,
    0xff, 0xff, 0xff, 0xff, 0xfa, 0x50, 0xd, 0xff,
    0x3d, 0xff, 0x20, 0x2e, 0xee, 0xff, 0xff, 0xee,
    0x90, 0x0, 0xdf, 0xf3, 0x8f, 0xf7, 0x0, 0x0,
    0x6, 0xff, 0xe0, 0x0, 0x0, 0xd, 0xff, 0x35,
    0xff, 0x9a, 0xbb, 0xbb, 0xdf, 0xff, 0xbb, 0xbb,
    0xb0, 0xdf, 0xf3, 0x4f, 0xfb, 0xff, 0xff, 0xff,
    0xff, 0xff, 0xff, 0xff, 0xd, 0xff, 0x49, 0xff,
    0xbf, 0xff, 0xff, 0xff, 0xff, 0xff, 0xff, 0xf0,
    0xdf, 0xfc, 0xff, 0xf9, 0x46, 0x54, 0x49, 0xff,
    0xf4, 0x47, 0x44, 0xd, 0xff, 0x6f, 0xff, 0x30,
    0xdf, 0xb4, 0x6f, 0xfe, 0x3b, 0xf6, 0x0, 0xdf,
    0xf3, 0xcb, 0x40, 0x7f, 0xff, 0x16, 0xff, 0xe6,
    0xff, 0xf3, 0xd, 0xff, 0x30, 0x0, 0x4f, 0xff,
    0x70, 0x6f, 0xfe, 0xb, 0xff, 0xd0, 0xdf, 0xf3,
    0x0, 0x3f, 0xff, 0xd2, 0x18, 0xff, 0xe0, 0x1f,
    0xff, 0x7d, 0xff, 0x30, 0x0, 0x8f, 0xe2, 0xcf,
    0xff, 0xfc, 0x0, 0x7f, 0xc3, 0xdf, 0xf3, 0x0,
    0x0, 0x44, 0x6, 0xff, 0xff, 0x80, 0x0, 0x40,
    0xd, 0xff, 0x30, 0x0, 0x0, 0x0, 0x1f, 0xec,
    0x70, 0x0, 0x0, 0x0,

    /* U+968F "随" */
    0x0, 0x0, 0x0, 0x0, 0x0, 0x0, 0x0, 0x13,
    0x0, 0x0, 0x0, 0x1, 0x44, 0x44, 0x42, 0x0,
    0x0, 0x0, 0x5, 0xff, 0xa0, 0x0, 0x0, 0x3f,
    0xff, 0xff, 0xf9, 0x11, 0x0, 0x0, 0xaf, 0xf9,
    0x0, 0x0, 0x3, 0xff, 0xff, 0xff, 0xfe, 0xe1,
    0xbf, 0xff, 0xff, 0xff, 0xff, 0xf2, 0x3f, 0xff,
    0xdf, 0xff, 0xff, 0x9b, 0xff, 0xff, 0xff, 0xff,
    0xff, 0x23, 0xff, 0xb5, 0xff, 0xad, 0xff, 0xbd,
    0xff, 0xfe, 0xdd, 0xdd, 0xd2, 0x3f, 0xfb, 0x8f,
    0xf5, 0x5f, 0xe4, 0x5f, 0xff, 0x53, 0x33, 0x31,
    0x3, 0xff, 0xbb, 0xff, 0x0, 0x81, 0x2e, 0xff,
    0xff, 0xff, 0xff, 0x60, 0x3f, 0xfc, 0xef, 0xb0,
    0x0, 0x2e, 0xff, 0xff, 0xff, 0xff, 0xf6, 0x3,
    0xff, 0xef, 0xf7, 0x79, 0x9c, 0xff, 0xff, 0xf3,
    0x3b, 0xff, 0x60, 0x3f, 0xfc, 0xef, 0xbb, 0xff,
    0xfd, 0xff, 0xff, 0xee, 0xff, 0xf6, 0x3, 0xff,
    0xb7, 0xff, 0xdf, 0xff, 0xa1, 0xef, 0xff, 0xff,
    0xff, 0x60, 0x3f, 0xfb, 0x2f, 0xf9, 0x3f, 0xfa,
    0xe, 0xff, 0x44, 0xbf, 0xf6, 0x3, 0xff, 0xb0,
    0xff, 0xc2, 0xff, 0xa0, 0xef, 0xfe, 0xef, 0xff,
    0x60, 0x3f, 0xfb, 0xf, 0xfe, 0x2f, 0xfa, 0xe,
    0xff, 0xff, 0xff, 0xf6, 0x3, 0xff, 0xc6, 0xff,
    0xc2, 0xff, 0xa0, 0xef, 0xf7, 0x7c, 0xff, 0x60,
    0x3f, 0xff, 0xff, 0xfb, 0x2f, 0xfa, 0xe, 0xff,
    0x7, 0xdf, 0xf6, 0x3, 0xff, 0xef, 0xff, 0x42,
    0xff, 0xa0, 0xef, 0xf0, 0x9f, 0xff, 0x40, 0x3f,
    0xfd, 0xdb, 0x43, 0xdf, 0xfd, 0x2e, 0xff, 0x5,
    0xff, 0x90, 0x3, 0xff, 0xb0, 0x4, 0xff, 0xff,
    0xff, 0xb6, 0x42, 0x24, 0x45, 0x63, 0x3f, 0xfb,
    0x0, 0xaf, 0xfb, 0x8f, 0xff, 0xff, 0xff, 0xff,
    0xff, 0x33, 0xff, 0xb0, 0x0, 0xde, 0x10, 0x3c,
    0xff, 0xff, 0xff, 0xff, 0xf0, 0x3f, 0xfb, 0x0,
    0x3, 0x60, 0x0, 0x4, 0x9b, 0xde, 0xdd, 0xc9,
    0x0,

    /* U+9690 "隐" */
    0x0, 0x0, 0x0, 0x0, 0x0, 0x1, 0x10, 0x0,
    0x0, 0x0, 0x0, 0x1, 0x55, 0x55, 0x56, 0x0,
    0x0, 0xcf, 0xe8, 0x0, 0x0, 0x0, 0x0, 0x3f,
    0xff, 0xff, 0xfe, 0x60, 0x8f, 0xff, 0xb8, 0x88,
    0x60, 0x0, 0x3, 0xff, 0xff, 0xff, 0xf9, 0x8f,
    0xff, 0xff, 0xff, 0xff, 0xc0, 0x0, 0x3f, 0xff,
    0xbf, 0xff, 0xcf, 0xff, 0xff, 0xff, 0xff, 0xfa,
    0x0, 0x3, 0xff, 0xd1, 0xff, 0xff, 0xff, 0xe1,
    0x0, 0x5f, 0xfd, 0x0, 0x0, 0x3f, 0xfd, 0x3f,
    0xf9, 0x3f, 0xfa, 0x77, 0x7f, 0xff, 0xa7, 0x72,
    0x3, 0xff, 0xd6, 0xff, 0x42, 0xff, 0xff, 0xff,
    0xff, 0xff, 0xff, 0x50, 0x3f, 0xfd, 0x9f, 0xf0,
    0x2f, 0xff, 0xff, 0xff, 0xff, 0xff, 0xf5, 0x3,
    0xff, 0xdc, 0xfd, 0x0, 0x23, 0x33, 0x33, 0x33,
    0x3f, 0xff, 0x50, 0x3f, 0xfd, 0x7f, 0xf6, 0x9,
    0xff, 0xff, 0xff, 0xff, 0xff, 0xf5, 0x3, 0xff,
    0xd1, 0xff, 0xd0, 0x9f, 0xff, 0xff, 0xff, 0xff,
    0xff, 0x50, 0x3f, 0xfd, 0xe, 0xff, 0x11, 0x22,
    0x22, 0x22, 0x22, 0xef, 0xf5, 0x3, 0xff, 0xd0,
    0xcf, 0xf5, 0xff, 0xff, 0xff, 0xff, 0xff, 0xff,
    0x50, 0x3f, 0xfd, 0x1e, 0xff, 0x6f, 0xff, 0xff,
    0xff, 0xff, 0xff, 0xf5, 0x3, 0xff, 0xef, 0xff,
    0xf3, 0x99, 0x99, 0xaf, 0xf9, 0x99, 0x99, 0x30,
    0x3f, 0xfd, 0xbf, 0xfd, 0x10, 0x0, 0xc, 0xff,
    0xb0, 0x0, 0x30, 0x3, 0xff, 0xd7, 0xea, 0x8f,
    0xb7, 0xff, 0xee, 0xff, 0xb9, 0xff, 0x20, 0x3f,
    0xfd, 0x0, 0xb, 0xff, 0xdf, 0xfe, 0x3f, 0xf5,
    0x8f, 0xf9, 0x3, 0xff, 0xd0, 0x2, 0xff, 0xf7,
    0xff, 0xe0, 0x45, 0xc8, 0xff, 0xf0, 0x3f, 0xfd,
    0x0, 0x9f, 0xff, 0x1f, 0xff, 0xdc, 0xef, 0xff,
    0xff, 0x63, 0xff, 0xd0, 0x3, 0xcf, 0x80, 0xdf,
    0xff, 0xff, 0xff, 0xcf, 0xc4, 0x3f, 0xfd, 0x0,
    0x0, 0x51, 0x3, 0xce, 0xff, 0xfe, 0x91, 0x20,
    0x0,

    /* U+96BE "难" */
    0x0, 0x0, 0x0, 0x0, 0x0, 0x0, 0x13, 0x0,
    0x0, 0x21, 0x0, 0x0, 0x0, 0x0, 0x0, 0x0,
    0x0, 0x0, 0x7f, 0xe9, 0x5b, 0xf9, 0x0, 0x0,
    0x0, 0x0, 0x0, 0x0, 0x0, 0x0, 0xcf, 0xfe,
    0xaf, 0xff, 0x20, 0x0, 0xf, 0xff, 0xff, 0xff,
    0xfa, 0x22, 0xff, 0xf8, 0x2f, 0xff, 0x90, 0x0,
    0xf, 0xff, 0xff, 0xff, 0xff, 0x38, 0xff, 0xf5,
    0x2c, 0xfe, 0x82, 0x20, 0xf, 0xff, 0xff, 0xff,
    0xff, 0x2e, 0xff, 0xff, 0xff, 0xff, 0xff, 0xf0,
    0x1, 0x22, 0x11, 0x7f, 0xfe, 0x8f, 0xff, 0xff,
    0xff, 0xff, 0xff, 0xf0, 0x2, 0xec, 0x0, 0xaf,
    0xfc, 0xff, 0xff, 0xff, 0xff, 0xff, 0xff, 0xf0,
    0x1f, 0xff, 0xa0, 0xff, 0xff, 0xff, 0xff, 0x30,
    0x3f, 0xfd, 0x0, 0x0, 0x9, 0xff, 0xfa, 0xff,
    0xff, 0xff, 0xff, 0xdc, 0xdf, 0xff, 0xcc, 0x60,
    0x0, 0xdf, 0xff, 0xff, 0xe6, 0xff, 0xff, 0xff,
    0xff, 0xff, 0xff, 0x80, 0x0, 0x2f, 0xff, 0xff,
    0xa0, 0xef, 0xff, 0xff, 0xff, 0xff, 0xff, 0x80,
    0x0, 0x5, 0xff, 0xff, 0x40, 0x1f, 0xff, 0x74,
    0x7f, 0xfe, 0x44, 0x20, 0x0, 0x0, 0xdf, 0xff,
    0x70, 0xf, 0xff, 0x40, 0x4f, 0xfe, 0x0, 0x0,
    0x0, 0x5, 0xff, 0xff, 0xf2, 0xf, 0xff, 0xff,
    0xff, 0xff, 0xff, 0x80, 0x0, 0xe, 0xff, 0xff,
    0xfc, 0xf, 0xff, 0xff, 0xff, 0xff, 0xff, 0x80,
    0x0, 0x8f, 0xff, 0xff, 0xff, 0x5f, 0xff, 0xff,
    0xff, 0xff, 0xff, 0x80, 0x6, 0xff, 0xfe, 0x2f,
    0xff, 0x8f, 0xff, 0x40, 0x4f, 0xfe, 0x0, 0x0,
    0x5f, 0xff, 0xf4, 0x8, 0xf9, 0xf, 0xff, 0x74,
    0x7f, 0xfe, 0x44, 0x41, 0x5f, 0xff, 0x90, 0x0,
    0x80, 0xf, 0xff, 0xff, 0xff, 0xff, 0xff, 0xf6,
    0x5, 0xfa, 0x0, 0x0, 0x0, 0xf, 0xff, 0xff,
    0xff, 0xff, 0xff, 0xf6, 0x0, 0x60, 0x0, 0x0,
    0x0, 0xf, 0xff, 0xff, 0xff, 0xff, 0xff, 0xf6,
    0x0, 0x0, 0x0, 0x0, 0x0, 0xf, 0xff, 0x30,
    0x0, 0x0, 0x0, 0x0,

    /* U+9759 "静" */
    0x0, 0x0, 0x18, 0x88, 0x0, 0x0, 0x0, 0x62,
    0x0, 0x0, 0x0, 0x0, 0x0, 0x0, 0x2f, 0xff,
    0x0, 0x0, 0x6, 0xff, 0xe0, 0x0, 0x0, 0x0,
    0x6, 0x77, 0x9f, 0xff, 0x87, 0x75, 0xc, 0xff,
    0xc0, 0x10, 0x0, 0x0, 0xd, 0xff, 0xff, 0xff,
    0xff, 0xfa, 0x4f, 0xff, 0xff, 0xfc, 0x20, 0x0,
    0xc, 0xee, 0xef, 0xff, 0xee, 0xea, 0xdf, 0xff,
    0xff, 0xff, 0xb0, 0x0, 0x1, 0x88, 0x9f, 0xff,
    0x88, 0x8a, 0xff, 0xf9, 0x9f, 0xff, 0x20, 0x0,
    0x2, 0xff, 0xff, 0xff, 0xff, 0xff, 0xff, 0x90,
    0xaf, 0xf8, 0x0, 0x0, 0x1, 0xaa, 0xbf, 0xff,
    0xaa, 0xa3, 0xff, 0xff, 0xff, 0xff, 0xff, 0x20,
    0x2b, 0xbb, 0xcf, 0xff, 0xbb, 0xba, 0xcf, 0xff,
    0xff, 0xff, 0xff, 0x20, 0x2f, 0xff, 0xff, 0xff,
    0xff, 0xfd, 0x9b, 0xcf, 0xff, 0xbf, 0xff, 0x20,
    0x1a, 0xaa, 0xaa, 0xaa, 0xaa, 0xa9, 0x0, 0x5f,
    0xfe, 0xe, 0xff, 0x30, 0x0, 0xcc, 0xcc, 0xcc,
    0xcc, 0xb5, 0xff, 0xff, 0xff, 0xff, 0xff, 0xf6,
    0x0, 0xff, 0xff, 0xff, 0xff, 0xd5, 0xff, 0xff,
    0xff, 0xff, 0xff, 0xf6, 0x0, 0xff, 0xfa, 0xab,
    0xff, 0xd4, 0xcc, 0xdf, 0xff, 0xcf, 0xff, 0xd5,
    0x0, 0xff, 0xfa, 0xab, 0xff, 0xd0, 0x0, 0x4f,
    0xfe, 0xe, 0xff, 0x20, 0x0, 0xff, 0xff, 0xff,
    0xff, 0xd0, 0xde, 0xef, 0xff, 0xef, 0xff, 0x20,
    0x0, 0xff, 0xf6, 0x68, 0xff, 0xd0, 0xef, 0xff,
    0xff, 0xff, 0xff, 0x20, 0x0, 0xff, 0xff, 0xef,
    0xff, 0xd0, 0xab, 0xcf, 0xff, 0xbf, 0xff, 0x20,
    0x0, 0xff, 0xff, 0xff, 0xff, 0xd0, 0x0, 0x4f,
    0xfe, 0x8, 0x99, 0x10, 0x0, 0xff, 0xf4, 0x46,
    0xff, 0xd0, 0x22, 0x6f, 0xfe, 0x0, 0x0, 0x0,
    0x0, 0xff, 0xf0, 0xad, 0xff, 0xd0, 0xaf, 0xff,
    0xfc, 0x0, 0x0, 0x0, 0x0, 0xff, 0xf0, 0x8f,
    0xff, 0x90, 0x3f, 0xff, 0xf7, 0x0, 0x0, 0x0,
    0x0, 0xff, 0xf0, 0x3f, 0xea, 0x0, 0xe, 0xec,
    0x70, 0x0, 0x0, 0x0, 0x0, 0x11, 0x10, 0x0,
    0x0, 0x0, 0x0, 0x0, 0x0, 0x0, 0x0, 0x0,

    /* U+975E "非" */
    0x0, 0x0, 0x0, 0x7, 0xbb, 0xb0, 0x8, 0xbb,
    0xa0, 0x0, 0x0, 0x0, 0x0, 0x0, 0x0, 0x9,
    0xff, 0xf0, 0xc, 0xff, 0xe0, 0x0, 0x0, 0x0,
    0x0, 0x0, 0x0, 0x9, 0xff, 0xf0, 0xc, 0xff,
    0xe0, 0x0, 0x0, 0x0, 0x3, 0x77, 0x77, 0x7c,
    0xff, 0xf0, 0xc, 0xff, 0xf7, 0x77, 0x77, 0x60,
    0x8, 0xff, 0xff, 0xff, 0xff, 0xf0, 0xc, 0xff,
    0xff, 0xff, 0xff, 0xe0, 0x8, 0xff, 0xff, 0xff,
    0xff, 0xf0, 0xc, 0xff, 0xff, 0xff, 0xff, 0xe0,
    0x7, 0xff, 0xff, 0xff, 0xff, 0xf0, 0xc, 0xff,
    0xff, 0xff, 0xff, 0xe0, 0x0, 0x0, 0x0, 0x9,
    0xff, 0xf0, 0xc, 0xff, 0xe0, 0x0, 0x0, 0x0,
    0x0, 0x0, 0x0, 0x9, 0xff, 0xf0, 0xc, 0xff,
    0xe0, 0x0, 0x0, 0x0, 0x4, 0xff, 0xff, 0xff,
    0xff, 0xf0, 0xc, 0xff, 0xff, 0xff, 0xff, 0x50,
    0x4, 0xff, 0xff, 0xff, 0xff, 0xf0, 0xc, 0xff,
    0xff, 0xff, 0xff, 0x50, 0x4, 0xff, 0xff, 0xff,
    0xff, 0xf0, 0xc, 0xff, 0xff, 0xff, 0xff, 0x50,
    0x1, 0x55, 0x55, 0x5c, 0xff, 0xf0, 0xc, 0xff,
    0xf5, 0x55, 0x55, 0x10, 0x0, 0x0, 0x0, 0x9,
    0xff, 0xf0, 0xc, 0xff, 0xe0, 0x0, 0x0, 0x0,
    0x2, 0x22, 0x22, 0x2a, 0xff, 0xf0, 0xc, 0xff,
    0xf5, 0x55, 0x55, 0x51, 0xf, 0xff, 0xff, 0xff,
    0xff, 0xf0, 0xc, 0xff, 0xff, 0xff, 0xff, 0xf5,
    0xf, 0xff, 0xff, 0xff, 0xff, 0xf0, 0xc, 0xff,
    0xff, 0xff, 0xff, 0xf5, 0xf, 0xff, 0xff, 0xff,
    0xff, 0xf0, 0xc, 0xff, 0xff, 0xff, 0xff, 0xf5,
    0x4, 0x44, 0x44, 0x4b, 0xff, 0xf0, 0xc, 0xff,
    0xe1, 0x11, 0x11, 0x10, 0x0, 0x0, 0x0, 0x9,
    0xff, 0xf0, 0xc, 0xff, 0xe0, 0x0, 0x0, 0x0,
    0x0, 0x0, 0x0, 0x9, 0xff, 0xf0, 0xc, 0xff,
    0xe0, 0x0, 0x0, 0x0, 0x0, 0x0, 0x0, 0x9,
    0xff, 0xf0, 0xc, 0xff, 0xe0, 0x0, 0x0, 0x0,
    0x0, 0x0, 0x0, 0x9, 0xff, 0xf0, 0xc, 0xff,
    0xe0, 0x0, 0x0, 0x0,

    /* U+9762 "面" */
    0x34, 0x44, 0x44, 0x44, 0x44, 0x44, 0x44, 0x44,
    0x44, 0x44, 0x44, 0xe, 0xff, 0xff, 0xff, 0xff,
    0xff, 0xff, 0xff, 0xff, 0xff, 0xff, 0xf0, 0xef,
    0xff, 0xff, 0xff, 0xff, 0xff, 0xff, 0xff, 0xff,
    0xff, 0xff, 0xe, 0xff, 0xff, 0xff, 0xff, 0xff,
    0xff, 0xff, 0xff, 0xff, 0xff, 0xf0, 0x0, 0x0,
    0x0, 0x0, 0x7f, 0xff, 0x70, 0x0, 0x0, 0x0,
    0x0, 0x0, 0x33, 0x33, 0x33, 0x3a, 0xff, 0xf6,
    0x33, 0x33, 0x33, 0x33, 0x0, 0xf, 0xff, 0xff,
    0xff, 0xff, 0xff, 0xff, 0xff, 0xff, 0xff, 0xf0,
    0x0, 0xff, 0xff, 0xff, 0xff, 0xff, 0xff, 0xff,
    0xff, 0xff, 0xff, 0x0, 0xf, 0xff, 0xff, 0xff,
    0xff, 0xff, 0xff, 0xff, 0xff, 0xff, 0xf0, 0x0,
    0xff, 0xf5, 0xb, 0xff, 0x50, 0xb, 0xff, 0x60,
    0x9f, 0xff, 0x0, 0xf, 0xff, 0x50, 0xbf, 0xff,
    0xff, 0xff, 0xf6, 0x9, 0xff, 0xf0, 0x0, 0xff,
    0xf5, 0xb, 0xff, 0xff, 0xff, 0xff, 0x60, 0x9f,
    0xff, 0x0, 0xf, 0xff, 0x50, 0xbf, 0xfc, 0xbb,
    0xef, 0xf6, 0x9, 0xff, 0xf0, 0x0, 0xff, 0xf5,
    0xb, 0xff, 0x60, 0xb, 0xff, 0x60, 0x9f, 0xff,
    0x0, 0xf, 0xff, 0x50, 0xbf, 0xff, 0xff, 0xff,
    0xf6, 0x9, 0xff, 0xf0, 0x0, 0xff, 0xf5, 0xb,
    0xff, 0xff, 0xff, 0xff, 0x60, 0x9f, 0xff, 0x0,
    0xf, 0xff, 0x50, 0xbf, 0xfc, 0xaa, 0xef, 0xf6,
    0x9, 0xff, 0xf0, 0x0, 0xff, 0xf7, 0x1c, 0xff,
    0x61, 0x1c, 0xff, 0x71, 0xaf, 0xff, 0x0, 0xf,
    0xff, 0xff, 0xff, 0xff, 0xff, 0xff, 0xff, 0xff,
    0xff, 0xf0, 0x0, 0xff, 0xff, 0xff, 0xff, 0xff,
    0xff, 0xff, 0xff, 0xff, 0xff, 0x0, 0xf, 0xff,
    0xff, 0xff, 0xff, 0xff, 0xff, 0xff, 0xff, 0xff,
    0xf0, 0x0, 0xff, 0xf6, 0x11, 0x11, 0x11, 0x11,
    0x11, 0x11, 0xaf, 0xff, 0x0,

    /* U+97F3 "音" */
    0x0, 0x0, 0x0, 0x0, 0x0, 0x0, 0x0, 0x0,
    0x0, 0x0, 0x0, 0x0, 0x0, 0x0, 0x0, 0x1a,
    0xce, 0x90, 0x0, 0x0, 0x0, 0x0, 0x0, 0x0,
    0x0, 0x0, 0xe, 0xff, 0xf1, 0x0, 0x0, 0x0,
    0x0, 0x7, 0xee, 0xee, 0xee, 0xef, 0xff, 0xff,
    0xee, 0xee, 0xee, 0xc0, 0x7, 0xff, 0xff, 0xff,
    0xff, 0xff, 0xff, 0xff, 0xff, 0xff, 0xd0, 0x7,
    0xff, 0xff, 0xff, 0xff, 0xff, 0xff, 0xff, 0xff,
    0xff, 0xd0, 0x1, 0x22, 0x7c, 0xff, 0x32, 0x22,
    0x22, 0xdf, 0xeb, 0x32, 0x10, 0x0, 0x0, 0x6f,
    0xff, 0x60, 0x0, 0x1, 0xff, 0xfe, 0x0, 0x0,
    0x12, 0x22, 0x3f, 0xff, 0xb2, 0x22, 0x26, 0xff,
    0xf9, 0x22, 0x22, 0xcf, 0xff, 0xff, 0xff, 0xff,
    0xff, 0xff, 0xff, 0xff, 0xff, 0xfe, 0xcf, 0xff,
    0xff, 0xff, 0xff, 0xff, 0xff, 0xff, 0xff, 0xff,
    0xfe, 0xcf, 0xff, 0xff, 0xff, 0xff, 0xff, 0xff,
    0xff, 0xff, 0xff, 0xfe, 0x0, 0x0, 0x0, 0x0,
    0x0, 0x0, 0x0, 0x0, 0x0, 0x0, 0x0, 0x0,
    0xf, 0xff, 0xff, 0xff, 0xff, 0xff, 0xff, 0xff,
    0xf6, 0x0, 0x0, 0xf, 0xff, 0xff, 0xff, 0xff,
    0xff, 0xff, 0xff, 0xf6, 0x0, 0x0, 0xf, 0xff,
    0xec, 0xcc, 0xcc, 0xcc, 0xcd, 0xff, 0xf6, 0x0,
    0x0, 0xf, 0xff, 0x80, 0x0, 0x0, 0x0, 0x4,
    0xff, 0xf6, 0x0, 0x0, 0xf, 0xff, 0xff, 0xff,
    0xff, 0xff, 0xff, 0xff, 0xf6, 0x0, 0x0, 0xf,
    0xff, 0xff, 0xff, 0xff, 0xff, 0xff, 0xff, 0xf6,
    0x0, 0x0, 0xf, 0xff, 0xc8, 0x88, 0x88, 0x88,
    0x8a, 0xff, 0xf6, 0x0, 0x0, 0xf, 0xff, 0x81,
    0x11, 0x11, 0x11, 0x15, 0xff, 0xf6, 0x0, 0x0,
    0xf, 0xff, 0xff, 0xff, 0xff, 0xff, 0xff, 0xff,
    0xf6, 0x0, 0x0, 0xf, 0xff, 0xff, 0xff, 0xff,
    0xff, 0xff, 0xff, 0xf6, 0x0, 0x0, 0xf, 0xff,
    0xdb, 0xbb, 0xbb, 0xbb, 0xbd, 0xff, 0xf6, 0x0,

    /* U+9898 "题" */
    0x0, 0xaa, 0xaa, 0xaa, 0xaa, 0xa2, 0xaa, 0xaa,
    0xaa, 0xaa, 0xaa, 0xa3, 0x1, 0xff, 0xff, 0xff,
    0xff, 0xf2, 0xff, 0xff, 0xff, 0xff, 0xff, 0xf4,
    0x1, 0xff, 0xf9, 0x9b, 0xff, 0xf2, 0xff, 0xff,
    0xff, 0xff, 0xff, 0xf4, 0x1, 0xff, 0xfa, 0xac,
    0xff, 0xf0, 0x0, 0x8, 0xff, 0xd0, 0x0, 0x0,
    0x1, 0xff, 0xff, 0xff, 0xff, 0xf0, 0x59, 0x9e,
    0xff, 0xc9, 0x99, 0x40, 0x1, 0xff, 0xf5, 0x58,
    0xff, 0xf0, 0x8f, 0xff, 0xff, 0xff, 0xff, 0x70,
    0x1, 0xff, 0xfe, 0xef, 0xff, 0xf0, 0x8f, 0xfe,
    0xdd, 0xde, 0xff, 0x70, 0x1, 0xff, 0xff, 0xff,
    0xff, 0xf0, 0x8f, 0xf3, 0x0, 0x6, 0xff, 0x70,
    0x0, 0x55, 0x55, 0x55, 0x55, 0x50, 0x8f, 0xf3,
    0xef, 0xe6, 0xff, 0x70, 0x4, 0x44, 0x44, 0x44,
    0x44, 0x43, 0x8f, 0xf3, 0xef, 0xe6, 0xff, 0x70,
    0xf, 0xff, 0xff, 0xff, 0xff, 0xfe, 0x8f, 0xf3,
    0xff, 0xd6, 0xff, 0x70, 0xf, 0xff, 0xff, 0xff,
    0xff, 0xfe, 0x8f, 0xf4, 0xff, 0xb6, 0xff, 0x70,
    0x3, 0x43, 0x3c, 0xff, 0x53, 0x33, 0x8f, 0xf9,
    0xff, 0x96, 0xff, 0x70, 0x3, 0xff, 0x9b, 0xff,
    0x52, 0x21, 0x8f, 0xfd, 0xff, 0x56, 0xff, 0x70,
    0x4, 0xff, 0x8b, 0xff, 0xff, 0xf5, 0x48, 0xaf,
    0xff, 0x1a, 0x65, 0x20, 0x5, 0xff, 0x7b, 0xff,
    0xff, 0xf5, 0x2, 0xef, 0xfc, 0xbf, 0xe3, 0x0,
    0x6, 0xff, 0xdb, 0xff, 0x64, 0x44, 0x9f, 0xff,
    0xf4, 0xef, 0xff, 0x60, 0x7, 0xff, 0xff, 0xff,
    0x20, 0xb, 0xff, 0xfe, 0x30, 0x1c, 0xff, 0xf2,
    0xb, 0xff, 0xff, 0xff, 0x30, 0x1, 0xff, 0x91,
    0x0, 0x0, 0xaf, 0x60, 0x1f, 0xfe, 0xdf, 0xff,
    0xfd, 0xcb, 0xeb, 0xbb, 0xbb, 0xbb, 0xcf, 0xc4,
    0x8f, 0xf9, 0x1b, 0xff, 0xff, 0xff, 0xff, 0xff,
    0xff, 0xff, 0xff, 0xe0, 0x1a, 0xf2, 0x0, 0x38,
    0xbe, 0xef, 0xff, 0xff, 0xff, 0xff, 0xff, 0x90,
    0x0, 0x30, 0x0, 0x0, 0x0, 0x0, 0x0, 0x0,
    0x0, 0x0, 0x0, 0x0,

    /* U+9996 "首" */
    0x0, 0x0, 0x1, 0x70, 0x0, 0x0, 0x0, 0x25,
    0x20, 0x0, 0x0, 0x0, 0x0, 0x1a, 0xff, 0xc0,
    0x0, 0x0, 0xb, 0xff, 0xf6, 0x0, 0x0, 0x0,
    0x0, 0xcf, 0xff, 0x90, 0x0, 0x3, 0xff, 0xfd,
    0x0, 0x0, 0x3, 0x44, 0x45, 0xff, 0xfc, 0x44,
    0x44, 0xcf, 0xff, 0x74, 0x44, 0x40, 0xef, 0xff,
    0xff, 0xff, 0xff, 0xff, 0xff, 0xff, 0xff, 0xff,
    0xff, 0xe, 0xff, 0xff, 0xff, 0xff, 0xff, 0xff,
    0xff, 0xff, 0xff, 0xff, 0xf0, 0xef, 0xff, 0xff,
    0xff, 0xff, 0xff, 0xff, 0xff, 0xff, 0xff, 0xff,
    0x0, 0x0, 0x0, 0x0, 0x4, 0xff, 0xfd, 0x10,
    0x0, 0x0, 0x0, 0x0, 0x0, 0xcf, 0xff, 0xff,
    0xff, 0xff, 0xff, 0xff, 0xff, 0xf9, 0x0, 0x0,
    0xc, 0xff, 0xff, 0xff, 0xff, 0xff, 0xff, 0xff,
    0xff, 0x90, 0x0, 0x0, 0xcf, 0xff, 0xff, 0xff,
    0xff, 0xff, 0xff, 0xff, 0xf9, 0x0, 0x0, 0xc,
    0xff, 0xb0, 0x0, 0x0, 0x0, 0x0, 0x1f, 0xff,
    0x90, 0x0, 0x0, 0xcf, 0xff, 0xff, 0xff, 0xff,
    0xff, 0xff, 0xff, 0xf9, 0x0, 0x0, 0xc, 0xff,
    0xff, 0xff, 0xff, 0xff, 0xff, 0xff, 0xff, 0x90,
    0x0, 0x0, 0xcf, 0xfe, 0x99, 0x99, 0x99, 0x99,
    0x99, 0xff, 0xf9, 0x0, 0x0, 0xc, 0xff, 0xd6,
    0x66, 0x66, 0x66, 0x66, 0x7f, 0xff, 0x90, 0x0,
    0x0, 0xcf, 0xff, 0xff, 0xff, 0xff, 0xff, 0xff,
    0xff, 0xf9, 0x0, 0x0, 0xc, 0xff, 0xff, 0xff,
    0xff, 0xff, 0xff, 0xff, 0xff, 0x90, 0x0, 0x0,
    0xcf, 0xfb, 0x0, 0x0, 0x0, 0x0, 0x1, 0xff,
    0xf9, 0x0, 0x0, 0xc, 0xff, 0xfe, 0xee, 0xee,
    0xee, 0xee, 0xef, 0xff, 0x90, 0x0, 0x0, 0xcf,
    0xff, 0xff, 0xff, 0xff, 0xff, 0xff, 0xff, 0xf9,
    0x0, 0x0, 0xc, 0xff, 0xff, 0xff, 0xff, 0xff,
    0xff, 0xff, 0xff, 0x90, 0x0, 0x0, 0xcf, 0xfb,
    0x11, 0x11, 0x11, 0x11, 0x12, 0xff, 0xf9, 0x0,
    0x0,

    /* U+9AD8 "高" */
    0x0, 0x0, 0x0, 0x0, 0x2, 0x6a, 0x40, 0x0,
    0x0, 0x0, 0x0, 0x0, 0x0, 0x0, 0x0, 0x5f,
    0xff, 0xb0, 0x0, 0x0, 0x0, 0x0, 0x78, 0x88,
    0x88, 0x88, 0x9f, 0xff, 0xf8, 0x88, 0x88, 0x88,
    0x84, 0xef, 0xff, 0xff, 0xff, 0xff, 0xff, 0xff,
    0xff, 0xff, 0xff, 0xf7, 0xef, 0xff, 0xff, 0xff,
    0xff, 0xff, 0xff, 0xff, 0xff, 0xff, 0xf7, 0x55,
    0x55, 0x55, 0x55, 0x55, 0x55, 0x55, 0x55, 0x55,
    0x55, 0x52, 0x0, 0xe, 0xff, 0xff, 0xff, 0xff,
    0xff, 0xff, 0xff, 0xe0, 0x0, 0x0, 0xf, 0xff,
    0xff, 0xff, 0xff, 0xff, 0xff, 0xff, 0xe0, 0x0,
    0x0, 0xf, 0xff, 0xa5, 0x55, 0x55, 0x55, 0x5d,
    0xff, 0xe0, 0x0, 0x0, 0xf, 0xff, 0xed, 0xdd,
    0xdd, 0xdd, 0xdf, 0xff, 0xe0, 0x0, 0x0, 0xf,
    0xff, 0xff, 0xff, 0xff, 0xff, 0xff, 0xff, 0xe0,
    0x0, 0x0, 0x7, 0x77, 0x77, 0x77, 0x77, 0x77,
    0x77, 0x77, 0x70, 0x0, 0x4c, 0xcc, 0xcc, 0xcc,
    0xcc, 0xcc, 0xcc, 0xcc, 0xcc, 0xcc, 0xc0, 0x5f,
    0xff, 0xff, 0xff, 0xff, 0xff, 0xff, 0xff, 0xff,
    0xff, 0xf1, 0x5f, 0xff, 0xff, 0xff, 0xff, 0xff,
    0xff, 0xff, 0xff, 0xff, 0xf1, 0x5f, 0xff, 0x4,
    0x66, 0x66, 0x66, 0x66, 0x66, 0x7, 0xff, 0xf1,
    0x5f, 0xff, 0xa, 0xff, 0xff, 0xff, 0xff, 0xff,
    0x7, 0xff, 0xf1, 0x5f, 0xff, 0xa, 0xff, 0xff,
    0xff, 0xff, 0xff, 0x7, 0xff, 0xf1, 0x5f, 0xff,
    0xa, 0xff, 0x91, 0x11, 0x1f, 0xff, 0x7, 0xff,
    0xf1, 0x5f, 0xff, 0xa, 0xff, 0xff, 0xff, 0xff,
    0xff, 0x7, 0xff, 0xf1, 0x5f, 0xff, 0xa, 0xff,
    0xff, 0xff, 0xff, 0xff, 0x7c, 0xff, 0xf0, 0x5f,
    0xff, 0xa, 0xff, 0xa4, 0x44, 0x44, 0x5f, 0xff,
    0xff, 0xd0, 0x5f, 0xff, 0x1, 0x11, 0x10, 0x0,
    0x0, 0xc, 0xff, 0xd9, 0x10, 0x12, 0x22, 0x0,
    0x0, 0x0, 0x0, 0x0, 0x0, 0x0, 0x0, 0x0
};


/*---------------------
 *  GLYPH DESCRIPTION
 *--------------------*/

static const lv_font_fmt_txt_glyph_dsc_t glyph_dsc[] = {
    {.bitmap_index = 0, .adv_w = 0, .box_w = 0, .box_h = 0, .ofs_x = 0, .ofs_y = 0} /* id = 0 reserved */,
    {.bitmap_index = 0, .adv_w = 88, .box_w = 0, .box_h = 0, .ofs_x = 0, .ofs_y = 0},
    {.bitmap_index = 0, .adv_w = 152, .box_w = 6, .box_h = 19, .ofs_x = 2, .ofs_y = 0},
    {.bitmap_index = 57, .adv_w = 242, .box_w = 12, .box_h = 10, .ofs_x = 2, .ofs_y = 9},
    {.bitmap_index = 117, .adv_w = 234, .box_w = 14, .box_h = 18, .ofs_x = 0, .ofs_y = 0},
    {.bitmap_index = 243, .adv_w = 234, .box_w = 12, .box_h = 24, .ofs_x = 1, .ofs_y = -3},
    {.bitmap_index = 387, .adv_w = 379, .box_w = 23, .box_h = 18, .ofs_x = 0, .ofs_y = 0},
    {.bitmap_index = 594, .adv_w = 297, .box_w = 19, .box_h = 18, .ofs_x = 0, .ofs_y = 0},
    {.bitmap_index = 765, .adv_w = 135, .box_w = 5, .box_h = 10, .ofs_x = 2, .ofs_y = 9},
    {.bitmap_index = 790, .adv_w = 154, .box_w = 8, .box_h = 26, .ofs_x = 1, .ofs_y = -5},
    {.bitmap_index = 894, .adv_w = 154, .box_w = 7, .box_h = 26, .ofs_x = 1, .ofs_y = -5},
    {.bitmap_index = 985, .adv_w = 203, .box_w = 12, .box_h = 11, .ofs_x = 0, .ofs_y = 9},
    {.bitmap_index = 1051, .adv_w = 234, .box_w = 14, .box_h = 14, .ofs_x = 0, .ofs_y = 3},
    {.bitmap_index = 1149, .adv_w = 135, .box_w = 7, .box_h = 11, .ofs_x = 1, .ofs_y = -6},
    {.bitmap_index = 1188, .adv_w = 147, .box_w = 7, .box_h = 3, .ofs_x = 1, .ofs_y = 5},
    {.bitmap_index = 1199, .adv_w = 135, .box_w = 6, .box_h = 6, .ofs_x = 1, .ofs_y = 0},
    {.bitmap_index = 1217, .adv_w = 148, .box_w = 9, .box_h = 24, .ofs_x = 0, .ofs_y = -4},
    {.bitmap_index = 1325, .adv_w = 234, .box_w = 14, .box_h = 18, .ofs_x = 0, .ofs_y = 0},
    {.bitmap_index = 1451, .adv_w = 234, .box_w = 13, .box_h = 18, .ofs_x = 1, .ofs_y = 0},
    {.bitmap_index = 1568, .adv_w = 234, .box_w = 14, .box_h = 18, .ofs_x = 0, .ofs_y = 0},
    {.bitmap_index = 1694, .adv_w = 234, .box_w = 14, .box_h = 18, .ofs_x = 0, .ofs_y = 0},
    {.bitmap_index = 1820, .adv_w = 234, .box_w = 14, .box_h = 18, .ofs_x = 0, .ofs_y = 0},
    {.bitmap_index = 1946, .adv_w = 234, .box_w = 14, .box_h = 18, .ofs_x = 0, .ofs_y = 0},
    {.bitmap_index = 2072, .adv_w = 234, .box_w = 13, .box_h = 18, .ofs_x = 1, .ofs_y = 0},
    {.bitmap_index = 2189, .adv_w = 234, .box_w = 13, .box_h = 18, .ofs_x = 1, .ofs_y = 0},
    {.bitmap_index = 2306, .adv_w = 234, .box_w = 13, .box_h = 18, .ofs_x = 1, .ofs_y = 0},
    {.bitmap_index = 2423, .adv_w = 234, .box_w = 14, .box_h = 18, .ofs_x = 0, .ofs_y = 0},
    {.bitmap_index = 2549, .adv_w = 135, .box_w = 6, .box_h = 14, .ofs_x = 1, .ofs_y = 0},
    {.bitmap_index = 2591, .adv_w = 135, .box_w = 7, .box_h = 20, .ofs_x = 1, .ofs_y = -6},
    {.bitmap_index = 2661, .adv_w = 234, .box_w = 14, .box_h = 14, .ofs_x = 0, .ofs_y = 2},
    {.bitmap_index = 2759, .adv_w = 234, .box_w = 14, .box_h = 10, .ofs_x = 0, .ofs_y = 4},
    {.bitmap_index = 2829, .adv_w = 234, .box_w = 14, .box_h = 14, .ofs_x = 0, .ofs_y = 2},
    {.bitmap_index = 2927, .adv_w = 206, .box_w = 11, .box_h = 19, .ofs_x = 1, .ofs_y = 0},
    {.bitmap_index = 3032, .adv_w = 400, .box_w = 23, .box_h = 23, .ofs_x = 1, .ofs_y = -5},
    {.bitmap_index = 3297, .adv_w = 253, .box_w = 18, .box_h = 18, .ofs_x = -1, .ofs_y = 0},
    {.bitmap_index = 3459, .adv_w = 267, .box_w = 14, .box_h = 18, .ofs_x = 2, .ofs_y = 0},
    {.bitmap_index = 3585, .adv_w = 256, .box_w = 15, .box_h = 18, .ofs_x = 1, .ofs_y = 0},
    {.bitmap_index = 3720, .adv_w = 280, .box_w = 15, .box_h = 18, .ofs_x = 2, .ofs_y = 0},
    {.bitmap_index = 3855, .adv_w = 242, .box_w = 12, .box_h = 18, .ofs_x = 2, .ofs_y = 0},
    {.bitmap_index = 3963, .adv_w = 232, .box_w = 12, .box_h = 18, .ofs_x = 2, .ofs_y = 0},
    {.bitmap_index = 4071, .adv_w = 281, .box_w = 16, .box_h = 18, .ofs_x = 1, .ofs_y = 0},
    {.bitmap_index = 4215, .adv_w = 297, .box_w = 15, .box_h = 18, .ofs_x = 2, .ofs_y = 0},
    {.bitmap_index = 4350, .adv_w = 134, .box_w = 5, .box_h = 18, .ofs_x = 2, .ofs_y = 0},
    {.bitmap_index = 4395, .adv_w = 225, .box_w = 13, .box_h = 18, .ofs_x = 0, .ofs_y = 0},
    {.bitmap_index = 4512, .adv_w = 272, .box_w = 16, .box_h = 18, .ofs_x = 2, .ofs_y = 0},
    {.bitmap_index = 4656, .adv_w = 230, .box_w = 12, .box_h = 18, .ofs_x = 2, .ofs_y = 0},
    {.bitmap_index = 4764, .adv_w = 337, .box_w = 18, .box_h = 18, .ofs_x = 2, .ofs_y = 0},
    {.bitmap_index = 4926, .adv_w = 293, .box_w = 15, .box_h = 18, .ofs_x = 2, .ofs_y = 0},
    {.bitmap_index = 5061, .adv_w = 302, .box_w = 17, .box_h = 18, .ofs_x = 1, .ofs_y = 0},
    {.bitmap_index = 5214, .adv_w = 264, .box_w = 14, .box_h = 18, .ofs_x = 2, .ofs_y = 0},
    {.bitmap_index = 5340, .adv_w = 302, .box_w = 18, .box_h = 23, .ofs_x = 1, .ofs_y = -5},
    {.bitmap_index = 5547, .adv_w = 272, .box_w = 15, .box_h = 18, .ofs_x = 2, .ofs_y = 0},
    {.bitmap_index = 5682, .adv_w = 245, .box_w = 15, .box_h = 18, .ofs_x = 0, .ofs_y = 0},
    {.bitmap_index = 5817, .adv_w = 246, .box_w = 15, .box_h = 18, .ofs_x = 0, .ofs_y = 0},
    {.bitmap_index = 5952, .adv_w = 293, .box_w = 16, .box_h = 18, .ofs_x = 1, .ofs_y = 0},
    {.bitmap_index = 6096, .adv_w = 247, .box_w = 17, .box_h = 18, .ofs_x = -1, .ofs_y = 0},
    {.bitmap_index = 6249, .adv_w = 359, .box_w = 23, .box_h = 18, .ofs_x = 0, .ofs_y = 0},
    {.bitmap_index = 6456, .adv_w = 252, .box_w = 16, .box_h = 18, .ofs_x = 0, .ofs_y = 0},
    {.bitmap_index = 6600, .adv_w = 233, .box_w = 16, .box_h = 18, .ofs_x = -1, .ofs_y = 0},
    {.bitmap_index = 6744, .adv_w = 238, .box_w = 14, .box_h = 18, .ofs_x = 0, .ofs_y = 0},
    {.bitmap_index = 6870, .adv_w = 154, .box_w = 7, .box_h = 24, .ofs_x = 2, .ofs_y = -4},
    {.bitmap_index = 6954, .adv_w = 148, .box_w = 9, .box_h = 24, .ofs_x = 0, .ofs_y = -4},
    {.bitmap_index = 7062, .adv_w = 154, .box_w = 7, .box_h = 24, .ofs_x = 1, .ofs_y = -4},
    {.bitmap_index = 7146, .adv_w = 234, .box_w = 13, .box_h = 11, .ofs_x = 1, .ofs_y = 8},
    {.bitmap_index = 7218, .adv_w = 220, .box_w = 14, .box_h = 3, .ofs_x = 0, .ofs_y = -4},
    {.bitmap_index = 7239, .adv_w = 245, .box_w = 9, .box_h = 6, .ofs_x = 2, .ofs_y = 16},
    {.bitmap_index = 7266, .adv_w = 233, .box_w = 12, .box_h = 14, .ofs_x = 1, .ofs_y = 0},
    {.bitmap_index = 7350, .adv_w = 253, .box_w = 14, .box_h = 20, .ofs_x = 1, .ofs_y = 0},
    {.bitmap_index = 7490, .adv_w = 206, .box_w = 13, .box_h = 14, .ofs_x = 0, .ofs_y = 0},
    {.bitmap_index = 7581, .adv_w = 253, .box_w = 14, .box_h = 20, .ofs_x = 1, .ofs_y = 0},
    {.bitmap_index = 7721, .adv_w = 229, .box_w = 14, .box_h = 14, .ofs_x = 0, .ofs_y = 0},
    {.bitmap_index = 7819, .adv_w = 153, .box_w = 11, .box_h = 20, .ofs_x = 0, .ofs_y = 0},
    {.bitmap_index = 7929, .adv_w = 237, .box_w = 15, .box_h = 19, .ofs_x = 0, .ofs_y = -5},
    {.bitmap_index = 8072, .adv_w = 253, .box_w = 14, .box_h = 20, .ofs_x = 1, .ofs_y = 0},
    {.bitmap_index = 8212, .adv_w = 123, .box_w = 6, .box_h = 20, .ofs_x = 1, .ofs_y = 0},
    {.bitmap_index = 8272, .adv_w = 124, .box_w = 9, .box_h = 26, .ofs_x = -2, .ofs_y = -5},
    {.bitmap_index = 8389, .adv_w = 243, .box_w = 15, .box_h = 20, .ofs_x = 1, .ofs_y = 0},
    {.bitmap_index = 8539, .adv_w = 127, .box_w = 7, .box_h = 20, .ofs_x = 1, .ofs_y = 0},
    {.bitmap_index = 8609, .adv_w = 378, .box_w = 22, .box_h = 14, .ofs_x = 1, .ofs_y = 0},
    {.bitmap_index = 8763, .adv_w = 253, .box_w = 14, .box_h = 14, .ofs_x = 1, .ofs_y = 0},
    {.bitmap_index = 8861, .adv_w = 245, .box_w = 15, .box_h = 14, .ofs_x = 0, .ofs_y = 0},
    {.bitmap_index = 8966, .adv_w = 253, .box_w = 14, .box_h = 19, .ofs_x = 1, .ofs_y = -5},
    {.bitmap_index = 9099, .adv_w = 253, .box_w = 14, .box_h = 19, .ofs_x = 1, .ofs_y = -5},
    {.bitmap_index = 9232, .adv_w = 178, .box_w = 11, .box_h = 14, .ofs_x = 1, .ofs_y = 0},
    {.bitmap_index = 9309, .adv_w = 196, .box_w = 12, .box_h = 14, .ofs_x = 0, .ofs_y = 0},
    {.bitmap_index = 9393, .adv_w = 171, .box_w = 11, .box_h = 18, .ofs_x = 0, .ofs_y = 0},
    {.bitmap_index = 9492, .adv_w = 251, .box_w = 13, .box_h = 14, .ofs_x = 1, .ofs_y = 0},
    {.bitmap_index = 9583, .adv_w = 233, .box_w = 15, .box_h = 14, .ofs_x = 0, .ofs_y = 0},
    {.bitmap_index = 9688, .adv_w = 344, .box_w = 21, .box_h = 14, .ofs_x = 0, .ofs_y = 0},
    {.bitmap_index = 9835, .adv_w = 230, .box_w = 14, .box_h = 14, .ofs_x = 0, .ofs_y = 0},
    {.bitmap_index = 9933, .adv_w = 232, .box_w = 15, .box_h = 19, .ofs_x = 0, .ofs_y = -5},
    {.bitmap_index = 10076, .adv_w = 204, .box_w = 12, .box_h = 14, .ofs_x = 1, .ofs_y = 0},
    {.bitmap_index = 10160, .adv_w = 154, .box_w = 9, .box_h = 24, .ofs_x = 0, .ofs_y = -4},
    {.bitmap_index = 10268, .adv_w = 119, .box_w = 4, .box_h = 28, .ofs_x = 2, .ofs_y = -7},
    {.bitmap_index = 10324, .adv_w = 154, .box_w = 8, .box_h = 24, .ofs_x = 1, .ofs_y = -4},
    {.bitmap_index = 10420, .adv_w = 234, .box_w = 14, .box_h = 6, .ofs_x = 0, .ofs_y = 7},
    {.bitmap_index = 10462, .adv_w = 384, .box_w = 8, .box_h = 7, .ofs_x = 8, .ofs_y = 6},
    {.bitmap_index = 10490, .adv_w = 384, .box_w = 22, .box_h = 5, .ofs_x = 1, .ofs_y = 7},
    {.bitmap_index = 10545, .adv_w = 384, .box_w = 24, .box_h = 20, .ofs_x = 0, .ofs_y = 0},
    {.bitmap_index = 10785, .adv_w = 384, .box_w = 21, .box_h = 24, .ofs_x = 2, .ofs_y = -3},
    {.bitmap_index = 11037, .adv_w = 384, .box_w = 24, .box_h = 20, .ofs_x = 0, .ofs_y = -2},
    {.bitmap_index = 11277, .adv_w = 384, .box_w = 21, .box_h = 24, .ofs_x = 1, .ofs_y = -3},
    {.bitmap_index = 11529, .adv_w = 384, .box_w = 24, .box_h = 24, .ofs_x = 0, .ofs_y = -3},
    {.bitmap_index = 11817, .adv_w = 384, .box_w = 24, .box_h = 22, .ofs_x = 0, .ofs_y = -2},
    {.bitmap_index = 12081, .adv_w = 384, .box_w = 9, .box_h = 9, .ofs_x = 0, .ofs_y = -2},
    {.bitmap_index = 12122, .adv_w = 384, .box_w = 24, .box_h = 5, .ofs_x = 0, .ofs_y = 7},
    {.bitmap_index = 12182, .adv_w = 384, .box_w = 24, .box_h = 23, .ofs_x = 0, .ofs_y = -2},
    {.bitmap_index = 12458, .adv_w = 384, .box_w = 22, .box_h = 21, .ofs_x = 1, .ofs_y = -2},
    {.bitmap_index = 12689, .adv_w = 384, .box_w = 22, .box_h = 24, .ofs_x = 1, .ofs_y = -3},
    {.bitmap_index = 12953, .adv_w = 384, .box_w = 22, .box_h = 23, .ofs_x = 1, .ofs_y = -2},
    {.bitmap_index = 13206, .adv_w = 384, .box_w = 22, .box_h = 24, .ofs_x = 1, .ofs_y = -3},
    {.bitmap_index = 13470, .adv_w = 384, .box_w = 24, .box_h = 24, .ofs_x = 0, .ofs_y = -3},
    {.bitmap_index = 13758, .adv_w = 384, .box_w = 22, .box_h = 23, .ofs_x = 1, .ofs_y = -3},
    {.bitmap_index = 14011, .adv_w = 384, .box_w = 22, .box_h = 23, .ofs_x = 1, .ofs_y = -3},
    {.bitmap_index = 14264, .adv_w = 384, .box_w = 24, .box_h = 24, .ofs_x = 0, .ofs_y = -3},
    {.bitmap_index = 14552, .adv_w = 384, .box_w = 24, .box_h = 23, .ofs_x = 0, .ofs_y = -2},
    {.bitmap_index = 14828, .adv_w = 384, .box_w = 24, .box_h = 24, .ofs_x = 0, .ofs_y = -3},
    {.bitmap_index = 15116, .adv_w = 384, .box_w = 24, .box_h = 23, .ofs_x = 0, .ofs_y = -2},
    {.bitmap_index = 15392, .adv_w = 384, .box_w = 24, .box_h = 24, .ofs_x = 0, .ofs_y = -3},
    {.bitmap_index = 15680, .adv_w = 384, .box_w = 24, .box_h = 23, .ofs_x = 0, .ofs_y = -2},
    {.bitmap_index = 15956, .adv_w = 384, .box_w = 24, .box_h = 23, .ofs_x = 0, .ofs_y = -2},
    {.bitmap_index = 16232, .adv_w = 384, .box_w = 23, .box_h = 23, .ofs_x = 0, .ofs_y = -2},
    {.bitmap_index = 16497, .adv_w = 384, .box_w = 24, .box_h = 23, .ofs_x = 0, .ofs_y = -2},
    {.bitmap_index = 16773, .adv_w = 384, .box_w = 24, .box_h = 24, .ofs_x = 0, .ofs_y = -3},
    {.bitmap_index = 17061, .adv_w = 384, .box_w = 22, .box_h = 23, .ofs_x = 1, .ofs_y = -2},
    {.bitmap_index = 17314, .adv_w = 384, .box_w = 24, .box_h = 23, .ofs_x = 0, .ofs_y = -3},
    {.bitmap_index = 17590, .adv_w = 384, .box_w = 23, .box_h = 23, .ofs_x = 0, .ofs_y = -2},
    {.bitmap_index = 17855, .adv_w = 384, .box_w = 24, .box_h = 24, .ofs_x = 0, .ofs_y = -3},
    {.bitmap_index = 18143, .adv_w = 384, .box_w = 24, .box_h = 23, .ofs_x = 0, .ofs_y = -3},
    {.bitmap_index = 18419, .adv_w = 384, .box_w = 24, .box_h = 24, .ofs_x = 0, .ofs_y = -3},
    {.bitmap_index = 18707, .adv_w = 384, .box_w = 23, .box_h = 24, .ofs_x = 0, .ofs_y = -3},
    {.bitmap_index = 18983, .adv_w = 384, .box_w = 23, .box_h = 23, .ofs_x = 0, .ofs_y = -2},
    {.bitmap_index = 19248, .adv_w = 384, .box_w = 23, .box_h = 24, .ofs_x = 0, .ofs_y = -3},
    {.bitmap_index = 19524, .adv_w = 384, .box_w = 22, .box_h = 23, .ofs_x = 1, .ofs_y = -2},
    {.bitmap_index = 19777, .adv_w = 384, .box_w = 23, .box_h = 23, .ofs_x = 1, .ofs_y = -2},
    {.bitmap_index = 20042, .adv_w = 384, .box_w = 23, .box_h = 22, .ofs_x = 0, .ofs_y = -2},
    {.bitmap_index = 20295, .adv_w = 384, .box_w = 24, .box_h = 24, .ofs_x = 0, .ofs_y = -3},
    {.bitmap_index = 20583, .adv_w = 384, .box_w = 23, .box_h = 23, .ofs_x = 0, .ofs_y = -2},
    {.bitmap_index = 20848, .adv_w = 384, .box_w = 24, .box_h = 23, .ofs_x = 0, .ofs_y = -2},
    {.bitmap_index = 21124, .adv_w = 384, .box_w = 22, .box_h = 22, .ofs_x = 1, .ofs_y = -2},
    {.bitmap_index = 21366, .adv_w = 384, .box_w = 22, .box_h = 23, .ofs_x = 1, .ofs_y = -2},
    {.bitmap_index = 21619, .adv_w = 384, .box_w = 22, .box_h = 22, .ofs_x = 1, .ofs_y = -2},
    {.bitmap_index = 21861, .adv_w = 384, .box_w = 22, .box_h = 22, .ofs_x = 1, .ofs_y = -2},
    {.bitmap_index = 22103, .adv_w = 384, .box_w = 22, .box_h = 22, .ofs_x = 1, .ofs_y = -2},
    {.bitmap_index = 22345, .adv_w = 384, .box_w = 23, .box_h = 24, .ofs_x = 0, .ofs_y = -3},
    {.bitmap_index = 22621, .adv_w = 384, .box_w = 23, .box_h = 23, .ofs_x = 0, .ofs_y = -2},
    {.bitmap_index = 22886, .adv_w = 384, .box_w = 24, .box_h = 24, .ofs_x = 0, .ofs_y = -3},
    {.bitmap_index = 23174, .adv_w = 384, .box_w = 24, .box_h = 23, .ofs_x = 0, .ofs_y = -2},
    {.bitmap_index = 23450, .adv_w = 384, .box_w = 24, .box_h = 24, .ofs_x = 0, .ofs_y = -3},
    {.bitmap_index = 23738, .adv_w = 384, .box_w = 24, .box_h = 24, .ofs_x = 0, .ofs_y = -3},
    {.bitmap_index = 24026, .adv_w = 384, .box_w = 22, .box_h = 23, .ofs_x = 1, .ofs_y = -2},
    {.bitmap_index = 24279, .adv_w = 384, .box_w = 24, .box_h = 24, .ofs_x = 0, .ofs_y = -3},
    {.bitmap_index = 24567, .adv_w = 384, .box_w = 24, .box_h = 24, .ofs_x = 0, .ofs_y = -3},
    {.bitmap_index = 24855, .adv_w = 384, .box_w = 24, .box_h = 24, .ofs_x = 0, .ofs_y = -3},
    {.bitmap_index = 25143, .adv_w = 384, .box_w = 22, .box_h = 24, .ofs_x = 1, .ofs_y = -3},
    {.bitmap_index = 25407, .adv_w = 384, .box_w = 24, .box_h = 24, .ofs_x = 0, .ofs_y = -3},
    {.bitmap_index = 25695, .adv_w = 384, .box_w = 24, .box_h = 23, .ofs_x = 0, .ofs_y = -3},
    {.bitmap_index = 25971, .adv_w = 384, .box_w = 24, .box_h = 23, .ofs_x = 0, .ofs_y = -2},
    {.bitmap_index = 26247, .adv_w = 384, .box_w = 22, .box_h = 22, .ofs_x = 2, .ofs_y = -2},
    {.bitmap_index = 26489, .adv_w = 384, .box_w = 24, .box_h = 23, .ofs_x = 0, .ofs_y = -2},
    {.bitmap_index = 26765, .adv_w = 384, .box_w = 24, .box_h = 24, .ofs_x = 0, .ofs_y = -3},
    {.bitmap_index = 27053, .adv_w = 384, .box_w = 24, .box_h = 24, .ofs_x = 0, .ofs_y = -3},
    {.bitmap_index = 27341, .adv_w = 384, .box_w = 24, .box_h = 23, .ofs_x = 0, .ofs_y = -3},
    {.bitmap_index = 27617, .adv_w = 384, .box_w = 23, .box_h = 23, .ofs_x = 1, .ofs_y = -2},
    {.bitmap_index = 27882, .adv_w = 384, .box_w = 23, .box_h = 23, .ofs_x = 1, .ofs_y = -3},
    {.bitmap_index = 28147, .adv_w = 384, .box_w = 25, .box_h = 23, .ofs_x = 0, .ofs_y = -2},
    {.bitmap_index = 28435, .adv_w = 384, .box_w = 24, .box_h = 24, .ofs_x = 0, .ofs_y = -3},
    {.bitmap_index = 28723, .adv_w = 384, .box_w = 24, .box_h = 24, .ofs_x = 0, .ofs_y = -3},
    {.bitmap_index = 29011, .adv_w = 384, .box_w = 24, .box_h = 24, .ofs_x = 0, .ofs_y = -3},
    {.bitmap_index = 29299, .adv_w = 384, .box_w = 24, .box_h = 23, .ofs_x = 0, .ofs_y = -2},
    {.bitmap_index = 29575, .adv_w = 384, .box_w = 24, .box_h = 24, .ofs_x = 0, .ofs_y = -3},
    {.bitmap_index = 29863, .adv_w = 384, .box_w = 24, .box_h = 24, .ofs_x = 0, .ofs_y = -3},
    {.bitmap_index = 30151, .adv_w = 384, .box_w = 24, .box_h = 24, .ofs_x = 0, .ofs_y = -3},
    {.bitmap_index = 30439, .adv_w = 384, .box_w = 24, .box_h = 24, .ofs_x = 0, .ofs_y = -3},
    {.bitmap_index = 30727, .adv_w = 384, .box_w = 23, .box_h = 25, .ofs_x = 0, .ofs_y = -3},
    {.bitmap_index = 31015, .adv_w = 384, .box_w = 23, .box_h = 24, .ofs_x = 1, .ofs_y = -3},
    {.bitmap_index = 31291, .adv_w = 384, .box_w = 24, .box_h = 23, .ofs_x = 0, .ofs_y = -3},
    {.bitmap_index = 31567, .adv_w = 384, .box_w = 24, .box_h = 22, .ofs_x = 0, .ofs_y = -2},
    {.bitmap_index = 31831, .adv_w = 384, .box_w = 24, .box_h = 23, .ofs_x = 0, .ofs_y = -2},
    {.bitmap_index = 32107, .adv_w = 384, .box_w = 24, .box_h = 23, .ofs_x = 0, .ofs_y = -2},
    {.bitmap_index = 32383, .adv_w = 384, .box_w = 22, .box_h = 23, .ofs_x = 1, .ofs_y = -2},
    {.bitmap_index = 32636, .adv_w = 384, .box_w = 24, .box_h = 22, .ofs_x = 0, .ofs_y = -2},
    {.bitmap_index = 32900, .adv_w = 384, .box_w = 24, .box_h = 23, .ofs_x = 0, .ofs_y = -2},
    {.bitmap_index = 33176, .adv_w = 384, .box_w = 24, .box_h = 23, .ofs_x = 0, .ofs_y = -2},
    {.bitmap_index = 33452, .adv_w = 384, .box_w = 24, .box_h = 23, .ofs_x = 0, .ofs_y = -2},
    {.bitmap_index = 33728, .adv_w = 384, .box_w = 24, .box_h = 24, .ofs_x = 0, .ofs_y = -3},
    {.bitmap_index = 34016, .adv_w = 384, .box_w = 24, .box_h = 23, .ofs_x = 0, .ofs_y = -2},
    {.bitmap_index = 34292, .adv_w = 384, .box_w = 24, .box_h = 24, .ofs_x = 0, .ofs_y = -2},
    {.bitmap_index = 34580, .adv_w = 384, .box_w = 24, .box_h = 23, .ofs_x = 0, .ofs_y = -2},
    {.bitmap_index = 34856, .adv_w = 384, .box_w = 24, .box_h = 24, .ofs_x = 0, .ofs_y = -3},
    {.bitmap_index = 35144, .adv_w = 384, .box_w = 24, .box_h = 24, .ofs_x = 0, .ofs_y = -3},
    {.bitmap_index = 35432, .adv_w = 384, .box_w = 24, .box_h = 23, .ofs_x = 0, .ofs_y = -2},
    {.bitmap_index = 35708, .adv_w = 384, .box_w = 24, .box_h = 23, .ofs_x = 0, .ofs_y = -2},
    {.bitmap_index = 35984, .adv_w = 384, .box_w = 24, .box_h = 24, .ofs_x = 0, .ofs_y = -3},
    {.bitmap_index = 36272, .adv_w = 384, .box_w = 24, .box_h = 24, .ofs_x = 0, .ofs_y = -3},
    {.bitmap_index = 36560, .adv_w = 384, .box_w = 24, .box_h = 22, .ofs_x = 0, .ofs_y = -3},
    {.bitmap_index = 36824, .adv_w = 384, .box_w = 22, .box_h = 22, .ofs_x = 0, .ofs_y = -3},
    {.bitmap_index = 37066, .adv_w = 384, .box_w = 20, .box_h = 23, .ofs_x = 2, .ofs_y = -2},
    {.bitmap_index = 37296, .adv_w = 384, .box_w = 22, .box_h = 22, .ofs_x = 1, .ofs_y = -2},
    {.bitmap_index = 37538, .adv_w = 384, .box_w = 23, .box_h = 24, .ofs_x = 1, .ofs_y = -3},
    {.bitmap_index = 37814, .adv_w = 384, .box_w = 23, .box_h = 24, .ofs_x = 0, .ofs_y = -3},
    {.bitmap_index = 38090, .adv_w = 384, .box_w = 24, .box_h = 23, .ofs_x = 0, .ofs_y = -3},
    {.bitmap_index = 38366, .adv_w = 384, .box_w = 24, .box_h = 23, .ofs_x = 0, .ofs_y = -2},
    {.bitmap_index = 38642, .adv_w = 384, .box_w = 24, .box_h = 24, .ofs_x = 0, .ofs_y = -3},
    {.bitmap_index = 38930, .adv_w = 384, .box_w = 24, .box_h = 23, .ofs_x = 0, .ofs_y = -2},
    {.bitmap_index = 39206, .adv_w = 384, .box_w = 24, .box_h = 23, .ofs_x = 0, .ofs_y = -2},
    {.bitmap_index = 39482, .adv_w = 384, .box_w = 24, .box_h = 24, .ofs_x = 0, .ofs_y = -3},
    {.bitmap_index = 39770, .adv_w = 384, .box_w = 24, .box_h = 23, .ofs_x = 0, .ofs_y = -2},
    {.bitmap_index = 40046, .adv_w = 384, .box_w = 24, .box_h = 24, .ofs_x = 0, .ofs_y = -3},
    {.bitmap_index = 40334, .adv_w = 384, .box_w = 24, .box_h = 25, .ofs_x = 0, .ofs_y = -3},
    {.bitmap_index = 40634, .adv_w = 384, .box_w = 24, .box_h = 23, .ofs_x = 0, .ofs_y = -2},
    {.bitmap_index = 40910, .adv_w = 384, .box_w = 24, .box_h = 24, .ofs_x = 0, .ofs_y = -3},
    {.bitmap_index = 41198, .adv_w = 384, .box_w = 22, .box_h = 22, .ofs_x = 1, .ofs_y = -2},
    {.bitmap_index = 41440, .adv_w = 384, .box_w = 24, .box_h = 24, .ofs_x = 0, .ofs_y = -3},
    {.bitmap_index = 41728, .adv_w = 384, .box_w = 24, .box_h = 24, .ofs_x = 0, .ofs_y = -3},
    {.bitmap_index = 42016, .adv_w = 384, .box_w = 24, .box_h = 24, .ofs_x = 0, .ofs_y = -3},
    {.bitmap_index = 42304, .adv_w = 384, .box_w = 24, .box_h = 24, .ofs_x = 0, .ofs_y = -3},
    {.bitmap_index = 42592, .adv_w = 384, .box_w = 23, .box_h = 24, .ofs_x = 1, .ofs_y = -3},
    {.bitmap_index = 42868, .adv_w = 384, .box_w = 23, .box_h = 24, .ofs_x = 0, .ofs_y = -3},
    {.bitmap_index = 43144, .adv_w = 384, .box_w = 24, .box_h = 24, .ofs_x = 0, .ofs_y = -3},
    {.bitmap_index = 43432, .adv_w = 384, .box_w = 24, .box_h = 24, .ofs_x = 0, .ofs_y = -3},
    {.bitmap_index = 43720, .adv_w = 384, .box_w = 24, .box_h = 24, .ofs_x = 0, .ofs_y = -3},
    {.bitmap_index = 44008, .adv_w = 384, .box_w = 24, .box_h = 24, .ofs_x = 0, .ofs_y = -3},
    {.bitmap_index = 44296, .adv_w = 384, .box_w = 24, .box_h = 24, .ofs_x = 0, .ofs_y = -3},
    {.bitmap_index = 44584, .adv_w = 384, .box_w = 24, .box_h = 24, .ofs_x = 0, .ofs_y = -3},
    {.bitmap_index = 44872, .adv_w = 384, .box_w = 24, .box_h = 23, .ofs_x = 0, .ofs_y = -3},
    {.bitmap_index = 45148, .adv_w = 384, .box_w = 23, .box_h = 23, .ofs_x = 1, .ofs_y = -2},
    {.bitmap_index = 45413, .adv_w = 384, .box_w = 23, .box_h = 22, .ofs_x = 1, .ofs_y = -2},
    {.bitmap_index = 45666, .adv_w = 384, .box_w = 24, .box_h = 23, .ofs_x = 0, .ofs_y = -2},
    {.bitmap_index = 45942, .adv_w = 384, .box_w = 24, .box_h = 24, .ofs_x = 0, .ofs_y = -3},
    {.bitmap_index = 46230, .adv_w = 384, .box_w = 23, .box_h = 24, .ofs_x = 1, .ofs_y = -3},
    {.bitmap_index = 46506, .adv_w = 384, .box_w = 22, .box_h = 24, .ofs_x = 1, .ofs_y = -3},
    {.bitmap_index = 46770, .adv_w = 384, .box_w = 23, .box_h = 24, .ofs_x = 1, .ofs_y = -2},
    {.bitmap_index = 47046, .adv_w = 384, .box_w = 23, .box_h = 23, .ofs_x = 1, .ofs_y = -2},
    {.bitmap_index = 47311, .adv_w = 384, .box_w = 23, .box_h = 23, .ofs_x = 1, .ofs_y = -2},
    {.bitmap_index = 47576, .adv_w = 384, .box_w = 24, .box_h = 23, .ofs_x = 0, .ofs_y = -2},
    {.bitmap_index = 47852, .adv_w = 384, .box_w = 24, .box_h = 24, .ofs_x = 0, .ofs_y = -3},
    {.bitmap_index = 48140, .adv_w = 384, .box_w = 24, .box_h = 23, .ofs_x = 0, .ofs_y = -2},
    {.bitmap_index = 48416, .adv_w = 384, .box_w = 23, .box_h = 22, .ofs_x = 1, .ofs_y = -2},
    {.bitmap_index = 48669, .adv_w = 384, .box_w = 22, .box_h = 24, .ofs_x = 1, .ofs_y = -2},
    {.bitmap_index = 48933, .adv_w = 384, .box_w = 24, .box_h = 23, .ofs_x = 0, .ofs_y = -3},
    {.bitmap_index = 49209, .adv_w = 384, .box_w = 23, .box_h = 23, .ofs_x = 1, .ofs_y = -2},
    {.bitmap_index = 49474, .adv_w = 384, .box_w = 22, .box_h = 24, .ofs_x = 1, .ofs_y = -3}
};

/*---------------------
 *  CHARACTER MAPPING
 *--------------------*/

static const uint16_t unicode_list_1[] = {
    0x0, 0x1f6f, 0x24fb, 0x24ff, 0x2505, 0x2509, 0x250f, 0x254e,
    0x2f4a, 0x4d49, 0x4d53, 0x4d54, 0x4d57, 0x4d76, 0x4d83, 0x4d99,
    0x4da9, 0x4dd7, 0x4df7, 0x4e3f, 0x4e97, 0x4e98, 0x4e9e, 0x4ea5,
    0x4ebc, 0x4f98, 0x4fa5, 0x50bc, 0x50ce, 0x50d6, 0x50fb, 0x5118,
    0x5129, 0x514f, 0x5164, 0x5183, 0x51e9, 0x529e, 0x52aa, 0x52e8,
    0x531a, 0x533c, 0x5351, 0x540a, 0x548f, 0x5627, 0x5639, 0x5643,
    0x5690, 0x57e7, 0x5870, 0x5914, 0x5aa1, 0x5ad5, 0x5ae1, 0x5ae3,
    0x5b58, 0x5b5a, 0x5b66, 0x5b7a, 0x5b98, 0x5d2f, 0x5d3b, 0x5d9e,
    0x5dd8, 0x5def, 0x5e49, 0x5e58, 0x5e9e, 0x5f84, 0x60ab, 0x6158,
    0x6159, 0x6232, 0x6252, 0x6491, 0x64b5, 0x64f9, 0x6502, 0x653f,
    0x6578, 0x6587, 0x65b7, 0x65cb, 0x663b, 0x6649, 0x6673, 0x66aa,
    0x672e, 0x6750, 0x67ac, 0x6809, 0x696a, 0x6a6a, 0x6b1d, 0x6b34,
    0x6d4e, 0x6d81, 0x7002, 0x72f2, 0x7471, 0x747a, 0x7484, 0x75cd,
    0x77b7, 0x7883, 0x791b, 0x7944, 0x7954, 0x7a75, 0x7ac9, 0x7df3,
    0x7e0c, 0x7e28, 0x7e30, 0x7e36, 0x7eb7, 0x813d, 0x8518, 0x8aea,
    0x8b07, 0x8b1e, 0x8b4c, 0x8d0c, 0x8d3c, 0x8f1d, 0x8f24, 0x8f52,
    0x8f63, 0x9096, 0x9116, 0x9118, 0x93e8, 0x9477, 0x94c8, 0x9536,
    0x95ad, 0x95d8, 0x95d9, 0x9607, 0x96a2, 0x96a7, 0x96ab, 0x973c,
    0x97e1, 0x98df, 0x9a21
};

/*Collect the unicode lists and glyph_id offsets*/
static const lv_font_fmt_txt_cmap_t cmaps[] =
{
    {
        .range_start = 32, .range_length = 95, .glyph_id_start = 1,
        .unicode_list = NULL, .glyph_id_ofs_list = NULL, .list_length = 0, .type = LV_FONT_FMT_TXT_CMAP_FORMAT0_TINY
    },
    {
        .range_start = 183, .range_length = 39458, .glyph_id_start = 96,
        .unicode_list = unicode_list_1, .glyph_id_ofs_list = NULL, .list_length = 147, .type = LV_FONT_FMT_TXT_CMAP_SPARSE_TINY
    }
};



/*--------------------
 *  ALL CUSTOM DATA
 *--------------------*/

#if LVGL_VERSION_MAJOR == 8
/*Store all the custom data of the font*/
static  lv_font_fmt_txt_glyph_cache_t cache;
#endif

#if LVGL_VERSION_MAJOR >= 8
static const lv_font_fmt_txt_dsc_t font_dsc = {
#else
static lv_font_fmt_txt_dsc_t font_dsc = {
#endif
    .glyph_bitmap = glyph_bitmap,
    .glyph_dsc = glyph_dsc,
    .cmaps = cmaps,
    .kern_dsc = NULL,
    .kern_scale = 0,
    .cmap_num = 2,
    .bpp = 4,
    .kern_classes = 0,
    .bitmap_format = 0,
#if LVGL_VERSION_MAJOR == 8
    .cache = &cache
#endif
};



/*-----------------
 *  PUBLIC FONT
 *----------------*/

/*Initialize a public general font descriptor*/
#if LVGL_VERSION_MAJOR >= 8
const lv_font_t gd_zh24 = {
#else
lv_font_t gd_zh24 = {
#endif
    .get_glyph_dsc = lv_font_get_glyph_dsc_fmt_txt,    /*Function pointer to get glyph's data*/
    .get_glyph_bitmap = lv_font_get_bitmap_fmt_txt,    /*Function pointer to get glyph's bitmap*/
    .line_height = 29,          /*The maximum line height required by the font*/
    .base_line = 7,             /*Baseline measured from the bottom of the line*/
#if !(LVGL_VERSION_MAJOR == 6 && LVGL_VERSION_MINOR == 0)
    .subpx = LV_FONT_SUBPX_NONE,
#endif
#if LV_VERSION_CHECK(7, 4, 0) || LVGL_VERSION_MAJOR >= 8
    .underline_position = -3,
    .underline_thickness = 1,
#endif
    .dsc = &font_dsc,          /*The custom font data. Will be accessed by `get_glyph_bitmap/dsc` */
#if LV_VERSION_CHECK(8, 2, 0) || LVGL_VERSION_MAJOR >= 9
    .fallback = NULL,
#endif
    .user_data = NULL,
};



#endif /*#if GD_ZH24*/

