/*******************************************************************************
 * Size: 18 px
 * Bpp: 4
 * Opts: --font SourceHanSansSC-Bold.otf --range 0x20-0x7E,0xB7,0x2026,0x25B2,0x25B6,0x25BC,0x25C0,0x25C6,0x2605,0x4E00,0x4E0A-0x4E0B,0x4E0E,0x4E2A,0x4E2D,0x4E3A,0x4E50,0x4E60,0x4E8E,0x4EAE,0x4EBA,0x4EC5,0x4EF6,0x4F4E-0x4F4F,0x4F55,0x4F5C,0x4F73,0x4F7F,0x4F9B,0x504F,0x505C,0x5173,0x5185,0x518D,0x51B2,0x51CF,0x51E0,0x5206,0x521B,0x523A,0x52A0,0x52FF,0x5355,0x5361,0x539F,0x53D1,0x53F3,0x54C1,0x5546,0x56DE,0x56F0,0x56FA,0x589E,0x5907,0x5927,0x59CB,0x5B58,0x5B8C,0x5B98,0x5B9A,0x5C0F,0x5C11,0x5C1D,0x5C31,0x5C4F,0x5DE6,0x5DF2,0x5E55,0x5EA6,0x5F00,0x5F0F,0x5F52,0x5F55,0x603B,0x6162,0x620F-0x6210,0x62E9,0x6309,0x6548,0x656C,0x65B0,0x65B9,0x65F6,0x662F,0x663E,0x666E,0x6682,0x6700,0x672A,0x6743,0x6761,0x67E5,0x6807,0x6863,0x68C0,0x6A21,0x6B21,0x6BD4,0x6BEB,0x6E05,0x6E38,0x70B9,0x7248,0x73A9,0x7528,0x753B,0x7684,0x786E,0x793A,0x79D2,0x79FB,0x7B2C,0x7B80,0x7EAA,0x7EC3,0x7EDF,0x7EE7,0x7EED,0x7F6E,0x8005,0x81F4,0x85CF,0x8BA1,0x8BBE,0x8BD5,0x8BF7,0x8C03,0x8DC3,0x8DF3,0x8FD4,0x8FDB,0x9009,0x901A,0x91CD,0x91CF,0x949F,0x952E,0x957F,0x95ED,0x9664,0x9690,0x96BE,0x9759,0x975E,0x9762,0x97F3,0x9898,0x9996,0x9AD8 --size 18 --bpp 4 --format lvgl --lv-font-name gd_zh18 --lv-include lvgl.h --no-compress --no-kerning --output gd_zh18.c
 ******************************************************************************/

#ifdef LV_LVGL_H_INCLUDE_SIMPLE
#include "lvgl.h"
#else
#include "lvgl.h"
#endif

#ifndef GD_ZH18
#define GD_ZH18 1
#endif

#if GD_ZH18

/*-----------------
 *    BITMAPS
 *----------------*/

/*Store the image of the glyphs*/
static LV_ATTRIBUTE_LARGE_CONST const uint8_t glyph_bitmap[] = {
    /* U+0020 " " */

    /* U+0021 "!" */
    0xf, 0xfa, 0xf, 0xf9, 0xe, 0xf9, 0xd, 0xf8,
    0xc, 0xf7, 0xb, 0xf6, 0xa, 0xf5, 0x9, 0xf4,
    0x7, 0xd2, 0x0, 0x30, 0xe, 0xfa, 0x3f, 0xfd,
    0xa, 0xe5,

    /* U+0022 "\"" */
    0x6f, 0xf3, 0xe, 0xfb, 0x6f, 0xf3, 0xe, 0xfb,
    0x5f, 0xf2, 0xd, 0xfa, 0x3f, 0xf0, 0xb, 0xf8,
    0xf, 0xe0, 0x8, 0xf6, 0xe, 0xb0, 0x6, 0xf3,
    0x2, 0x10, 0x0, 0x20,

    /* U+0023 "#" */
    0x0, 0xa, 0xe0, 0xd, 0xb0, 0x0, 0x0, 0xdb,
    0x0, 0xf9, 0x0, 0x0, 0xf, 0x90, 0x2f, 0x70,
    0x0, 0xef, 0xff, 0xff, 0xff, 0xf0, 0x9, 0xbf,
    0xca, 0xcf, 0xba, 0x0, 0x5, 0xf3, 0x8, 0xf1,
    0x0, 0x0, 0x7f, 0x10, 0x9f, 0x0, 0x3, 0xad,
    0xfa, 0xae, 0xfa, 0x60, 0x4f, 0xff, 0xff, 0xff,
    0xf9, 0x0, 0xc, 0xb0, 0xf, 0x90, 0x0, 0x0,
    0xea, 0x1, 0xf7, 0x0, 0x0, 0xf, 0x80, 0x3f,
    0x50, 0x0, 0x2, 0xf6, 0x5, 0xf4, 0x0, 0x0,

    /* U+0024 "$" */
    0x0, 0x0, 0x9f, 0x30, 0x0, 0x0, 0x0, 0x9f,
    0x30, 0x0, 0x0, 0x1a, 0xff, 0xe9, 0x10, 0x0,
    0xef, 0xff, 0xff, 0xd0, 0x6, 0xff, 0x71, 0x3b,
    0x50, 0x9, 0xff, 0x0, 0x0, 0x0, 0x6, 0xff,
    0xa1, 0x0, 0x0, 0x0, 0xbf, 0xff, 0x70, 0x0,
    0x0, 0x7, 0xff, 0xfc, 0x20, 0x0, 0x0, 0x1a,
    0xff, 0xd0, 0x0, 0x0, 0x0, 0x8f, 0xf4, 0x0,
    0x0, 0x0, 0x4f, 0xf5, 0x7, 0xd5, 0x11, 0xaf,
    0xf2, 0xd, 0xff, 0xff, 0xff, 0x90, 0x0, 0x8d,
    0xff, 0xd7, 0x0, 0x0, 0x0, 0x9f, 0x30, 0x0,
    0x0, 0x0, 0x9f, 0x30, 0x0,

    /* U+0025 "%" */
    0x1, 0xbe, 0xd7, 0x0, 0x0, 0xc, 0xc0, 0x0,
    0x0, 0xdf, 0x8b, 0xf7, 0x0, 0x5, 0xf3, 0x0,
    0x0, 0x3f, 0x90, 0xf, 0xe0, 0x0, 0xda, 0x0,
    0x0, 0x6, 0xf7, 0x0, 0xdf, 0x0, 0x7f, 0x20,
    0x0, 0x0, 0x4f, 0x80, 0xe, 0xf0, 0x1e, 0x80,
    0x1, 0x0, 0x1, 0xee, 0x37, 0xfa, 0x9, 0xe1,
    0x5e, 0xfe, 0x50, 0x4, 0xff, 0xfc, 0x12, 0xf7,
    0x2f, 0x90, 0x9f, 0x20, 0x0, 0x32, 0x0, 0xad,
    0x8, 0xf3, 0x3, 0xf8, 0x0, 0x0, 0x0, 0x3f,
    0x50, 0xaf, 0x20, 0x2f, 0xb0, 0x0, 0x0, 0xc,
    0xc0, 0xa, 0xf3, 0x2, 0xfa, 0x0, 0x0, 0x5,
    0xf3, 0x0, 0x7f, 0x60, 0x6f, 0x80, 0x0, 0x0,
    0xea, 0x0, 0x1, 0xfe, 0x8e, 0xf1, 0x0, 0x0,
    0x7f, 0x20, 0x0, 0x3, 0xcf, 0xc3, 0x0,

    /* U+0026 "&" */
    0x0, 0x4, 0xcf, 0xd7, 0x0, 0x0, 0x0, 0x3,
    0xff, 0xdf, 0xf7, 0x0, 0x0, 0x0, 0xaf, 0xa0,
    0x5f, 0xb0, 0x0, 0x0, 0xb, 0xf7, 0x7, 0xf9,
    0x0, 0x0, 0x0, 0x8f, 0xc7, 0xff, 0x20, 0x0,
    0x0, 0x2, 0xff, 0xfd, 0x20, 0x2, 0x33, 0x0,
    0xaf, 0xff, 0x40, 0x0, 0xdf, 0x80, 0xcf, 0xfc,
    0xff, 0x40, 0x4f, 0xf2, 0x4f, 0xf5, 0xc, 0xff,
    0x6e, 0xf9, 0x6, 0xff, 0x20, 0xb, 0xff, 0xfd,
    0x0, 0x3f, 0xfa, 0x30, 0x5f, 0xff, 0xf9, 0x30,
    0xaf, 0xff, 0xff, 0xfe, 0xef, 0xfc, 0x0, 0x6c,
    0xee, 0xc7, 0x0, 0x6b, 0x70,

    /* U+0027 "'" */
    0x6f, 0xf3, 0x6f, 0xf3, 0x5f, 0xf2, 0x3f, 0xf0,
    0xf, 0xe0, 0xe, 0xb0, 0x2, 0x10,

    /* U+0028 "(" */
    0x0, 0x5, 0x0, 0x5, 0xfa, 0x0, 0xdf, 0x30,
    0x4f, 0xc0, 0xa, 0xf7, 0x0, 0xef, 0x20, 0x2f,
    0xf0, 0x5, 0xfc, 0x0, 0x6f, 0xb0, 0x7, 0xfa,
    0x0, 0x6f, 0xb0, 0x5, 0xfc, 0x0, 0x2f, 0xf0,
    0x0, 0xff, 0x20, 0xa, 0xf6, 0x0, 0x4f, 0xc0,
    0x0, 0xdf, 0x30, 0x5, 0xfa, 0x0, 0x5, 0x0,

    /* U+0029 ")" */
    0x1, 0x40, 0x0, 0xd, 0xf2, 0x0, 0x6, 0xfa,
    0x0, 0x0, 0xff, 0x10, 0x0, 0xaf, 0x70, 0x0,
    0x5f, 0xb0, 0x0, 0x2f, 0xf0, 0x0, 0xf, 0xf2,
    0x0, 0xe, 0xf3, 0x0, 0xe, 0xf4, 0x0, 0xe,
    0xf3, 0x0, 0xf, 0xf2, 0x0, 0x2f, 0xf0, 0x0,
    0x5f, 0xc0, 0x0, 0xaf, 0x70, 0x0, 0xef, 0x10,
    0x6, 0xfa, 0x0, 0xd, 0xf2, 0x0, 0x1, 0x40,
    0x0,

    /* U+002A "*" */
    0x0, 0x3, 0xf5, 0x0, 0x0, 0x10, 0x5f, 0x60,
    0x10, 0xe, 0xfd, 0xfe, 0xef, 0x0, 0x5c, 0xff,
    0xfd, 0x60, 0x0, 0x4f, 0xff, 0x50, 0x0, 0xd,
    0xf5, 0xee, 0x10, 0x0, 0x74, 0x2, 0x80, 0x0,

    /* U+002B "+" */
    0x0, 0x0, 0x23, 0x10, 0x0, 0x0, 0x0, 0xaf,
    0x40, 0x0, 0x0, 0x0, 0xaf, 0x40, 0x0, 0x0,
    0x0, 0xaf, 0x40, 0x0, 0x3d, 0xdd, 0xff, 0xed,
    0xdc, 0x4f, 0xff, 0xff, 0xff, 0xfe, 0x0, 0x0,
    0xaf, 0x40, 0x0, 0x0, 0x0, 0xaf, 0x40, 0x0,
    0x0, 0x0, 0xaf, 0x40, 0x0, 0x0, 0x0, 0xaf,
    0x40, 0x0,

    /* U+002C "," */
    0x0, 0x0, 0x0, 0x4d, 0xe4, 0xa, 0xff, 0xc0,
    0x4d, 0xfd, 0x0, 0xf, 0xb0, 0xa, 0xf5, 0xd,
    0xf9, 0x0, 0x75, 0x0,

    /* U+002D "-" */
    0x1d, 0xdd, 0xda, 0x1f, 0xff, 0xfc,

    /* U+002E "." */
    0x2, 0x20, 0x6f, 0xf3, 0x9f, 0xf7, 0x3d, 0xc1,

    /* U+002F "/" */
    0x0, 0x0, 0x6f, 0x50, 0x0, 0xa, 0xf1, 0x0,
    0x0, 0xed, 0x0, 0x0, 0x3f, 0x80, 0x0, 0x7,
    0xf4, 0x0, 0x0, 0xbf, 0x0, 0x0, 0xf, 0xc0,
    0x0, 0x3, 0xf8, 0x0, 0x0, 0x8f, 0x30, 0x0,
    0xc, 0xf0, 0x0, 0x0, 0xfb, 0x0, 0x0, 0x4f,
    0x70, 0x0, 0x9, 0xf3, 0x0, 0x0, 0xde, 0x0,
    0x0, 0x1f, 0xa0, 0x0, 0x5, 0xf6, 0x0, 0x0,
    0x9f, 0x20, 0x0, 0x0,

    /* U+0030 "0" */
    0x0, 0x8, 0xde, 0xb4, 0x0, 0x0, 0xcf, 0xff,
    0xff, 0x60, 0x6, 0xff, 0x40, 0x9f, 0xf0, 0xc,
    0xfa, 0x0, 0x1f, 0xf6, 0xf, 0xf7, 0x0, 0xd,
    0xf9, 0x1f, 0xf5, 0x0, 0xc, 0xfb, 0x2f, 0xf5,
    0x0, 0xb, 0xfc, 0x1f, 0xf5, 0x0, 0xc, 0xfb,
    0xf, 0xf7, 0x0, 0xd, 0xf9, 0xc, 0xfb, 0x0,
    0x1f, 0xf6, 0x5, 0xff, 0x51, 0xaf, 0xe0, 0x0,
    0xbf, 0xff, 0xff, 0x60, 0x0, 0x8, 0xde, 0xb4,
    0x0,

    /* U+0031 "1" */
    0x0, 0x4b, 0xff, 0x0, 0x1, 0xff, 0xff, 0xf0,
    0x0, 0xb, 0xbe, 0xff, 0x0, 0x0, 0x0, 0xaf,
    0xf0, 0x0, 0x0, 0xa, 0xff, 0x0, 0x0, 0x0,
    0xaf, 0xf0, 0x0, 0x0, 0xa, 0xff, 0x0, 0x0,
    0x0, 0xaf, 0xf0, 0x0, 0x0, 0xa, 0xff, 0x0,
    0x0, 0x0, 0xaf, 0xf0, 0x0, 0x1, 0x1a, 0xff,
    0x11, 0x8, 0xff, 0xff, 0xff, 0xf7, 0x8f, 0xff,
    0xff, 0xff, 0x70,

    /* U+0032 "2" */
    0x0, 0x5c, 0xfe, 0xb3, 0x0, 0x9, 0xff, 0xff,
    0xff, 0x30, 0xb, 0xe5, 0x14, 0xff, 0xc0, 0x0,
    0x10, 0x0, 0x9f, 0xf0, 0x0, 0x0, 0x0, 0x9f,
    0xf0, 0x0, 0x0, 0x0, 0xdf, 0xb0, 0x0, 0x0,
    0x6, 0xff, 0x40, 0x0, 0x0, 0x2f, 0xfa, 0x0,
    0x0, 0x2, 0xef, 0xc0, 0x0, 0x0, 0x2d, 0xfd,
    0x10, 0x0, 0x3, 0xef, 0xd2, 0x22, 0x21, 0x2f,
    0xff, 0xff, 0xff, 0xfb, 0x3f, 0xff, 0xff, 0xff,
    0xfb,

    /* U+0033 "3" */
    0x0, 0x6b, 0xee, 0xc6, 0x0, 0xc, 0xff, 0xff,
    0xff, 0x90, 0x4, 0xc4, 0x13, 0xef, 0xf0, 0x0,
    0x0, 0x0, 0x9f, 0xf2, 0x0, 0x0, 0x3, 0xef,
    0xc0, 0x0, 0x9, 0xff, 0xf9, 0x0, 0x0, 0xb,
    0xff, 0xfb, 0x20, 0x0, 0x0, 0x14, 0xdf, 0xf1,
    0x0, 0x0, 0x0, 0x2f, 0xf7, 0x2, 0x0, 0x0,
    0x2f, 0xf8, 0x1e, 0xd5, 0x25, 0xcf, 0xf4, 0x3e,
    0xff, 0xff, 0xff, 0xa0, 0x1, 0x8d, 0xfe, 0xc5,
    0x0,

    /* U+0034 "4" */
    0x0, 0x0, 0xe, 0xff, 0x80, 0x0, 0x0, 0x9,
    0xff, 0xf8, 0x0, 0x0, 0x2, 0xff, 0xef, 0x80,
    0x0, 0x0, 0xcf, 0x8d, 0xf8, 0x0, 0x0, 0x6f,
    0xf1, 0xef, 0x80, 0x0, 0x1e, 0xf7, 0xe, 0xf8,
    0x0, 0x9, 0xfd, 0x0, 0xef, 0x80, 0x3, 0xff,
    0x40, 0xe, 0xf8, 0x0, 0x9f, 0xff, 0xff, 0xff,
    0xff, 0x19, 0xff, 0xff, 0xff, 0xff, 0xf1, 0x0,
    0x0, 0x0, 0xef, 0x80, 0x0, 0x0, 0x0, 0xe,
    0xf8, 0x0, 0x0, 0x0, 0x0, 0xef, 0x80, 0x0,

    /* U+0035 "5" */
    0x2, 0xff, 0xff, 0xff, 0xf0, 0x3, 0xff, 0xff,
    0xff, 0xf0, 0x4, 0xff, 0x42, 0x22, 0x20, 0x5,
    0xff, 0x0, 0x0, 0x0, 0x6, 0xff, 0x9c, 0xa5,
    0x0, 0x6, 0xff, 0xff, 0xff, 0x90, 0x0, 0x74,
    0x2, 0xcf, 0xf3, 0x0, 0x0, 0x0, 0x3f, 0xf7,
    0x0, 0x0, 0x0, 0xf, 0xf9, 0x2, 0x0, 0x0,
    0x4f, 0xf6, 0x1e, 0xd5, 0x24, 0xdf, 0xf2, 0x3e,
    0xff, 0xff, 0xff, 0x60, 0x0, 0x8d, 0xfe, 0xb3,
    0x0,

    /* U+0036 "6" */
    0x0, 0x3, 0xae, 0xeb, 0x50, 0x0, 0x5f, 0xff,
    0xff, 0xf6, 0x1, 0xff, 0xc3, 0x27, 0xa0, 0x9,
    0xff, 0x10, 0x0, 0x0, 0xc, 0xf9, 0x0, 0x0,
    0x0, 0xe, 0xf7, 0x8d, 0xeb, 0x30, 0xf, 0xfe,
    0xfd, 0xff, 0xf2, 0xf, 0xfd, 0x20, 0x1e, 0xfa,
    0xd, 0xf7, 0x0, 0x9, 0xfc, 0xa, 0xfb, 0x0,
    0xa, 0xfb, 0x2, 0xff, 0x60, 0x3f, 0xf7, 0x0,
    0x8f, 0xff, 0xff, 0xd0, 0x0, 0x5, 0xcf, 0xd9,
    0x0,

    /* U+0037 "7" */
    0x1f, 0xff, 0xff, 0xff, 0xfb, 0x1f, 0xff, 0xff,
    0xff, 0xfa, 0x2, 0x22, 0x22, 0x7f, 0xf2, 0x0,
    0x0, 0x0, 0xef, 0x60, 0x0, 0x0, 0x9, 0xfc,
    0x0, 0x0, 0x0, 0x1f, 0xf5, 0x0, 0x0, 0x0,
    0x7f, 0xe0, 0x0, 0x0, 0x0, 0xdf, 0xa0, 0x0,
    0x0, 0x0, 0xff, 0x70, 0x0, 0x0, 0x4, 0xff,
    0x40, 0x0, 0x0, 0x6, 0xff, 0x30, 0x0, 0x0,
    0x8, 0xff, 0x10, 0x0, 0x0, 0x9, 0xff, 0x0,
    0x0,

    /* U+0038 "8" */
    0x0, 0x19, 0xdf, 0xd7, 0x0, 0x1, 0xef, 0xfd,
    0xff, 0x90, 0x7, 0xff, 0x20, 0x5f, 0xf1, 0x8,
    0xfc, 0x0, 0xf, 0xf3, 0x4, 0xff, 0x20, 0x1f,
    0xe0, 0x0, 0xaf, 0xf9, 0xbf, 0x40, 0x0, 0x3f,
    0xff, 0xfc, 0x10, 0x4, 0xfd, 0x38, 0xff, 0xd1,
    0xe, 0xf5, 0x0, 0x2f, 0xf9, 0x1f, 0xf3, 0x0,
    0xb, 0xfb, 0xf, 0xfa, 0x10, 0x2e, 0xf9, 0x6,
    0xff, 0xfe, 0xff, 0xe1, 0x0, 0x4b, 0xef, 0xd8,
    0x10,

    /* U+0039 "9" */
    0x0, 0x3b, 0xee, 0xa2, 0x0, 0x5, 0xff, 0xff,
    0xff, 0x30, 0xe, 0xfb, 0x1, 0xbf, 0xc0, 0x2f,
    0xf3, 0x0, 0x1f, 0xf4, 0x3f, 0xf3, 0x0, 0xd,
    0xf7, 0xf, 0xf9, 0x0, 0x6f, 0xf9, 0x9, 0xff,
    0xee, 0xfe, 0xfa, 0x0, 0x7d, 0xfc, 0x3d, 0xf8,
    0x0, 0x0, 0x0, 0xf, 0xf6, 0x0, 0x0, 0x0,
    0x6f, 0xf2, 0x2, 0xc5, 0x26, 0xff, 0x90, 0xc,
    0xff, 0xff, 0xfd, 0x10, 0x0, 0x8c, 0xfd, 0x80,
    0x0,

    /* U+003A ":" */
    0x3d, 0xc1, 0x9f, 0xf7, 0x5f, 0xf3, 0x2, 0x10,
    0x0, 0x0, 0x0, 0x0, 0x2, 0x20, 0x6f, 0xf3,
    0x9f, 0xf7, 0x3d, 0xc1,

    /* U+003B ";" */
    0x3, 0xdc, 0x10, 0x9f, 0xf7, 0x5, 0xff, 0x30,
    0x2, 0x10, 0x0, 0x0, 0x0, 0x0, 0x0, 0x0,
    0x0, 0x0, 0x4d, 0xe4, 0xa, 0xff, 0xc0, 0x4d,
    0xfd, 0x0, 0xf, 0xb0, 0xa, 0xf5, 0xd, 0xf9,
    0x0, 0x75, 0x0,

    /* U+003C "<" */
    0x0, 0x0, 0x0, 0x0, 0x6b, 0x0, 0x0, 0x4,
    0xaf, 0xfe, 0x0, 0x28, 0xef, 0xff, 0xa5, 0x2c,
    0xff, 0xfa, 0x50, 0x0, 0x4f, 0xfc, 0x20, 0x0,
    0x0, 0x1a, 0xff, 0xfc, 0x72, 0x0, 0x0, 0x6,
    0xcf, 0xff, 0xc7, 0x0, 0x0, 0x2, 0x8e, 0xfe,
    0x0, 0x0, 0x0, 0x0, 0x49,

    /* U+003D "=" */
    0x4f, 0xff, 0xff, 0xff, 0xfe, 0x3c, 0xcc, 0xcc,
    0xcc, 0xcb, 0x0, 0x0, 0x0, 0x0, 0x0, 0x0,
    0x0, 0x0, 0x0, 0x0, 0x3d, 0xdd, 0xdd, 0xdd,
    0xdc, 0x4f, 0xff, 0xff, 0xff, 0xfe,

    /* U+003E ">" */
    0x49, 0x30, 0x0, 0x0, 0x0, 0x4f, 0xfd, 0x82,
    0x0, 0x0, 0x17, 0xcf, 0xff, 0xc6, 0x0, 0x0,
    0x1, 0x7c, 0xff, 0xf9, 0x0, 0x0, 0x0, 0x6f,
    0xfe, 0x0, 0x4, 0x9e, 0xff, 0xd7, 0x19, 0xef,
    0xff, 0x93, 0x0, 0x4f, 0xfb, 0x50, 0x0, 0x0,
    0x37, 0x20, 0x0, 0x0, 0x0,

    /* U+003F "?" */
    0x0, 0x7b, 0xfe, 0x91, 0x0, 0xbf, 0xff, 0xff,
    0xd0, 0x5, 0xc4, 0x2a, 0xff, 0x30, 0x0, 0x0,
    0x4f, 0xf3, 0x0, 0x0, 0xb, 0xfd, 0x0, 0x0,
    0x9, 0xfe, 0x20, 0x0, 0x5, 0xff, 0x40, 0x0,
    0x0, 0xcf, 0x90, 0x0, 0x0, 0x6, 0x73, 0x0,
    0x0, 0x0, 0x3, 0x0, 0x0, 0x0, 0xe, 0xfa,
    0x0, 0x0, 0x3, 0xff, 0xe0, 0x0, 0x0, 0x9,
    0xe6, 0x0, 0x0,

    /* U+0040 "@" */
    0x0, 0x0, 0x0, 0x49, 0xdf, 0xfd, 0x92, 0x0,
    0x0, 0x0, 0x0, 0x3c, 0xff, 0xb9, 0xbe, 0xff,
    0x80, 0x0, 0x0, 0x4, 0xff, 0x91, 0x0, 0x0,
    0x2c, 0xf8, 0x0, 0x0, 0x3f, 0xf4, 0x0, 0x0,
    0x0, 0x0, 0xcf, 0x30, 0x0, 0xcf, 0x60, 0x0,
    0x57, 0x17, 0x60, 0x3f, 0xa0, 0x4, 0xfb, 0x0,
    0x2e, 0xff, 0xef, 0x90, 0xd, 0xd0, 0xa, 0xf4,
    0x0, 0xef, 0x61, 0xcf, 0x60, 0xa, 0xf0, 0xd,
    0xf0, 0x6, 0xfa, 0x0, 0xbf, 0x30, 0xa, 0xf0,
    0xf, 0xd0, 0xa, 0xf4, 0x0, 0xef, 0x0, 0xc,
    0xd0, 0xf, 0xe0, 0xc, 0xf4, 0x1, 0xfd, 0x0,
    0x3f, 0x80, 0xe, 0xf1, 0x9, 0xfa, 0x3b, 0xff,
    0x44, 0xed, 0x0, 0xa, 0xf4, 0x1, 0xdf, 0xfa,
    0x4f, 0xff, 0xb1, 0x0, 0x4, 0xfd, 0x0, 0x3,
    0x10, 0x0, 0x31, 0x0, 0x0, 0x0, 0xaf, 0xa0,
    0x0, 0x0, 0x0, 0x0, 0x0, 0x0, 0x0, 0xd,
    0xfe, 0x63, 0x1, 0x49, 0x10, 0x0, 0x0, 0x0,
    0x0, 0x7f, 0xff, 0xff, 0xff, 0x50, 0x0, 0x0,
    0x0, 0x0, 0x1, 0x46, 0x87, 0x51, 0x0, 0x0,
    0x0,

    /* U+0041 "A" */
    0x0, 0x0, 0xf, 0xff, 0x80, 0x0, 0x0, 0x0,
    0x4, 0xff, 0xfd, 0x0, 0x0, 0x0, 0x0, 0xaf,
    0xbf, 0xf2, 0x0, 0x0, 0x0, 0xf, 0xf4, 0xef,
    0x70, 0x0, 0x0, 0x4, 0xff, 0x9, 0xfd, 0x0,
    0x0, 0x0, 0x9f, 0xc0, 0x5f, 0xf2, 0x0, 0x0,
    0xe, 0xf8, 0x1, 0xff, 0x70, 0x0, 0x4, 0xff,
    0x40, 0xd, 0xfc, 0x0, 0x0, 0x9f, 0xff, 0xff,
    0xff, 0xf2, 0x0, 0xe, 0xff, 0xff, 0xff, 0xff,
    0x70, 0x4, 0xff, 0x60, 0x0, 0xf, 0xfc, 0x0,
    0x9f, 0xf1, 0x0, 0x0, 0xaf, 0xf1, 0xe, 0xfc,
    0x0, 0x0, 0x5, 0xff, 0x70,

    /* U+0042 "B" */
    0x5f, 0xff, 0xff, 0xea, 0x40, 0x5, 0xff, 0xff,
    0xff, 0xff, 0x50, 0x5f, 0xf4, 0x0, 0x5f, 0xfb,
    0x5, 0xff, 0x40, 0x0, 0xcf, 0xc0, 0x5f, 0xf4,
    0x0, 0x4f, 0xf7, 0x5, 0xff, 0xee, 0xff, 0xf7,
    0x0, 0x5f, 0xff, 0xff, 0xff, 0xe6, 0x5, 0xff,
    0x40, 0x2, 0xbf, 0xf3, 0x5f, 0xf4, 0x0, 0x2,
    0xff, 0x75, 0xff, 0x40, 0x0, 0x2f, 0xf6, 0x5f,
    0xf4, 0x0, 0x3c, 0xff, 0x25, 0xff, 0xff, 0xff,
    0xff, 0x80, 0x5f, 0xff, 0xff, 0xdb, 0x40, 0x0,

    /* U+0043 "C" */
    0x0, 0x0, 0x5b, 0xee, 0xb6, 0x0, 0x0, 0x1b,
    0xff, 0xff, 0xff, 0xb0, 0x0, 0xbf, 0xfc, 0x54,
    0x7e, 0x40, 0x5, 0xff, 0xa0, 0x0, 0x0, 0x0,
    0xa, 0xff, 0x10, 0x0, 0x0, 0x0, 0xd, 0xfd,
    0x0, 0x0, 0x0, 0x0, 0xf, 0xfb, 0x0, 0x0,
    0x0, 0x0, 0xd, 0xfd, 0x0, 0x0, 0x0, 0x0,
    0xb, 0xff, 0x10, 0x0, 0x0, 0x0, 0x6, 0xff,
    0xa0, 0x0, 0x1, 0x0, 0x0, 0xcf, 0xfc, 0x64,
    0x7e, 0xa0, 0x0, 0x2c, 0xff, 0xff, 0xff, 0xb0,
    0x0, 0x0, 0x6b, 0xee, 0xb6, 0x0,

    /* U+0044 "D" */
    0x5f, 0xff, 0xfd, 0xa5, 0x0, 0x5, 0xff, 0xff,
    0xff, 0xfc, 0x10, 0x5f, 0xf5, 0x24, 0xbf, 0xfb,
    0x5, 0xff, 0x40, 0x0, 0xaf, 0xf5, 0x5f, 0xf4,
    0x0, 0x2, 0xff, 0x85, 0xff, 0x40, 0x0, 0xf,
    0xfb, 0x5f, 0xf4, 0x0, 0x0, 0xef, 0xd5, 0xff,
    0x40, 0x0, 0xf, 0xfb, 0x5f, 0xf4, 0x0, 0x3,
    0xff, 0x85, 0xff, 0x40, 0x0, 0xbf, 0xf4, 0x5f,
    0xf5, 0x24, 0xcf, 0xfa, 0x5, 0xff, 0xff, 0xff,
    0xfb, 0x10, 0x5f, 0xff, 0xfd, 0xa5, 0x0, 0x0,

    /* U+0045 "E" */
    0x5f, 0xff, 0xff, 0xff, 0xc0, 0x5f, 0xff, 0xff,
    0xff, 0xc0, 0x5f, 0xf6, 0x22, 0x22, 0x20, 0x5f,
    0xf4, 0x0, 0x0, 0x0, 0x5f, 0xf4, 0x0, 0x0,
    0x0, 0x5f, 0xff, 0xff, 0xff, 0x0, 0x5f, 0xff,
    0xff, 0xff, 0x0, 0x5f, 0xf6, 0x22, 0x22, 0x0,
    0x5f, 0xf4, 0x0, 0x0, 0x0, 0x5f, 0xf4, 0x0,
    0x0, 0x0, 0x5f, 0xf6, 0x22, 0x22, 0x20, 0x5f,
    0xff, 0xff, 0xff, 0xf0, 0x5f, 0xff, 0xff, 0xff,
    0xf0,

    /* U+0046 "F" */
    0x5f, 0xff, 0xff, 0xff, 0xd5, 0xff, 0xff, 0xff,
    0xfd, 0x5f, 0xf6, 0x22, 0x22, 0x25, 0xff, 0x40,
    0x0, 0x0, 0x5f, 0xf4, 0x0, 0x0, 0x5, 0xff,
    0x62, 0x22, 0x20, 0x5f, 0xff, 0xff, 0xff, 0x5,
    0xff, 0xff, 0xff, 0xf0, 0x5f, 0xf4, 0x0, 0x0,
    0x5, 0xff, 0x40, 0x0, 0x0, 0x5f, 0xf4, 0x0,
    0x0, 0x5, 0xff, 0x40, 0x0, 0x0, 0x5f, 0xf4,
    0x0, 0x0, 0x0,

    /* U+0047 "G" */
    0x0, 0x0, 0x5a, 0xdf, 0xc8, 0x10, 0x0, 0x1b,
    0xff, 0xff, 0xff, 0xe3, 0x0, 0xaf, 0xfc, 0x64,
    0x6c, 0xa0, 0x5, 0xff, 0xa0, 0x0, 0x0, 0x0,
    0xa, 0xff, 0x10, 0x0, 0x0, 0x0, 0xd, 0xfd,
    0x0, 0x1, 0x11, 0x11, 0xf, 0xfb, 0x0, 0xf,
    0xff, 0xfb, 0xd, 0xfd, 0x0, 0xf, 0xff, 0xfb,
    0xb, 0xff, 0x10, 0x0, 0xa, 0xfb, 0x6, 0xff,
    0xa0, 0x0, 0xa, 0xfb, 0x0, 0xbf, 0xfc, 0x64,
    0x5e, 0xfb, 0x0, 0x1c, 0xff, 0xff, 0xff, 0xf7,
    0x0, 0x0, 0x5b, 0xdf, 0xc9, 0x30,

    /* U+0048 "H" */
    0x5f, 0xf4, 0x0, 0x0, 0xaf, 0xf5, 0xff, 0x40,
    0x0, 0xa, 0xff, 0x5f, 0xf4, 0x0, 0x0, 0xaf,
    0xf5, 0xff, 0x40, 0x0, 0xa, 0xff, 0x5f, 0xf4,
    0x0, 0x0, 0xaf, 0xf5, 0xff, 0xff, 0xff, 0xff,
    0xff, 0x5f, 0xff, 0xff, 0xff, 0xff, 0xf5, 0xff,
    0x73, 0x33, 0x3b, 0xff, 0x5f, 0xf4, 0x0, 0x0,
    0xaf, 0xf5, 0xff, 0x40, 0x0, 0xa, 0xff, 0x5f,
    0xf4, 0x0, 0x0, 0xaf, 0xf5, 0xff, 0x40, 0x0,
    0xa, 0xff, 0x5f, 0xf4, 0x0, 0x0, 0xaf, 0xf0,

    /* U+0049 "I" */
    0x5f, 0xf4, 0x5f, 0xf4, 0x5f, 0xf4, 0x5f, 0xf4,
    0x5f, 0xf4, 0x5f, 0xf4, 0x5f, 0xf4, 0x5f, 0xf4,
    0x5f, 0xf4, 0x5f, 0xf4, 0x5f, 0xf4, 0x5f, 0xf4,
    0x5f, 0xf4,

    /* U+004A "J" */
    0x0, 0x0, 0x0, 0xff, 0xa0, 0x0, 0x0, 0xf,
    0xfa, 0x0, 0x0, 0x0, 0xff, 0xa0, 0x0, 0x0,
    0xf, 0xfa, 0x0, 0x0, 0x0, 0xff, 0xa0, 0x0,
    0x0, 0xf, 0xfa, 0x0, 0x0, 0x0, 0xff, 0xa0,
    0x0, 0x0, 0xf, 0xfa, 0x0, 0x0, 0x0, 0xff,
    0xa0, 0x12, 0x0, 0x2f, 0xf8, 0x3e, 0xe6, 0x4c,
    0xff, 0x41, 0xef, 0xff, 0xff, 0xb0, 0x1, 0x9e,
    0xfc, 0x70, 0x0,

    /* U+004B "K" */
    0x5f, 0xf4, 0x0, 0xa, 0xff, 0x40, 0x5f, 0xf4,
    0x0, 0x6f, 0xf8, 0x0, 0x5f, 0xf4, 0x3, 0xff,
    0xb0, 0x0, 0x5f, 0xf4, 0x1e, 0xfd, 0x0, 0x0,
    0x5f, 0xf4, 0xbf, 0xf2, 0x0, 0x0, 0x5f, 0xfc,
    0xff, 0xd0, 0x0, 0x0, 0x5f, 0xff, 0xff, 0xf7,
    0x0, 0x0, 0x5f, 0xff, 0xcc, 0xff, 0x10, 0x0,
    0x5f, 0xfe, 0x12, 0xff, 0xa0, 0x0, 0x5f, 0xf5,
    0x0, 0x9f, 0xf4, 0x0, 0x5f, 0xf4, 0x0, 0x1e,
    0xfd, 0x0, 0x5f, 0xf4, 0x0, 0x6, 0xff, 0x80,
    0x5f, 0xf4, 0x0, 0x0, 0xcf, 0xf2,

    /* U+004C "L" */
    0x5f, 0xf4, 0x0, 0x0, 0x5, 0xff, 0x40, 0x0,
    0x0, 0x5f, 0xf4, 0x0, 0x0, 0x5, 0xff, 0x40,
    0x0, 0x0, 0x5f, 0xf4, 0x0, 0x0, 0x5, 0xff,
    0x40, 0x0, 0x0, 0x5f, 0xf4, 0x0, 0x0, 0x5,
    0xff, 0x40, 0x0, 0x0, 0x5f, 0xf4, 0x0, 0x0,
    0x5, 0xff, 0x40, 0x0, 0x0, 0x5f, 0xf6, 0x22,
    0x22, 0x15, 0xff, 0xff, 0xff, 0xfb, 0x5f, 0xff,
    0xff, 0xff, 0xb0,

    /* U+004D "M" */
    0x5f, 0xfc, 0x0, 0x0, 0x6, 0xff, 0xb5, 0xff,
    0xf2, 0x0, 0x0, 0xcf, 0xfb, 0x5f, 0xff, 0x80,
    0x0, 0x2f, 0xff, 0xb5, 0xfd, 0xfe, 0x0, 0x7,
    0xfd, 0xfb, 0x5f, 0xdc, 0xf4, 0x0, 0xdf, 0x9f,
    0xb5, 0xfe, 0x7f, 0xa0, 0x3f, 0xc9, 0xfb, 0x5f,
    0xf2, 0xff, 0x9, 0xf6, 0xaf, 0xb5, 0xff, 0xb,
    0xf5, 0xef, 0x1b, 0xfb, 0x5f, 0xf0, 0x5f, 0xdf,
    0xa0, 0xbf, 0xb5, 0xff, 0x0, 0xff, 0xf4, 0xb,
    0xfb, 0x5f, 0xf0, 0x9, 0xfe, 0x0, 0xbf, 0xb5,
    0xff, 0x0, 0x3d, 0x70, 0xb, 0xfb, 0x5f, 0xf0,
    0x0, 0x0, 0x0, 0xbf, 0xb0,

    /* U+004E "N" */
    0x5f, 0xfa, 0x0, 0x0, 0xaf, 0xd5, 0xff, 0xf3,
    0x0, 0xa, 0xfd, 0x5f, 0xff, 0xc0, 0x0, 0xaf,
    0xd5, 0xfe, 0xef, 0x40, 0xa, 0xfd, 0x5f, 0xe7,
    0xfd, 0x0, 0xaf, 0xd5, 0xff, 0x1e, 0xf6, 0xa,
    0xfd, 0x5f, 0xf1, 0x7f, 0xe0, 0x9f, 0xd5, 0xff,
    0x20, 0xef, 0x78, 0xfd, 0x5f, 0xf2, 0x5, 0xfe,
    0x7f, 0xd5, 0xff, 0x20, 0xc, 0xfd, 0xfd, 0x5f,
    0xf2, 0x0, 0x4f, 0xff, 0xd5, 0xff, 0x20, 0x0,
    0xbf, 0xfd, 0x5f, 0xf2, 0x0, 0x2, 0xff, 0xd0,

    /* U+004F "O" */
    0x0, 0x0, 0x7b, 0xee, 0xb6, 0x0, 0x0, 0x3,
    0xdf, 0xff, 0xff, 0xfc, 0x10, 0x0, 0xdf, 0xfa,
    0x55, 0xbf, 0xfb, 0x0, 0x7f, 0xf8, 0x0, 0x0,
    0xaf, 0xf4, 0xb, 0xff, 0x10, 0x0, 0x2, 0xff,
    0x90, 0xef, 0xd0, 0x0, 0x0, 0xf, 0xfb, 0xf,
    0xfb, 0x0, 0x0, 0x0, 0xdf, 0xd0, 0xdf, 0xd0,
    0x0, 0x0, 0xf, 0xfb, 0xb, 0xff, 0x10, 0x0,
    0x3, 0xff, 0x80, 0x6f, 0xf9, 0x0, 0x0, 0xbf,
    0xf4, 0x0, 0xcf, 0xfa, 0x55, 0xbf, 0xfa, 0x0,
    0x2, 0xdf, 0xff, 0xff, 0xfb, 0x10, 0x0, 0x0,
    0x7b, 0xee, 0xb6, 0x0, 0x0,

    /* U+0050 "P" */
    0x5f, 0xff, 0xff, 0xda, 0x30, 0x5, 0xff, 0xff,
    0xff, 0xff, 0x50, 0x5f, 0xf5, 0x11, 0x5e, 0xfe,
    0x5, 0xff, 0x40, 0x0, 0x7f, 0xf2, 0x5f, 0xf4,
    0x0, 0x7, 0xff, 0x15, 0xff, 0x40, 0x5, 0xef,
    0xd0, 0x5f, 0xff, 0xff, 0xff, 0xf3, 0x5, 0xff,
    0xff, 0xfe, 0x92, 0x0, 0x5f, 0xf5, 0x0, 0x0,
    0x0, 0x5, 0xff, 0x40, 0x0, 0x0, 0x0, 0x5f,
    0xf4, 0x0, 0x0, 0x0, 0x5, 0xff, 0x40, 0x0,
    0x0, 0x0, 0x5f, 0xf4, 0x0, 0x0, 0x0, 0x0,

    /* U+0051 "Q" */
    0x0, 0x0, 0x7b, 0xee, 0xb6, 0x0, 0x0, 0x0,
    0x2c, 0xff, 0xff, 0xff, 0xb1, 0x0, 0x0, 0xcf,
    0xfa, 0x55, 0xbf, 0xfa, 0x0, 0x5, 0xff, 0x90,
    0x0, 0xb, 0xff, 0x30, 0xb, 0xff, 0x10, 0x0,
    0x3, 0xff, 0x80, 0xd, 0xfd, 0x0, 0x0, 0x0,
    0xff, 0xb0, 0xf, 0xfb, 0x0, 0x0, 0x0, 0xdf,
    0xd0, 0xe, 0xfc, 0x0, 0x0, 0x0, 0xef, 0xc0,
    0xc, 0xfe, 0x0, 0x0, 0x0, 0xff, 0xa0, 0x9,
    0xff, 0x30, 0x0, 0x5, 0xff, 0x70, 0x2, 0xff,
    0xc0, 0x0, 0x1d, 0xff, 0x10, 0x0, 0x8f, 0xfd,
    0x89, 0xef, 0xf7, 0x0, 0x0, 0x8, 0xff, 0xff,
    0xff, 0x70, 0x0, 0x0, 0x0, 0x18, 0xff, 0xd1,
    0x0, 0x0, 0x0, 0x0, 0x0, 0xbf, 0xfa, 0x31,
    0x20, 0x0, 0x0, 0x0, 0xb, 0xff, 0xff, 0xf3,
    0x0, 0x0, 0x0, 0x0, 0x5b, 0xef, 0xd4,

    /* U+0052 "R" */
    0x5f, 0xff, 0xff, 0xda, 0x40, 0x5, 0xff, 0xff,
    0xff, 0xff, 0x60, 0x5f, 0xf5, 0x1, 0x4e, 0xff,
    0x5, 0xff, 0x40, 0x0, 0x6f, 0xf3, 0x5f, 0xf4,
    0x0, 0x7, 0xff, 0x35, 0xff, 0x40, 0x4, 0xef,
    0xe0, 0x5f, 0xff, 0xff, 0xff, 0xf5, 0x5, 0xff,
    0xff, 0xff, 0xe3, 0x0, 0x5f, 0xf5, 0x9, 0xff,
    0x30, 0x5, 0xff, 0x40, 0x1f, 0xfd, 0x0, 0x5f,
    0xf4, 0x0, 0x7f, 0xf6, 0x5, 0xff, 0x40, 0x0,
    0xef, 0xe1, 0x5f, 0xf4, 0x0, 0x6, 0xff, 0x90,

    /* U+0053 "S" */
    0x0, 0x6, 0xce, 0xeb, 0x50, 0x0, 0xc, 0xff,
    0xff, 0xff, 0xb0, 0x6, 0xff, 0xa5, 0x59, 0xf5,
    0x0, 0xaf, 0xf1, 0x0, 0x1, 0x0, 0x8, 0xff,
    0xa1, 0x0, 0x0, 0x0, 0x1e, 0xff, 0xfa, 0x40,
    0x0, 0x0, 0x19, 0xff, 0xff, 0xd3, 0x0, 0x0,
    0x2, 0x8e, 0xff, 0xe1, 0x0, 0x0, 0x0, 0xa,
    0xff, 0x60, 0x4, 0x0, 0x0, 0x4f, 0xf7, 0xb,
    0xfb, 0x74, 0x5d, 0xff, 0x30, 0x9f, 0xff, 0xff,
    0xff, 0x80, 0x0, 0x39, 0xcf, 0xdb, 0x40, 0x0,

    /* U+0054 "T" */
    0x7f, 0xff, 0xff, 0xff, 0xff, 0xb7, 0xff, 0xff,
    0xff, 0xff, 0xfb, 0x12, 0x22, 0xcf, 0xf2, 0x22,
    0x10, 0x0, 0xb, 0xff, 0x0, 0x0, 0x0, 0x0,
    0xbf, 0xf0, 0x0, 0x0, 0x0, 0xb, 0xff, 0x0,
    0x0, 0x0, 0x0, 0xbf, 0xf0, 0x0, 0x0, 0x0,
    0xb, 0xff, 0x0, 0x0, 0x0, 0x0, 0xbf, 0xf0,
    0x0, 0x0, 0x0, 0xb, 0xff, 0x0, 0x0, 0x0,
    0x0, 0xbf, 0xf0, 0x0, 0x0, 0x0, 0xb, 0xff,
    0x0, 0x0, 0x0, 0x0, 0xbf, 0xf0, 0x0, 0x0,

    /* U+0055 "U" */
    0x6f, 0xf3, 0x0, 0x0, 0xaf, 0xe6, 0xff, 0x30,
    0x0, 0xa, 0xfe, 0x6f, 0xf3, 0x0, 0x0, 0xaf,
    0xe6, 0xff, 0x30, 0x0, 0xa, 0xfe, 0x6f, 0xf3,
    0x0, 0x0, 0xaf, 0xe6, 0xff, 0x30, 0x0, 0xa,
    0xfe, 0x6f, 0xf3, 0x0, 0x0, 0xaf, 0xe5, 0xff,
    0x40, 0x0, 0xa, 0xfd, 0x3f, 0xf5, 0x0, 0x0,
    0xcf, 0xb1, 0xff, 0xa0, 0x0, 0x2f, 0xf9, 0xb,
    0xff, 0x94, 0x5d, 0xff, 0x20, 0x2e, 0xff, 0xff,
    0xff, 0x80, 0x0, 0x19, 0xcf, 0xeb, 0x40, 0x0,

    /* U+0056 "V" */
    0xe, 0xfd, 0x0, 0x0, 0x9, 0xff, 0x10, 0xaf,
    0xf1, 0x0, 0x0, 0xef, 0xc0, 0x5, 0xff, 0x50,
    0x0, 0x2f, 0xf6, 0x0, 0xf, 0xfa, 0x0, 0x7,
    0xff, 0x10, 0x0, 0xbf, 0xe0, 0x0, 0xcf, 0xc0,
    0x0, 0x6, 0xff, 0x20, 0xf, 0xf7, 0x0, 0x0,
    0x1f, 0xf6, 0x5, 0xff, 0x20, 0x0, 0x0, 0xcf,
    0xb0, 0x9f, 0xd0, 0x0, 0x0, 0x7, 0xff, 0xd,
    0xf8, 0x0, 0x0, 0x0, 0x2f, 0xf6, 0xff, 0x30,
    0x0, 0x0, 0x0, 0xdf, 0xef, 0xd0, 0x0, 0x0,
    0x0, 0x8, 0xff, 0xf8, 0x0, 0x0, 0x0, 0x0,
    0x3f, 0xff, 0x30, 0x0, 0x0,

    /* U+0057 "W" */
    0x8f, 0xf2, 0x0, 0xf, 0xf9, 0x0, 0x7, 0xff,
    0x5, 0xff, 0x40, 0x3, 0xff, 0xc0, 0x0, 0xaf,
    0xd0, 0x2f, 0xf7, 0x0, 0x7f, 0xff, 0x0, 0xd,
    0xfa, 0x0, 0xff, 0x90, 0xb, 0xfe, 0xf4, 0x0,
    0xff, 0x60, 0xc, 0xfc, 0x0, 0xff, 0x9f, 0x80,
    0x3f, 0xf3, 0x0, 0x9f, 0xe0, 0x3f, 0xc6, 0xfc,
    0x5, 0xff, 0x0, 0x6, 0xff, 0x17, 0xf9, 0x3f,
    0xf0, 0x8f, 0xd0, 0x0, 0x3f, 0xf3, 0xaf, 0x50,
    0xff, 0x3a, 0xfa, 0x0, 0x0, 0xff, 0x6d, 0xf2,
    0xc, 0xf6, 0xdf, 0x70, 0x0, 0xd, 0xf9, 0xfe,
    0x0, 0x8f, 0x9f, 0xf4, 0x0, 0x0, 0xaf, 0xef,
    0xa0, 0x4, 0xfe, 0xff, 0x10, 0x0, 0x7, 0xff,
    0xf7, 0x0, 0xf, 0xff, 0xe0, 0x0, 0x0, 0x4f,
    0xff, 0x30, 0x0, 0xdf, 0xfb, 0x0, 0x0,

    /* U+0058 "X" */
    0x4f, 0xfa, 0x0, 0x3, 0xff, 0x80, 0xb, 0xff,
    0x20, 0xb, 0xfe, 0x0, 0x2, 0xff, 0xa0, 0x2f,
    0xf6, 0x0, 0x0, 0x9f, 0xf2, 0x9f, 0xd0, 0x0,
    0x0, 0x1e, 0xfb, 0xff, 0x50, 0x0, 0x0, 0x7,
    0xff, 0xfc, 0x0, 0x0, 0x0, 0x2, 0xff, 0xf7,
    0x0, 0x0, 0x0, 0xa, 0xff, 0xfe, 0x0, 0x0,
    0x0, 0x3f, 0xf7, 0xff, 0x70, 0x0, 0x0, 0xcf,
    0xc0, 0xbf, 0xf1, 0x0, 0x5, 0xff, 0x50, 0x3f,
    0xf9, 0x0, 0xd, 0xfd, 0x0, 0xb, 0xff, 0x30,
    0x7f, 0xf5, 0x0, 0x3, 0xff, 0xb0,

    /* U+0059 "Y" */
    0xd, 0xfe, 0x0, 0x0, 0x6f, 0xf5, 0x6, 0xff,
    0x50, 0x0, 0xdf, 0xd0, 0x0, 0xef, 0xc0, 0x4,
    0xff, 0x50, 0x0, 0x6f, 0xf2, 0xa, 0xfd, 0x0,
    0x0, 0xe, 0xf9, 0x1f, 0xf5, 0x0, 0x0, 0x6,
    0xff, 0x8f, 0xd0, 0x0, 0x0, 0x0, 0xef, 0xff,
    0x60, 0x0, 0x0, 0x0, 0x7f, 0xfe, 0x0, 0x0,
    0x0, 0x0, 0x1f, 0xf8, 0x0, 0x0, 0x0, 0x0,
    0x1f, 0xf8, 0x0, 0x0, 0x0, 0x0, 0x1f, 0xf8,
    0x0, 0x0, 0x0, 0x0, 0x1f, 0xf8, 0x0, 0x0,
    0x0, 0x0, 0x1f, 0xf8, 0x0, 0x0,

    /* U+005A "Z" */
    0x9, 0xff, 0xff, 0xff, 0xff, 0x40, 0x9f, 0xff,
    0xff, 0xff, 0xf3, 0x1, 0x22, 0x22, 0x6f, 0xfa,
    0x0, 0x0, 0x0, 0xd, 0xfe, 0x10, 0x0, 0x0,
    0x9, 0xff, 0x40, 0x0, 0x0, 0x3, 0xff, 0x90,
    0x0, 0x0, 0x0, 0xdf, 0xe1, 0x0, 0x0, 0x0,
    0x9f, 0xf4, 0x0, 0x0, 0x0, 0x4f, 0xf9, 0x0,
    0x0, 0x0, 0xd, 0xfe, 0x0, 0x0, 0x0, 0x9,
    0xff, 0x62, 0x22, 0x22, 0x2, 0xff, 0xff, 0xff,
    0xff, 0xf4, 0x3f, 0xff, 0xff, 0xff, 0xff, 0x40,

    /* U+005B "[" */
    0x2f, 0xff, 0xe2, 0xfd, 0x55, 0x2f, 0xc0, 0x2,
    0xfc, 0x0, 0x2f, 0xc0, 0x2, 0xfc, 0x0, 0x2f,
    0xc0, 0x2, 0xfc, 0x0, 0x2f, 0xc0, 0x2, 0xfc,
    0x0, 0x2f, 0xc0, 0x2, 0xfc, 0x0, 0x2f, 0xc0,
    0x2, 0xfc, 0x0, 0x2f, 0xc0, 0x2, 0xfd, 0x11,
    0x2f, 0xff, 0xe0, 0x44, 0x43,

    /* U+005C "\\" */
    0x5f, 0x60, 0x0, 0x1, 0xfa, 0x0, 0x0, 0xd,
    0xe0, 0x0, 0x0, 0x9f, 0x20, 0x0, 0x5, 0xf6,
    0x0, 0x0, 0x1f, 0xb0, 0x0, 0x0, 0xcf, 0x0,
    0x0, 0x8, 0xf3, 0x0, 0x0, 0x4f, 0x70, 0x0,
    0x0, 0xfc, 0x0, 0x0, 0xb, 0xf0, 0x0, 0x0,
    0x7f, 0x40, 0x0, 0x3, 0xf8, 0x0, 0x0, 0xf,
    0xc0, 0x0, 0x0, 0xbf, 0x10, 0x0, 0x6, 0xf5,
    0x0, 0x0, 0x2f, 0x90,

    /* U+005D "]" */
    0x2f, 0xff, 0xf0, 0x55, 0xff, 0x0, 0xf, 0xf0,
    0x0, 0xff, 0x0, 0xf, 0xf0, 0x0, 0xff, 0x0,
    0xf, 0xf0, 0x0, 0xff, 0x0, 0xf, 0xf0, 0x0,
    0xff, 0x0, 0xf, 0xf0, 0x0, 0xff, 0x0, 0xf,
    0xf0, 0x0, 0xff, 0x0, 0xf, 0xf0, 0x11, 0xff,
    0x2f, 0xff, 0xf0, 0x44, 0x44,

    /* U+005E "^" */
    0x0, 0xe, 0xf9, 0x0, 0x0, 0x5, 0xff, 0xe0,
    0x0, 0x0, 0xcf, 0xdf, 0x50, 0x0, 0x2f, 0xd4,
    0xfc, 0x0, 0x8, 0xf8, 0xe, 0xf2, 0x0, 0xef,
    0x20, 0x9f, 0x80, 0x5f, 0xd0, 0x3, 0xfe, 0xb,
    0xf7, 0x0, 0xd, 0xf5,

    /* U+005F "_" */
    0x12, 0x22, 0x22, 0x22, 0x22, 0xbf, 0xff, 0xff,
    0xff, 0xff, 0x35, 0x55, 0x55, 0x55, 0x55,

    /* U+0060 "`" */
    0x7, 0x77, 0x0, 0x0, 0x4f, 0xf9, 0x0, 0x0,
    0x4f, 0xf4, 0x0, 0x0, 0x4f, 0xe1,

    /* U+0061 "a" */
    0x0, 0x4a, 0xdf, 0xd7, 0x0, 0x7, 0xff, 0xff,
    0xff, 0x90, 0x1, 0xb5, 0x22, 0xcf, 0xf1, 0x0,
    0x0, 0x2, 0x8f, 0xf3, 0x0, 0x4a, 0xff, 0xff,
    0xf5, 0x6, 0xff, 0xb6, 0x7f, 0xf5, 0xe, 0xf9,
    0x0, 0x4f, 0xf5, 0xf, 0xfb, 0x13, 0xcf, 0xf5,
    0xb, 0xff, 0xff, 0xff, 0xf5, 0x1, 0xae, 0xe9,
    0x1d, 0xf5,

    /* U+0062 "b" */
    0x9f, 0xf0, 0x0, 0x0, 0x0, 0x9f, 0xf0, 0x0,
    0x0, 0x0, 0x9f, 0xf0, 0x0, 0x0, 0x0, 0x9f,
    0xf0, 0x0, 0x0, 0x0, 0x9f, 0xf3, 0xbe, 0xd8,
    0x0, 0x9f, 0xff, 0xff, 0xff, 0xc0, 0x9f, 0xfb,
    0x33, 0xcf, 0xf4, 0x9f, 0xf1, 0x0, 0x2f, 0xf9,
    0x9f, 0xf0, 0x0, 0xf, 0xfb, 0x9f, 0xf0, 0x0,
    0xf, 0xfa, 0x9f, 0xf0, 0x0, 0x4f, 0xf7, 0x9f,
    0xf9, 0x24, 0xdf, 0xf2, 0x9f, 0xff, 0xff, 0xff,
    0x70, 0x9f, 0x94, 0xcf, 0xc5, 0x0,

    /* U+0063 "c" */
    0x0, 0x6, 0xbe, 0xea, 0x20, 0xb, 0xff, 0xff,
    0xf8, 0x8, 0xff, 0xb3, 0x26, 0x0, 0xef, 0xd0,
    0x0, 0x0, 0x1f, 0xf9, 0x0, 0x0, 0x1, 0xff,
    0x80, 0x0, 0x0, 0xe, 0xfd, 0x0, 0x0, 0x0,
    0x9f, 0xfa, 0x32, 0x82, 0x0, 0xdf, 0xff, 0xff,
    0xc0, 0x0, 0x7c, 0xfd, 0xa1,

    /* U+0064 "d" */
    0x0, 0x0, 0x0, 0x7, 0xff, 0x20, 0x0, 0x0,
    0x0, 0x7f, 0xf2, 0x0, 0x0, 0x0, 0x7, 0xff,
    0x20, 0x0, 0x0, 0x0, 0x7f, 0xf2, 0x0, 0x9,
    0xde, 0xa8, 0xff, 0x20, 0xd, 0xff, 0xff, 0xff,
    0xf2, 0x8, 0xff, 0x92, 0x4c, 0xff, 0x20, 0xef,
    0xd0, 0x0, 0x7f, 0xf2, 0x1f, 0xf9, 0x0, 0x7,
    0xff, 0x21, 0xff, 0x90, 0x0, 0x7f, 0xf2, 0xf,
    0xfd, 0x0, 0x7, 0xff, 0x20, 0xaf, 0xf8, 0x25,
    0xef, 0xf2, 0x2, 0xff, 0xff, 0xff, 0xff, 0x20,
    0x2, 0xbe, 0xe9, 0x2f, 0xf2,

    /* U+0065 "e" */
    0x0, 0x7, 0xcf, 0xc8, 0x0, 0x0, 0xcf, 0xff,
    0xff, 0xb0, 0x8, 0xff, 0x40, 0x3f, 0xf4, 0xe,
    0xf7, 0x0, 0xb, 0xf8, 0x1f, 0xff, 0xff, 0xff,
    0xfa, 0x1f, 0xfd, 0xbb, 0xbb, 0xb7, 0xe, 0xf9,
    0x0, 0x0, 0x0, 0x8, 0xff, 0x71, 0x3, 0x50,
    0x0, 0xcf, 0xff, 0xff, 0xf1, 0x0, 0x7, 0xcf,
    0xeb, 0x40,

    /* U+0066 "f" */
    0x0, 0x9, 0xdf, 0xd2, 0x0, 0xaf, 0xff, 0xf0,
    0x0, 0xff, 0xc1, 0x10, 0x1, 0xff, 0x80, 0x0,
    0x8f, 0xff, 0xff, 0x60, 0x9f, 0xff, 0xff, 0x60,
    0x2, 0xff, 0x80, 0x0, 0x1, 0xff, 0x70, 0x0,
    0x1, 0xff, 0x70, 0x0, 0x1, 0xff, 0x70, 0x0,
    0x1, 0xff, 0x70, 0x0, 0x1, 0xff, 0x70, 0x0,
    0x1, 0xff, 0x70, 0x0, 0x1, 0xff, 0x70, 0x0,

    /* U+0067 "g" */
    0x0, 0x3b, 0xef, 0xff, 0xff, 0x40, 0x4f, 0xff,
    0xef, 0xff, 0xe4, 0xb, 0xfd, 0x0, 0xaf, 0xc0,
    0x0, 0xdf, 0xa0, 0x6, 0xff, 0x0, 0x9, 0xff,
    0x32, 0xcf, 0xc0, 0x0, 0xd, 0xff, 0xff, 0xe2,
    0x0, 0x3, 0xfc, 0x78, 0x60, 0x0, 0x0, 0x9f,
    0x90, 0x0, 0x0, 0x0, 0x7, 0xff, 0xff, 0xfe,
    0xc4, 0x0, 0x1e, 0xff, 0xff, 0xff, 0xf3, 0xd,
    0xf2, 0x0, 0x6, 0xff, 0x62, 0xff, 0x20, 0x0,
    0x6f, 0xf2, 0xd, 0xff, 0xca, 0xcf, 0xf7, 0x0,
    0x19, 0xdf, 0xfd, 0x93, 0x0,

    /* U+0068 "h" */
    0x9f, 0xf0, 0x0, 0x0, 0x0, 0x9f, 0xf0, 0x0,
    0x0, 0x0, 0x9f, 0xf0, 0x0, 0x0, 0x0, 0x9f,
    0xf0, 0x0, 0x0, 0x0, 0x9f, 0xf1, 0x9d, 0xea,
    0x10, 0x9f, 0xfe, 0xff, 0xff, 0xa0, 0x9f, 0xfd,
    0x54, 0xdf, 0xf0, 0x9f, 0xf1, 0x0, 0x8f, 0xf2,
    0x9f, 0xf0, 0x0, 0x6f, 0xf3, 0x9f, 0xf0, 0x0,
    0x6f, 0xf3, 0x9f, 0xf0, 0x0, 0x6f, 0xf3, 0x9f,
    0xf0, 0x0, 0x6f, 0xf3, 0x9f, 0xf0, 0x0, 0x6f,
    0xf3, 0x9f, 0xf0, 0x0, 0x6f, 0xf3,

    /* U+0069 "i" */
    0x5e, 0xb0, 0xbf, 0xf2, 0x3b, 0x80, 0x0, 0x0,
    0x9f, 0xf0, 0x9f, 0xf0, 0x9f, 0xf0, 0x9f, 0xf0,
    0x9f, 0xf0, 0x9f, 0xf0, 0x9f, 0xf0, 0x9f, 0xf0,
    0x9f, 0xf0, 0x9f, 0xf0,

    /* U+006A "j" */
    0x0, 0x5e, 0xb0, 0x0, 0xaf, 0xf2, 0x0, 0x3b,
    0x80, 0x0, 0x0, 0x0, 0x0, 0x8f, 0xf1, 0x0,
    0x8f, 0xf1, 0x0, 0x8f, 0xf1, 0x0, 0x8f, 0xf1,
    0x0, 0x8f, 0xf1, 0x0, 0x8f, 0xf1, 0x0, 0x8f,
    0xf1, 0x0, 0x8f, 0xf1, 0x0, 0x8f, 0xf1, 0x0,
    0x8f, 0xf1, 0x0, 0x9f, 0xf1, 0x2, 0xdf, 0xf0,
    0xaf, 0xff, 0x80, 0xcf, 0xd8, 0x0,

    /* U+006B "k" */
    0x9f, 0xf0, 0x0, 0x0, 0x0, 0x9f, 0xf0, 0x0,
    0x0, 0x0, 0x9f, 0xf0, 0x0, 0x0, 0x0, 0x9f,
    0xf0, 0x0, 0x0, 0x0, 0x9f, 0xf0, 0x0, 0xdf,
    0xe1, 0x9f, 0xf0, 0xa, 0xff, 0x30, 0x9f, 0xf0,
    0x7f, 0xf5, 0x0, 0x9f, 0xf4, 0xff, 0x80, 0x0,
    0x9f, 0xff, 0xff, 0x30, 0x0, 0x9f, 0xff, 0xff,
    0xd0, 0x0, 0x9f, 0xfd, 0x3f, 0xf8, 0x0, 0x9f,
    0xf2, 0x9, 0xff, 0x20, 0x9f, 0xf0, 0x1, 0xef,
    0xc0, 0x9f, 0xf0, 0x0, 0x6f, 0xf7,

    /* U+006C "l" */
    0x9f, 0xf0, 0x9, 0xff, 0x0, 0x9f, 0xf0, 0x9,
    0xff, 0x0, 0x9f, 0xf0, 0x9, 0xff, 0x0, 0x9f,
    0xf0, 0x9, 0xff, 0x0, 0x9f, 0xf0, 0x9, 0xff,
    0x0, 0x9f, 0xf0, 0x8, 0xff, 0x30, 0x5f, 0xff,
    0x0, 0x9e, 0xe2,

    /* U+006D "m" */
    0x9f, 0xa1, 0xae, 0xd8, 0x1, 0x9e, 0xe8, 0x0,
    0x9f, 0xee, 0xff, 0xff, 0xae, 0xff, 0xff, 0x70,
    0x9f, 0xfd, 0x55, 0xff, 0xfd, 0x55, 0xff, 0xd0,
    0x9f, 0xf1, 0x0, 0xaf, 0xf1, 0x0, 0xbf, 0xf0,
    0x9f, 0xf0, 0x0, 0x9f, 0xf0, 0x0, 0x9f, 0xf0,
    0x9f, 0xf0, 0x0, 0x9f, 0xf0, 0x0, 0x9f, 0xf0,
    0x9f, 0xf0, 0x0, 0x9f, 0xf0, 0x0, 0x9f, 0xf0,
    0x9f, 0xf0, 0x0, 0x9f, 0xf0, 0x0, 0x9f, 0xf0,
    0x9f, 0xf0, 0x0, 0x9f, 0xf0, 0x0, 0x9f, 0xf0,
    0x9f, 0xf0, 0x0, 0x9f, 0xf0, 0x0, 0x9f, 0xf0,

    /* U+006E "n" */
    0x9f, 0xa1, 0x9d, 0xea, 0x10, 0x9f, 0xee, 0xff,
    0xff, 0xa0, 0x9f, 0xfd, 0x54, 0xdf, 0xf0, 0x9f,
    0xf1, 0x0, 0x8f, 0xf2, 0x9f, 0xf0, 0x0, 0x6f,
    0xf3, 0x9f, 0xf0, 0x0, 0x6f, 0xf3, 0x9f, 0xf0,
    0x0, 0x6f, 0xf3, 0x9f, 0xf0, 0x0, 0x6f, 0xf3,
    0x9f, 0xf0, 0x0, 0x6f, 0xf3, 0x9f, 0xf0, 0x0,
    0x6f, 0xf3,

    /* U+006F "o" */
    0x0, 0x7, 0xcf, 0xd9, 0x10, 0x0, 0xc, 0xff,
    0xff, 0xfe, 0x20, 0x8, 0xff, 0x82, 0x5f, 0xfc,
    0x0, 0xef, 0xc0, 0x0, 0x8f, 0xf2, 0x1f, 0xf8,
    0x0, 0x4, 0xff, 0x51, 0xff, 0x80, 0x0, 0x4f,
    0xf5, 0xe, 0xfc, 0x0, 0x8, 0xff, 0x20, 0x8f,
    0xf8, 0x25, 0xff, 0xc0, 0x0, 0xcf, 0xff, 0xff,
    0xe2, 0x0, 0x0, 0x7c, 0xfd, 0x91, 0x0,

    /* U+0070 "p" */
    0x9f, 0xa3, 0xbe, 0xd8, 0x0, 0x9f, 0xff, 0xff,
    0xff, 0xc0, 0x9f, 0xfb, 0x33, 0xcf, 0xf4, 0x9f,
    0xf1, 0x0, 0x2f, 0xf9, 0x9f, 0xf0, 0x0, 0xf,
    0xfb, 0x9f, 0xf0, 0x0, 0xf, 0xfa, 0x9f, 0xf0,
    0x0, 0x4f, 0xf7, 0x9f, 0xf9, 0x24, 0xdf, 0xf2,
    0x9f, 0xff, 0xff, 0xff, 0x70, 0x9f, 0xf4, 0xcf,
    0xc5, 0x0, 0x9f, 0xf0, 0x0, 0x0, 0x0, 0x9f,
    0xf0, 0x0, 0x0, 0x0, 0x9f, 0xf0, 0x0, 0x0,
    0x0, 0x9f, 0xf0, 0x0, 0x0, 0x0,

    /* U+0071 "q" */
    0x0, 0x9, 0xde, 0xb2, 0xff, 0x20, 0xd, 0xff,
    0xff, 0xff, 0xf2, 0x8, 0xff, 0x92, 0x4c, 0xff,
    0x20, 0xef, 0xd0, 0x0, 0x7f, 0xf2, 0x1f, 0xf9,
    0x0, 0x7, 0xff, 0x21, 0xff, 0x90, 0x0, 0x7f,
    0xf2, 0xf, 0xfd, 0x0, 0x7, 0xff, 0x20, 0xaf,
    0xf8, 0x25, 0xef, 0xf2, 0x2, 0xff, 0xff, 0xff,
    0xff, 0x20, 0x2, 0xbe, 0xe9, 0x7f, 0xf2, 0x0,
    0x0, 0x0, 0x7, 0xff, 0x20, 0x0, 0x0, 0x0,
    0x7f, 0xf2, 0x0, 0x0, 0x0, 0x7, 0xff, 0x20,
    0x0, 0x0, 0x0, 0x7f, 0xf2,

    /* U+0072 "r" */
    0x9f, 0xa0, 0x9e, 0xb9, 0xfc, 0xbf, 0xf8, 0x9f,
    0xff, 0x95, 0x29, 0xff, 0x70, 0x0, 0x9f, 0xf1,
    0x0, 0x9, 0xff, 0x0, 0x0, 0x9f, 0xf0, 0x0,
    0x9, 0xff, 0x0, 0x0, 0x9f, 0xf0, 0x0, 0x9,
    0xff, 0x0, 0x0,

    /* U+0073 "s" */
    0x0, 0x6d, 0xfd, 0xa3, 0x0, 0x8f, 0xff, 0xff,
    0xe0, 0xe, 0xfb, 0x0, 0x53, 0x0, 0xdf, 0xe3,
    0x0, 0x0, 0x4, 0xef, 0xfd, 0x50, 0x0, 0x1,
    0x8f, 0xff, 0xb0, 0x0, 0x0, 0x8, 0xff, 0x30,
    0x96, 0x0, 0x6f, 0xf3, 0x4f, 0xff, 0xff, 0xfc,
    0x0, 0x3a, 0xdf, 0xd8, 0x10,

    /* U+0074 "t" */
    0x0, 0xcf, 0x60, 0x0, 0x0, 0xef, 0x60, 0x0,
    0x0, 0xff, 0x60, 0x0, 0x8f, 0xff, 0xff, 0xe0,
    0x9f, 0xff, 0xff, 0xe0, 0x3, 0xff, 0x70, 0x0,
    0x3, 0xff, 0x60, 0x0, 0x3, 0xff, 0x60, 0x0,
    0x3, 0xff, 0x60, 0x0, 0x2, 0xff, 0x70, 0x0,
    0x1, 0xff, 0xc2, 0x10, 0x0, 0xbf, 0xff, 0xf0,
    0x0, 0x1a, 0xef, 0xd1,

    /* U+0075 "u" */
    0xaf, 0xe0, 0x0, 0x9f, 0xf0, 0xaf, 0xe0, 0x0,
    0x9f, 0xf0, 0xaf, 0xe0, 0x0, 0x9f, 0xf0, 0xaf,
    0xe0, 0x0, 0x9f, 0xf0, 0xaf, 0xe0, 0x0, 0x9f,
    0xf0, 0xaf, 0xf0, 0x0, 0x9f, 0xf0, 0xaf, 0xf0,
    0x0, 0xaf, 0xf0, 0x8f, 0xf8, 0x49, 0xff, 0xf0,
    0x2f, 0xff, 0xff, 0xbf, 0xf0, 0x5, 0xdf, 0xb5,
    0x2f, 0xf0,

    /* U+0076 "v" */
    0x9f, 0xf1, 0x0, 0x9, 0xfe, 0x3, 0xff, 0x50,
    0x0, 0xdf, 0x90, 0xe, 0xfa, 0x0, 0x2f, 0xf4,
    0x0, 0x8f, 0xe0, 0x7, 0xfe, 0x0, 0x3, 0xff,
    0x30, 0xbf, 0x90, 0x0, 0xd, 0xf8, 0xf, 0xf4,
    0x0, 0x0, 0x8f, 0xc4, 0xfe, 0x0, 0x0, 0x2,
    0xff, 0xaf, 0x90, 0x0, 0x0, 0xd, 0xff, 0xf3,
    0x0, 0x0, 0x0, 0x7f, 0xfe, 0x0, 0x0,

    /* U+0077 "w" */
    0x5f, 0xf3, 0x0, 0x7f, 0xf2, 0x0, 0x8f, 0xe0,
    0x1f, 0xf7, 0x0, 0xbf, 0xf6, 0x0, 0xcf, 0xa0,
    0xd, 0xfb, 0x0, 0xff, 0xfa, 0x0, 0xff, 0x60,
    0x9, 0xfe, 0x3, 0xf9, 0xfe, 0x3, 0xff, 0x20,
    0x5, 0xff, 0x27, 0xf5, 0xdf, 0x26, 0xfe, 0x0,
    0x1, 0xff, 0x5a, 0xf2, 0xaf, 0x69, 0xfa, 0x0,
    0x0, 0xdf, 0x7e, 0xe0, 0x6f, 0x9c, 0xf6, 0x0,
    0x0, 0x8f, 0xcf, 0xb0, 0x2f, 0xdf, 0xf2, 0x0,
    0x0, 0x4f, 0xff, 0x70, 0xe, 0xff, 0xe0, 0x0,
    0x0, 0xf, 0xff, 0x30, 0xa, 0xff, 0xa0, 0x0,

    /* U+0078 "x" */
    0x3f, 0xf9, 0x0, 0x5f, 0xf5, 0x9, 0xff, 0x30,
    0xdf, 0xc0, 0x1, 0xef, 0xb4, 0xff, 0x20, 0x0,
    0x5f, 0xfd, 0xf9, 0x0, 0x0, 0xc, 0xff, 0xe1,
    0x0, 0x0, 0x1e, 0xff, 0xe0, 0x0, 0x0, 0x9f,
    0xdf, 0xf9, 0x0, 0x3, 0xff, 0x47, 0xff, 0x30,
    0xc, 0xfc, 0x0, 0xef, 0xd0, 0x6f, 0xf4, 0x0,
    0x5f, 0xf8,

    /* U+0079 "y" */
    0x8f, 0xf1, 0x0, 0x9, 0xfe, 0x2, 0xff, 0x60,
    0x0, 0xef, 0x90, 0xc, 0xfc, 0x0, 0x3f, 0xf3,
    0x0, 0x5f, 0xf2, 0x7, 0xfd, 0x0, 0x0, 0xef,
    0x70, 0xcf, 0x80, 0x0, 0x8, 0xfc, 0xf, 0xf2,
    0x0, 0x0, 0x2f, 0xf6, 0xfd, 0x0, 0x0, 0x0,
    0xcf, 0xef, 0x70, 0x0, 0x0, 0x5, 0xff, 0xf2,
    0x0, 0x0, 0x0, 0xf, 0xfc, 0x0, 0x0, 0x0,
    0x1, 0xff, 0x60, 0x0, 0x0, 0x2, 0xbf, 0xe0,
    0x0, 0x0, 0xc, 0xff, 0xf5, 0x0, 0x0, 0x0,
    0xdf, 0xc4, 0x0, 0x0, 0x0,

    /* U+007A "z" */
    0xc, 0xff, 0xff, 0xff, 0x80, 0xcf, 0xff, 0xff,
    0xf6, 0x0, 0x0, 0x2f, 0xfc, 0x0, 0x0, 0xb,
    0xff, 0x20, 0x0, 0x7, 0xff, 0x60, 0x0, 0x2,
    0xff, 0xb0, 0x0, 0x0, 0xcf, 0xe1, 0x0, 0x0,
    0x7f, 0xf6, 0x0, 0x0, 0x2f, 0xff, 0xff, 0xff,
    0xb4, 0xff, 0xff, 0xff, 0xfb,

    /* U+007B "{" */
    0x0, 0x1b, 0xfe, 0x0, 0x9f, 0xd6, 0x0, 0xbf,
    0x60, 0x0, 0xcf, 0x50, 0x0, 0xbf, 0x60, 0x0,
    0xaf, 0x60, 0x0, 0xaf, 0x60, 0x3, 0xef, 0x40,
    0x5f, 0xf7, 0x0, 0x3b, 0xfd, 0x10, 0x0, 0xcf,
    0x50, 0x0, 0xaf, 0x60, 0x0, 0xaf, 0x60, 0x0,
    0xbf, 0x50, 0x0, 0xcf, 0x50, 0x0, 0xaf, 0xa1,
    0x0, 0x4f, 0xfe, 0x0, 0x1, 0x33,

    /* U+007C "|" */
    0x2c, 0x63, 0xf8, 0x3f, 0x83, 0xf8, 0x3f, 0x83,
    0xf8, 0x3f, 0x83, 0xf8, 0x3f, 0x83, 0xf8, 0x3f,
    0x83, 0xf8, 0x3f, 0x83, 0xf8, 0x3f, 0x83, 0xf8,
    0x3f, 0x83, 0xf8, 0x3f, 0x83, 0xf8,

    /* U+007D "}" */
    0x2f, 0xfa, 0x0, 0x0, 0x7e, 0xf6, 0x0, 0x0,
    0x9f, 0x80, 0x0, 0x9, 0xf8, 0x0, 0x0, 0x9f,
    0x80, 0x0, 0x9, 0xf7, 0x0, 0x0, 0x9f, 0x70,
    0x0, 0x7, 0xfd, 0x10, 0x0, 0x9, 0xff, 0x20,
    0x3, 0xef, 0xa1, 0x0, 0x9f, 0x90, 0x0, 0xa,
    0xf6, 0x0, 0x0, 0x9f, 0x70, 0x0, 0x9, 0xf8,
    0x0, 0x0, 0x9f, 0x90, 0x0, 0x2c, 0xf7, 0x0,
    0x2f, 0xfe, 0x10, 0x0, 0x43, 0x0, 0x0,

    /* U+007E "~" */
    0x2, 0xae, 0xd6, 0x0, 0x73, 0x1e, 0xfe, 0xff,
    0xfe, 0xfa, 0x6, 0x40, 0x19, 0xed, 0x80,

    /* U+00B7 "·" */
    0x0, 0x55, 0x0, 0xc, 0xff, 0xc0, 0x3f, 0xff,
    0xf3, 0x2f, 0xff, 0xf1, 0x6, 0xee, 0x60,

    /* U+2026 "…" */
    0x9, 0x90, 0x0, 0x9, 0x90, 0x0, 0x9, 0x90,
    0x5f, 0xf5, 0x0, 0x5f, 0xf5, 0x0, 0x5f, 0xf5,
    0x1c, 0xc1, 0x0, 0x1c, 0xc1, 0x0, 0x1c, 0xc1,

    /* U+25B2 "▲" */
    0x0, 0x0, 0x0, 0x0, 0x33, 0x0, 0x0, 0x0,
    0x0, 0x0, 0x0, 0x0, 0x0, 0xcc, 0x0, 0x0,
    0x0, 0x0, 0x0, 0x0, 0x0, 0x5, 0xff, 0x50,
    0x0, 0x0, 0x0, 0x0, 0x0, 0x0, 0xe, 0xff,
    0xe0, 0x0, 0x0, 0x0, 0x0, 0x0, 0x0, 0x8f,
    0xff, 0xf8, 0x0, 0x0, 0x0, 0x0, 0x0, 0x2,
    0xff, 0xff, 0xff, 0x20, 0x0, 0x0, 0x0, 0x0,
    0xa, 0xff, 0xff, 0xff, 0xa0, 0x0, 0x0, 0x0,
    0x0, 0x4f, 0xff, 0xff, 0xff, 0xf4, 0x0, 0x0,
    0x0, 0x0, 0xdf, 0xff, 0xff, 0xff, 0xfd, 0x0,
    0x0, 0x0, 0x6, 0xff, 0xff, 0xff, 0xff, 0xff,
    0x60, 0x0, 0x0, 0x1e, 0xff, 0xff, 0xff, 0xff,
    0xff, 0xe1, 0x0, 0x0, 0x8f, 0xff, 0xff, 0xff,
    0xff, 0xff, 0xf8, 0x0, 0x2, 0xff, 0xff, 0xff,
    0xff, 0xff, 0xff, 0xff, 0x20, 0xb, 0xff, 0xff,
    0xff, 0xff, 0xff, 0xff, 0xff, 0xb0, 0x2c, 0xcc,
    0xcc, 0xcc, 0xcc, 0xcc, 0xcc, 0xcc, 0xc2,

    /* U+25B6 "▶" */
    0x0, 0x0, 0x0, 0x0, 0x0, 0x0, 0x0, 0xc,
    0x70, 0x0, 0x0, 0x0, 0x0, 0x0, 0x0, 0xcf,
    0xe5, 0x0, 0x0, 0x0, 0x0, 0x0, 0xc, 0xff,
    0xfc, 0x30, 0x0, 0x0, 0x0, 0x0, 0xcf, 0xff,
    0xff, 0x91, 0x0, 0x0, 0x0, 0xc, 0xff, 0xff,
    0xff, 0xf7, 0x0, 0x0, 0x0, 0xcf, 0xff, 0xff,
    0xff, 0xfd, 0x40, 0x0, 0xc, 0xff, 0xff, 0xff,
    0xff, 0xff, 0xb2, 0x0, 0xcf, 0xff, 0xff, 0xff,
    0xff, 0xff, 0xf8, 0xc, 0xff, 0xff, 0xff, 0xff,
    0xff, 0xff, 0xe5, 0xcf, 0xff, 0xff, 0xff, 0xff,
    0xff, 0x91, 0xc, 0xff, 0xff, 0xff, 0xff, 0xfb,
    0x20, 0x0, 0xcf, 0xff, 0xff, 0xff, 0xd4, 0x0,
    0x0, 0xc, 0xff, 0xff, 0xff, 0x70, 0x0, 0x0,
    0x0, 0xcf, 0xff, 0xf9, 0x10, 0x0, 0x0, 0x0,
    0xc, 0xff, 0xc3, 0x0, 0x0, 0x0, 0x0, 0x0,
    0xce, 0x50, 0x0, 0x0, 0x0, 0x0, 0x0, 0x5,
    0x0, 0x0, 0x0, 0x0, 0x0, 0x0, 0x0,

    /* U+25BC "▼" */
    0x27, 0x77, 0x77, 0x77, 0x77, 0x77, 0x77, 0x77,
    0x72, 0xd, 0xff, 0xff, 0xff, 0xff, 0xff, 0xff,
    0xff, 0xd0, 0x5, 0xff, 0xff, 0xff, 0xff, 0xff,
    0xff, 0xff, 0x50, 0x0, 0xbf, 0xff, 0xff, 0xff,
    0xff, 0xff, 0xfb, 0x0, 0x0, 0x2f, 0xff, 0xff,
    0xff, 0xff, 0xff, 0xf2, 0x0, 0x0, 0x9, 0xff,
    0xff, 0xff, 0xff, 0xff, 0x90, 0x0, 0x0, 0x1,
    0xef, 0xff, 0xff, 0xff, 0xfe, 0x10, 0x0, 0x0,
    0x0, 0x6f, 0xff, 0xff, 0xff, 0xf6, 0x0, 0x0,
    0x0, 0x0, 0xd, 0xff, 0xff, 0xff, 0xd0, 0x0,
    0x0, 0x0, 0x0, 0x4, 0xff, 0xff, 0xff, 0x40,
    0x0, 0x0, 0x0, 0x0, 0x0, 0xbf, 0xff, 0xfb,
    0x0, 0x0, 0x0, 0x0, 0x0, 0x0, 0x2f, 0xff,
    0xf2, 0x0, 0x0, 0x0, 0x0, 0x0, 0x0, 0x8,
    0xff, 0x80, 0x0, 0x0, 0x0, 0x0, 0x0, 0x0,
    0x0, 0xee, 0x0, 0x0, 0x0, 0x0, 0x0, 0x0,
    0x0, 0x0, 0x66, 0x0, 0x0, 0x0, 0x0, 0x0,
    0x0, 0x0, 0x0, 0x0, 0x0, 0x0, 0x0, 0x0,

    /* U+25C0 "◀" */
    0x0, 0x0, 0x0, 0x0, 0x0, 0x0, 0x0, 0x0,
    0x0, 0x0, 0x0, 0x0, 0x0, 0x0, 0x7c, 0x0,
    0x0, 0x0, 0x0, 0x0, 0x5, 0xef, 0xc0, 0x0,
    0x0, 0x0, 0x0, 0x3c, 0xff, 0xfc, 0x0, 0x0,
    0x0, 0x1, 0x9f, 0xff, 0xff, 0xc0, 0x0, 0x0,
    0x7, 0xff, 0xff, 0xff, 0xfc, 0x0, 0x0, 0x4d,
    0xff, 0xff, 0xff, 0xff, 0xc0, 0x2, 0xbf, 0xff,
    0xff, 0xff, 0xff, 0xfc, 0x8, 0xff, 0xff, 0xff,
    0xff, 0xff, 0xff, 0xc5, 0xef, 0xff, 0xff, 0xff,
    0xff, 0xff, 0xfc, 0x1, 0x9f, 0xff, 0xff, 0xff,
    0xff, 0xff, 0xc0, 0x0, 0x2b, 0xff, 0xff, 0xff,
    0xff, 0xfc, 0x0, 0x0, 0x4, 0xdf, 0xff, 0xff,
    0xff, 0xc0, 0x0, 0x0, 0x0, 0x7f, 0xff, 0xff,
    0xfc, 0x0, 0x0, 0x0, 0x0, 0x19, 0xff, 0xff,
    0xc0, 0x0, 0x0, 0x0, 0x0, 0x3, 0xcf, 0xfc,
    0x0, 0x0, 0x0, 0x0, 0x0, 0x0, 0x5e, 0xc0,
    0x0, 0x0, 0x0, 0x0, 0x0, 0x0, 0x5,

    /* U+25C6 "◆" */
    0x0, 0x0, 0x0, 0x0, 0x33, 0x0, 0x0, 0x0,
    0x0, 0x0, 0x0, 0x0, 0x3, 0xee, 0x30, 0x0,
    0x0, 0x0, 0x0, 0x0, 0x0, 0x3e, 0xff, 0xe3,
    0x0, 0x0, 0x0, 0x0, 0x0, 0x3, 0xef, 0xff,
    0xfe, 0x30, 0x0, 0x0, 0x0, 0x0, 0x3e, 0xff,
    0xff, 0xff, 0xe3, 0x0, 0x0, 0x0, 0x3, 0xef,
    0xff, 0xff, 0xff, 0xfe, 0x30, 0x0, 0x0, 0x3e,
    0xff, 0xff, 0xff, 0xff, 0xff, 0xe3, 0x0, 0x3,
    0xef, 0xff, 0xff, 0xff, 0xff, 0xff, 0xfe, 0x30,
    0x3e, 0xff, 0xff, 0xff, 0xff, 0xff, 0xff, 0xff,
    0xe3, 0x6f, 0xff, 0xff, 0xff, 0xff, 0xff, 0xff,
    0xff, 0xf6, 0x7, 0xff, 0xff, 0xff, 0xff, 0xff,
    0xff, 0xff, 0x70, 0x0, 0x7f, 0xff, 0xff, 0xff,
    0xff, 0xff, 0xf7, 0x0, 0x0, 0x7, 0xff, 0xff,
    0xff, 0xff, 0xff, 0x70, 0x0, 0x0, 0x0, 0x7f,
    0xff, 0xff, 0xff, 0xf7, 0x0, 0x0, 0x0, 0x0,
    0x7, 0xff, 0xff, 0xff, 0x70, 0x0, 0x0, 0x0,
    0x0, 0x0, 0x7f, 0xff, 0xf7, 0x0, 0x0, 0x0,
    0x0, 0x0, 0x0, 0x7, 0xff, 0x70, 0x0, 0x0,
    0x0, 0x0, 0x0, 0x0, 0x0, 0x77, 0x0, 0x0,
    0x0, 0x0,

    /* U+2605 "★" */
    0x0, 0x0, 0x0, 0x0, 0x22, 0x0, 0x0, 0x0,
    0x0, 0x0, 0x0, 0x0, 0x0, 0x77, 0x0, 0x0,
    0x0, 0x0, 0x0, 0x0, 0x0, 0x0, 0xcc, 0x0,
    0x0, 0x0, 0x0, 0x0, 0x0, 0x0, 0x2, 0xff,
    0x20, 0x0, 0x0, 0x0, 0x0, 0x0, 0x0, 0x7,
    0xff, 0x70, 0x0, 0x0, 0x0, 0x0, 0x0, 0x0,
    0xc, 0xff, 0xc0, 0x0, 0x0, 0x0, 0x1a, 0xbb,
    0xbb, 0xcf, 0xff, 0xfc, 0xbb, 0xbb, 0xa1, 0x1,
    0xaf, 0xff, 0xff, 0xff, 0xff, 0xff, 0xfa, 0x10,
    0x0, 0x6, 0xff, 0xff, 0xff, 0xff, 0xff, 0x60,
    0x0, 0x0, 0x0, 0x2d, 0xff, 0xff, 0xff, 0xd2,
    0x0, 0x0, 0x0, 0x0, 0x6, 0xff, 0xff, 0xff,
    0x60, 0x0, 0x0, 0x0, 0x0, 0xb, 0xff, 0xff,
    0xff, 0xb0, 0x0, 0x0, 0x0, 0x0, 0x1f, 0xff,
    0xcc, 0xff, 0xf1, 0x0, 0x0, 0x0, 0x0, 0x5f,
    0xf7, 0x0, 0x7f, 0xf5, 0x0, 0x0, 0x0, 0x0,
    0xbe, 0x30, 0x0, 0x3, 0xeb, 0x0, 0x0, 0x0,
    0x0, 0xa1, 0x0, 0x0, 0x0, 0x1a, 0x0, 0x0,
    0x0, 0x0, 0x0, 0x0, 0x0, 0x0, 0x0, 0x0,
    0x0,

    /* U+4E00 "一" */
    0x2, 0x22, 0x22, 0x22, 0x22, 0x22, 0x22, 0x22,
    0x21, 0x1f, 0xff, 0xff, 0xff, 0xff, 0xff, 0xff,
    0xff, 0xf9, 0x1f, 0xff, 0xff, 0xff, 0xff, 0xff,
    0xff, 0xff, 0xf9, 0x2, 0x22, 0x22, 0x22, 0x22,
    0x22, 0x22, 0x22, 0x21,

    /* U+4E0A "上" */
    0x0, 0x0, 0x0, 0xb, 0xf9, 0x0, 0x0, 0x0,
    0x0, 0x0, 0x0, 0x0, 0xb, 0xf9, 0x0, 0x0,
    0x0, 0x0, 0x0, 0x0, 0x0, 0xb, 0xf9, 0x0,
    0x0, 0x0, 0x0, 0x0, 0x0, 0x0, 0xb, 0xf9,
    0x0, 0x0, 0x0, 0x0, 0x0, 0x0, 0x0, 0xb,
    0xf9, 0x0, 0x0, 0x0, 0x0, 0x0, 0x0, 0x0,
    0xb, 0xff, 0xff, 0xff, 0xfe, 0x0, 0x0, 0x0,
    0x0, 0xb, 0xff, 0xff, 0xff, 0xff, 0x0, 0x0,
    0x0, 0x0, 0xb, 0xfa, 0x33, 0x33, 0x33, 0x0,
    0x0, 0x0, 0x0, 0xb, 0xf9, 0x0, 0x0, 0x0,
    0x0, 0x0, 0x0, 0x0, 0xb, 0xf9, 0x0, 0x0,
    0x0, 0x0, 0x0, 0x0, 0x0, 0xb, 0xf9, 0x0,
    0x0, 0x0, 0x0, 0x0, 0x0, 0x0, 0xb, 0xf9,
    0x0, 0x0, 0x0, 0x0, 0x0, 0x0, 0x0, 0xb,
    0xf9, 0x0, 0x0, 0x0, 0x0, 0x3, 0x33, 0x33,
    0x3c, 0xfa, 0x33, 0x33, 0x33, 0x30, 0x3f, 0xff,
    0xff, 0xff, 0xff, 0xff, 0xff, 0xff, 0xf3, 0x3e,
    0xee, 0xee, 0xee, 0xee, 0xee, 0xee, 0xee, 0xe3,

    /* U+4E0B "下" */
    0xf, 0xff, 0xff, 0xff, 0xff, 0xff, 0xff, 0xff,
    0xf1, 0xf, 0xff, 0xff, 0xff, 0xff, 0xff, 0xff,
    0xff, 0xf1, 0x3, 0x33, 0x33, 0x3a, 0xfd, 0x33,
    0x33, 0x33, 0x30, 0x0, 0x0, 0x0, 0x8, 0xfc,
    0x0, 0x0, 0x0, 0x0, 0x0, 0x0, 0x0, 0x8,
    0xfc, 0x10, 0x0, 0x0, 0x0, 0x0, 0x0, 0x0,
    0x8, 0xff, 0xf8, 0x10, 0x0, 0x0, 0x0, 0x0,
    0x0, 0x8, 0xff, 0xff, 0xe7, 0x0, 0x0, 0x0,
    0x0, 0x0, 0x8, 0xfd, 0x8f, 0xff, 0xc2, 0x0,
    0x0, 0x0, 0x0, 0x8, 0xfc, 0x3, 0xcf, 0xff,
    0x10, 0x0, 0x0, 0x0, 0x8, 0xfc, 0x0, 0x8,
    0xf8, 0x0, 0x0, 0x0, 0x0, 0x8, 0xfc, 0x0,
    0x0, 0x40, 0x0, 0x0, 0x0, 0x0, 0x8, 0xfc,
    0x0, 0x0, 0x0, 0x0, 0x0, 0x0, 0x0, 0x8,
    0xfc, 0x0, 0x0, 0x0, 0x0, 0x0, 0x0, 0x0,
    0x8, 0xfc, 0x0, 0x0, 0x0, 0x0, 0x0, 0x0,
    0x0, 0x8, 0xfc, 0x0, 0x0, 0x0, 0x0, 0x0,
    0x0, 0x0, 0x8, 0xfc, 0x0, 0x0, 0x0, 0x0,

    /* U+4E0E "与" */
    0x0, 0x0, 0xae, 0x80, 0x0, 0x0, 0x0, 0x0,
    0x0, 0x0, 0xd, 0xf8, 0x11, 0x11, 0x11, 0x11,
    0x10, 0x0, 0x0, 0xff, 0xff, 0xff, 0xff, 0xff,
    0xff, 0x0, 0x0, 0x2f, 0xff, 0xff, 0xff, 0xff,
    0xff, 0xf0, 0x0, 0x5, 0xfe, 0x0, 0x0, 0x0,
    0x0, 0x0, 0x0, 0x0, 0x9f, 0xa0, 0x0, 0x0,
    0x0, 0x0, 0x0, 0x0, 0xc, 0xfe, 0xcc, 0xcc,
    0xcc, 0xcc, 0xcc, 0x50, 0x0, 0xff, 0xff, 0xff,
    0xff, 0xff, 0xff, 0xf5, 0x0, 0x2, 0x22, 0x22,
    0x22, 0x22, 0x23, 0xff, 0x40, 0x0, 0x0, 0x0,
    0x0, 0x0, 0x0, 0x1f, 0xf2, 0x1e, 0xee, 0xee,
    0xee, 0xee, 0xee, 0x13, 0xff, 0x1, 0xff, 0xff,
    0xff, 0xff, 0xff, 0xf1, 0x5f, 0xe0, 0x2, 0x22,
    0x22, 0x22, 0x22, 0x22, 0x8, 0xfb, 0x0, 0x0,
    0x0, 0x0, 0x0, 0x0, 0x0, 0xcf, 0x90, 0x0,
    0x0, 0x0, 0x0, 0x22, 0x11, 0x5f, 0xf4, 0x0,
    0x0, 0x0, 0x0, 0x6, 0xff, 0xff, 0xfd, 0x0,
    0x0, 0x0, 0x0, 0x0, 0x1f, 0xff, 0xeb, 0x10,
    0x0, 0x0, 0x0, 0x0, 0x0, 0x0, 0x0, 0x0,
    0x0,

    /* U+4E2A "个" */
    0x0, 0x0, 0x0, 0x0, 0x5a, 0x20, 0x0, 0x0,
    0x0, 0x0, 0x0, 0x0, 0x2, 0xff, 0x90, 0x0,
    0x0, 0x0, 0x0, 0x0, 0x0, 0x1d, 0xff, 0xe2,
    0x0, 0x0, 0x0, 0x0, 0x0, 0x3, 0xef, 0xee,
    0xff, 0x40, 0x0, 0x0, 0x0, 0x0, 0x7f, 0xfe,
    0x21, 0xdf, 0xf8, 0x0, 0x0, 0x0, 0x4c, 0xff,
    0xd1, 0x0, 0x1c, 0xff, 0xd4, 0x0, 0x3d, 0xff,
    0xfb, 0x12, 0xff, 0x10, 0x9f, 0xff, 0xc3, 0xd,
    0xfd, 0x50, 0x2, 0xff, 0x10, 0x5, 0xef, 0xe1,
    0x3, 0x70, 0x0, 0x2, 0xff, 0x10, 0x0, 0x7,
    0x40, 0x0, 0x0, 0x0, 0x2, 0xff, 0x10, 0x0,
    0x0, 0x0, 0x0, 0x0, 0x0, 0x2, 0xff, 0x10,
    0x0, 0x0, 0x0, 0x0, 0x0, 0x0, 0x2, 0xff,
    0x10, 0x0, 0x0, 0x0, 0x0, 0x0, 0x0, 0x2,
    0xff, 0x10, 0x0, 0x0, 0x0, 0x0, 0x0, 0x0,
    0x2, 0xff, 0x10, 0x0, 0x0, 0x0, 0x0, 0x0,
    0x0, 0x2, 0xff, 0x10, 0x0, 0x0, 0x0, 0x0,
    0x0, 0x0, 0x2, 0xff, 0x10, 0x0, 0x0, 0x0,
    0x0, 0x0, 0x0, 0x2, 0xff, 0x10, 0x0, 0x0,
    0x0,

    /* U+4E2D "中" */
    0x0, 0x0, 0x0, 0xf, 0xf4, 0x0, 0x0, 0x0,
    0x0, 0x0, 0x0, 0xf, 0xf4, 0x0, 0x0, 0x0,
    0x2, 0x22, 0x22, 0x2f, 0xf6, 0x22, 0x22, 0x21,
    0x3f, 0xff, 0xff, 0xff, 0xff, 0xff, 0xff, 0xf6,
    0x3f, 0xff, 0xff, 0xff, 0xff, 0xff, 0xff, 0xf6,
    0x3f, 0xe0, 0x0, 0xf, 0xf4, 0x0, 0xd, 0xf6,
    0x3f, 0xe0, 0x0, 0xf, 0xf4, 0x0, 0xd, 0xf6,
    0x3f, 0xe0, 0x0, 0xf, 0xf4, 0x0, 0xd, 0xf6,
    0x3f, 0xe2, 0x22, 0x2f, 0xf6, 0x22, 0x2e, 0xf6,
    0x3f, 0xff, 0xff, 0xff, 0xff, 0xff, 0xff, 0xf6,
    0x3f, 0xff, 0xff, 0xff, 0xff, 0xff, 0xff, 0xf6,
    0x3f, 0xe0, 0x0, 0xf, 0xf4, 0x0, 0xc, 0xd5,
    0x0, 0x0, 0x0, 0xf, 0xf4, 0x0, 0x0, 0x0,
    0x0, 0x0, 0x0, 0xf, 0xf4, 0x0, 0x0, 0x0,
    0x0, 0x0, 0x0, 0xf, 0xf4, 0x0, 0x0, 0x0,
    0x0, 0x0, 0x0, 0xf, 0xf4, 0x0, 0x0, 0x0,
    0x0, 0x0, 0x0, 0xf, 0xf4, 0x0, 0x0, 0x0,

    /* U+4E3A "为" */
    0x0, 0x5, 0x50, 0xf, 0xf1, 0x0, 0x0, 0x0,
    0x0, 0x4, 0xff, 0x30, 0xff, 0x10, 0x0, 0x0,
    0x0, 0x0, 0x9, 0xfd, 0x1f, 0xf1, 0x0, 0x0,
    0x0, 0x0, 0x11, 0x2a, 0x43, 0xff, 0x21, 0x11,
    0x11, 0x10, 0xa, 0xff, 0xff, 0xff, 0xff, 0xff,
    0xff, 0xff, 0x70, 0xaf, 0xff, 0xff, 0xff, 0xff,
    0xff, 0xff, 0xf6, 0x1, 0x11, 0x11, 0x8f, 0xc1,
    0x11, 0x11, 0xef, 0x50, 0x0, 0x0, 0xb, 0xf9,
    0x0, 0x0, 0xe, 0xf5, 0x0, 0x0, 0x0, 0xff,
    0x79, 0xc0, 0x0, 0xff, 0x40, 0x0, 0x0, 0x6f,
    0xf1, 0xdf, 0x90, 0xf, 0xf3, 0x0, 0x0, 0xd,
    0xfa, 0x4, 0xff, 0x31, 0xff, 0x20, 0x0, 0x7,
    0xff, 0x30, 0xb, 0xf5, 0x2f, 0xf1, 0x0, 0x3,
    0xff, 0x90, 0x0, 0x21, 0x4, 0xff, 0x0, 0x3,
    0xef, 0xe0, 0x0, 0x0, 0x0, 0x7f, 0xe0, 0x5,
    0xff, 0xf3, 0x0, 0x0, 0x43, 0x4d, 0xfc, 0x0,
    0xbf, 0xe2, 0x0, 0x0, 0xd, 0xff, 0xff, 0x60,
    0x0, 0x81, 0x0, 0x0, 0x0, 0x8f, 0xfe, 0x80,
    0x0, 0x0, 0x0, 0x0, 0x0, 0x0, 0x0, 0x0,
    0x0,

    /* U+4E50 "乐" */
    0x0, 0x0, 0x0, 0x0, 0x12, 0x45, 0x7a, 0xc0,
    0x0, 0x0, 0x5d, 0xef, 0xff, 0xff, 0xff, 0xff,
    0xf8, 0x0, 0x0, 0x8f, 0xff, 0xff, 0xed, 0xcb,
    0x97, 0x41, 0x0, 0x0, 0x9f, 0xa1, 0x0, 0x0,
    0x0, 0x0, 0x0, 0x0, 0x0, 0xaf, 0x80, 0x0,
    0x0, 0x0, 0x0, 0x0, 0x0, 0x0, 0xcf, 0x50,
    0x0, 0xef, 0x40, 0x0, 0x0, 0x0, 0x0, 0xef,
    0x30, 0x0, 0xef, 0x40, 0x0, 0x0, 0x0, 0x2,
    0xff, 0x43, 0x33, 0xff, 0x73, 0x33, 0x33, 0x10,
    0x8, 0xff, 0xff, 0xff, 0xff, 0xff, 0xff, 0xff,
    0x70, 0x2, 0xff, 0xff, 0xff, 0xff, 0xff, 0xff,
    0xff, 0x70, 0x0, 0x10, 0x0, 0x0, 0xef, 0x40,
    0x0, 0x0, 0x0, 0x0, 0x8, 0xa3, 0x0, 0xef,
    0x40, 0x4a, 0x30, 0x0, 0x0, 0x3f, 0xf5, 0x0,
    0xef, 0x40, 0x9f, 0xd0, 0x0, 0x0, 0xcf, 0xb0,
    0x0, 0xef, 0x40, 0xd, 0xfa, 0x0, 0xa, 0xff,
    0x20, 0x0, 0xef, 0x40, 0x4, 0xff, 0x40, 0x6f,
    0xf5, 0x2, 0x22, 0xff, 0x40, 0x0, 0xaf, 0xd0,
    0x7, 0x80, 0x8, 0xff, 0xff, 0x20, 0x0, 0x1c,
    0x50, 0x0, 0x0, 0x3, 0xff, 0xc5, 0x0, 0x0,
    0x0, 0x0, 0x0, 0x0, 0x0, 0x0, 0x0, 0x0,
    0x0, 0x0, 0x0,

    /* U+4E60 "习" */
    0x1f, 0xff, 0xff, 0xff, 0xff, 0xff, 0xff, 0xf5,
    0x1f, 0xff, 0xff, 0xff, 0xff, 0xff, 0xff, 0xf5,
    0x1, 0x11, 0x11, 0x11, 0x11, 0x11, 0x1e, 0xf4,
    0x0, 0x1, 0x80, 0x0, 0x0, 0x0, 0xe, 0xf4,
    0x0, 0xc, 0xfd, 0x20, 0x0, 0x0, 0xf, 0xf4,
    0x0, 0x3, 0xef, 0xf5, 0x0, 0x0, 0xf, 0xf4,
    0x0, 0x0, 0x2d, 0xff, 0x70, 0x0, 0xf, 0xf3,
    0x0, 0x0, 0x1, 0xcf, 0x60, 0x0, 0xf, 0xf3,
    0x0, 0x0, 0x0, 0x17, 0x0, 0x32, 0xf, 0xf2,
    0x0, 0x0, 0x0, 0x1, 0x6c, 0xf6, 0xf, 0xf2,
    0x0, 0x0, 0x4, 0xaf, 0xff, 0xf8, 0x1f, 0xf1,
    0x0, 0x28, 0xef, 0xff, 0xfa, 0x30, 0x2f, 0xf1,
    0x2c, 0xff, 0xff, 0xd7, 0x10, 0x0, 0x3f, 0xf0,
    0x1f, 0xff, 0xa4, 0x0, 0x0, 0x0, 0x5f, 0xe0,
    0xa, 0x71, 0x0, 0x0, 0x0, 0x0, 0xbf, 0xb0,
    0x0, 0x0, 0x0, 0x0, 0x5f, 0xff, 0xff, 0x50,
    0x0, 0x0, 0x0, 0x0, 0xe, 0xff, 0xd7, 0x0,
    0x0, 0x0, 0x0, 0x0, 0x0, 0x0, 0x0, 0x0,

    /* U+4E8E "于" */
    0x0, 0x12, 0x22, 0x22, 0x22, 0x22, 0x22, 0x22,
    0x0, 0x0, 0xdf, 0xff, 0xff, 0xff, 0xff, 0xff,
    0xfe, 0x0, 0x0, 0xdf, 0xff, 0xff, 0xff, 0xff,
    0xff, 0xfe, 0x0, 0x0, 0x0, 0x0, 0x0, 0xff,
    0x50, 0x0, 0x0, 0x0, 0x0, 0x0, 0x0, 0x0,
    0xff, 0x50, 0x0, 0x0, 0x0, 0x0, 0x0, 0x0,
    0x0, 0xff, 0x50, 0x0, 0x0, 0x0, 0x2, 0x22,
    0x22, 0x22, 0xff, 0x72, 0x22, 0x22, 0x20, 0x1f,
    0xff, 0xff, 0xff, 0xff, 0xff, 0xff, 0xff, 0xf1,
    0x1f, 0xff, 0xff, 0xff, 0xff, 0xff, 0xff, 0xff,
    0xf1, 0x0, 0x0, 0x0, 0x0, 0xff, 0x50, 0x0,
    0x0, 0x0, 0x0, 0x0, 0x0, 0x0, 0xff, 0x50,
    0x0, 0x0, 0x0, 0x0, 0x0, 0x0, 0x0, 0xff,
    0x50, 0x0, 0x0, 0x0, 0x0, 0x0, 0x0, 0x0,
    0xff, 0x50, 0x0, 0x0, 0x0, 0x0, 0x0, 0x0,
    0x0, 0xff, 0x50, 0x0, 0x0, 0x0, 0x0, 0x0,
    0x23, 0x34, 0xff, 0x50, 0x0, 0x0, 0x0, 0x0,
    0x0, 0x5f, 0xff, 0xff, 0x20, 0x0, 0x0, 0x0,
    0x0, 0x0, 0xf, 0xfe, 0xc5, 0x0, 0x0, 0x0,
    0x0, 0x0, 0x0, 0x0, 0x0, 0x0, 0x0, 0x0,
    0x0, 0x0,

    /* U+4EAE "亮" */
    0x0, 0x0, 0x0, 0x0, 0x45, 0x0, 0x0, 0x0,
    0x0, 0x0, 0x0, 0x0, 0x5, 0xff, 0x10, 0x0,
    0x0, 0x0, 0x2e, 0xee, 0xee, 0xee, 0xff, 0xfe,
    0xee, 0xee, 0xe1, 0x2d, 0xdd, 0xdd, 0xdd, 0xdd,
    0xdd, 0xdd, 0xdd, 0xd1, 0x0, 0x3, 0x66, 0x66,
    0x66, 0x66, 0x66, 0x40, 0x0, 0x0, 0x9, 0xff,
    0xff, 0xff, 0xff, 0xff, 0xa0, 0x0, 0x0, 0x9,
    0xf9, 0x0, 0x0, 0x0, 0xaf, 0xa0, 0x0, 0x0,
    0x9, 0xff, 0xee, 0xee, 0xee, 0xff, 0xa0, 0x0,
    0x0, 0x5, 0x88, 0x88, 0x88, 0x88, 0x88, 0x60,
    0x0, 0xa, 0xaa, 0xaa, 0xaa, 0xaa, 0xaa, 0xaa,
    0xaa, 0x90, 0xe, 0xff, 0xff, 0xff, 0xff, 0xff,
    0xff, 0xff, 0xe0, 0xe, 0xf1, 0x2, 0x22, 0x22,
    0x22, 0x20, 0x3f, 0xe0, 0xc, 0xd1, 0xf, 0xff,
    0xff, 0xff, 0xf0, 0x2c, 0xb0, 0x0, 0x0, 0x2f,
    0xfa, 0xaa, 0xcf, 0xf0, 0x0, 0x0, 0x0, 0x0,
    0x8f, 0xd0, 0x0, 0x5f, 0xf0, 0xa, 0x60, 0x0,
    0x8, 0xff, 0x70, 0x0, 0x5f, 0xf0, 0xd, 0xf1,
    0xa, 0xff, 0xfb, 0x0, 0x0, 0x3f, 0xfe, 0xef,
    0xe0, 0x7, 0xfd, 0x60, 0x0, 0x0, 0x9, 0xef,
    0xfe, 0x50, 0x0, 0x20, 0x0, 0x0, 0x0, 0x0,
    0x0, 0x0, 0x0,

    /* U+4EBA "人" */
    0x0, 0x0, 0x0, 0x6, 0xff, 0x0, 0x0, 0x0,
    0x0, 0x0, 0x0, 0x0, 0x7, 0xff, 0x0, 0x0,
    0x0, 0x0, 0x0, 0x0, 0x0, 0x8, 0xff, 0x0,
    0x0, 0x0, 0x0, 0x0, 0x0, 0x0, 0x9, 0xff,
    0x0, 0x0, 0x0, 0x0, 0x0, 0x0, 0x0, 0xb,
    0xff, 0x20, 0x0, 0x0, 0x0, 0x0, 0x0, 0x0,
    0xd, 0xff, 0x60, 0x0, 0x0, 0x0, 0x0, 0x0,
    0x0, 0x1f, 0xff, 0xa0, 0x0, 0x0, 0x0, 0x0,
    0x0, 0x0, 0x5f, 0xff, 0xf0, 0x0, 0x0, 0x0,
    0x0, 0x0, 0x0, 0xbf, 0xde, 0xf6, 0x0, 0x0,
    0x0, 0x0, 0x0, 0x2, 0xff, 0x77, 0xfe, 0x0,
    0x0, 0x0, 0x0, 0x0, 0xb, 0xff, 0x11, 0xff,
    0x80, 0x0, 0x0, 0x0, 0x0, 0x5f, 0xf7, 0x0,
    0x7f, 0xf4, 0x0, 0x0, 0x0, 0x4, 0xff, 0xd0,
    0x0, 0xd, 0xfe, 0x30, 0x0, 0x0, 0x4f, 0xff,
    0x20, 0x0, 0x2, 0xef, 0xf6, 0x0, 0x9, 0xff,
    0xf4, 0x0, 0x0, 0x0, 0x3f, 0xff, 0xc2, 0x2d,
    0xfe, 0x30, 0x0, 0x0, 0x0, 0x2, 0xbf, 0xd1,
    0x1, 0x91, 0x0, 0x0, 0x0, 0x0, 0x0, 0x6,
    0x30,

    /* U+4EC5 "仅" */
    0x0, 0x0, 0x7b, 0x60, 0x0, 0x0, 0x0, 0x0,
    0x0, 0x0, 0x0, 0xef, 0x92, 0x22, 0x22, 0x22,
    0x23, 0x0, 0x0, 0x7, 0xff, 0x5f, 0xff, 0xff,
    0xff, 0xff, 0xb0, 0x0, 0xe, 0xf9, 0x3e, 0xfd,
    0xdd, 0xdd, 0xef, 0x80, 0x0, 0x9f, 0xf2, 0xd,
    0xf4, 0x0, 0x0, 0xcf, 0x50, 0x5, 0xff, 0xf1,
    0x8, 0xf9, 0x0, 0x1, 0xff, 0x20, 0x4f, 0xff,
    0xf1, 0x3, 0xfe, 0x0, 0x6, 0xfd, 0x0, 0x7f,
    0xff, 0xf1, 0x0, 0xef, 0x30, 0xc, 0xf8, 0x0,
    0xd, 0x4f, 0xf1, 0x0, 0x9f, 0xb0, 0x4f, 0xf2,
    0x0, 0x1, 0xf, 0xf1, 0x0, 0x1f, 0xf4, 0xcf,
    0xa0, 0x0, 0x0, 0xf, 0xf1, 0x0, 0x8, 0xfe,
    0xff, 0x20, 0x0, 0x0, 0xf, 0xf1, 0x0, 0x1,
    0xef, 0xf8, 0x0, 0x0, 0x0, 0xf, 0xf1, 0x0,
    0x4, 0xef, 0xf9, 0x0, 0x0, 0x0, 0xf, 0xf1,
    0x0, 0x6f, 0xfe, 0xff, 0xb1, 0x0, 0x0, 0xf,
    0xf2, 0x4c, 0xff, 0xb1, 0x7f, 0xff, 0x81, 0x0,
    0xf, 0xf5, 0xff, 0xf8, 0x0, 0x4, 0xef, 0xf5,
    0x0, 0xf, 0xf1, 0x89, 0x10, 0x0, 0x0, 0x6,
    0x80,

    /* U+4EF6 "件" */
    0x0, 0x0, 0x0, 0x0, 0x0, 0x0, 0x0, 0x0,
    0x0, 0x0, 0x0, 0xce, 0x51, 0x20, 0x3f, 0xf0,
    0x0, 0x0, 0x0, 0x3, 0xff, 0x27, 0xfa, 0x3f,
    0xf0, 0x0, 0x0, 0x0, 0xb, 0xfa, 0xc, 0xf7,
    0x3f, 0xf0, 0x0, 0x0, 0x0, 0x3f, 0xf2, 0xf,
    0xff, 0xff, 0xff, 0xff, 0xb0, 0x0, 0xdf, 0xd0,
    0x6f, 0xff, 0xff, 0xff, 0xff, 0xb0, 0xa, 0xff,
    0xd0, 0xdf, 0x72, 0x5f, 0xf2, 0x22, 0x20, 0x4f,
    0xff, 0xd2, 0xee, 0x0, 0x3f, 0xf0, 0x0, 0x0,
    0xc, 0xcf, 0xd0, 0x3, 0x0, 0x3f, 0xf0, 0x0,
    0x0, 0x3, 0x3f, 0xd1, 0xcc, 0xcc, 0xdf, 0xfc,
    0xcc, 0xc7, 0x0, 0x3f, 0xd1, 0xff, 0xff, 0xff,
    0xff, 0xff, 0xf9, 0x0, 0x3f, 0xd0, 0x44, 0x44,
    0x7f, 0xf4, 0x44, 0x43, 0x0, 0x3f, 0xd0, 0x0,
    0x0, 0x3f, 0xf0, 0x0, 0x0, 0x0, 0x3f, 0xd0,
    0x0, 0x0, 0x3f, 0xf0, 0x0, 0x0, 0x0, 0x3f,
    0xd0, 0x0, 0x0, 0x3f, 0xf0, 0x0, 0x0, 0x0,
    0x3f, 0xd0, 0x0, 0x0, 0x3f, 0xf0, 0x0, 0x0,
    0x0, 0x3f, 0xd0, 0x0, 0x0, 0x3f, 0xf0, 0x0,
    0x0, 0x0, 0x3f, 0xd0, 0x0, 0x0, 0x3f, 0xf0,
    0x0, 0x0,

    /* U+4F4E "低" */
    0x0, 0x0, 0x42, 0x0, 0x0, 0x0, 0x0, 0x34,
    0x0, 0x0, 0x1, 0xff, 0x50, 0x1, 0x37, 0xae,
    0xff, 0x60, 0x0, 0x7, 0xfe, 0x1b, 0xef, 0xff,
    0xff, 0xea, 0x60, 0x0, 0xe, 0xf7, 0x1f, 0xff,
    0xcb, 0xfd, 0x0, 0x0, 0x0, 0x5f, 0xf1, 0x1f,
    0xe0, 0x2, 0xfe, 0x0, 0x0, 0x0, 0xef, 0xe0,
    0x1f, 0xe0, 0x1, 0xff, 0x0, 0x0, 0x9, 0xff,
    0xe0, 0x1f, 0xe0, 0x0, 0xff, 0x0, 0x0, 0x5f,
    0xff, 0xe0, 0x1f, 0xfd, 0xdd, 0xff, 0xdd, 0xd6,
    0x2f, 0xdf, 0xe0, 0x1f, 0xff, 0xff, 0xff, 0xff,
    0xf7, 0x9, 0x3f, 0xe0, 0x1f, 0xe2, 0x22, 0xdf,
    0x62, 0x21, 0x0, 0x2f, 0xe0, 0x1f, 0xe0, 0x0,
    0xaf, 0x60, 0x0, 0x0, 0x2f, 0xe0, 0x1f, 0xe0,
    0x0, 0x8f, 0x80, 0x0, 0x0, 0x2f, 0xe0, 0x1f,
    0xe0, 0x0, 0x5f, 0xb0, 0x0, 0x0, 0x2f, 0xe0,
    0x1f, 0xe0, 0x29, 0x2f, 0xe0, 0x93, 0x0, 0x2f,
    0xe0, 0x1f, 0xe0, 0x4f, 0x6d, 0xf4, 0xdd, 0x0,
    0x2f, 0xe0, 0x3f, 0xfb, 0xce, 0xc8, 0xfe, 0xfa,
    0x0, 0x2f, 0xe0, 0xbf, 0xff, 0xc9, 0xf4, 0xff,
    0xf4, 0x0, 0x2f, 0xe0, 0x5d, 0x73, 0x4, 0x81,
    0x4c, 0x90, 0x0, 0x0, 0x0, 0x0, 0x0, 0x0,
    0x0, 0x0, 0x0,

    /* U+4F4F "住" */
    0x0, 0x0, 0x10, 0x0, 0x0, 0x14, 0x0, 0x0,
    0x0, 0x0, 0x0, 0xde, 0x30, 0x2, 0xff, 0x20,
    0x0, 0x0, 0x0, 0x4, 0xff, 0x0, 0x0, 0xbf,
    0xa0, 0x0, 0x0, 0x0, 0xc, 0xf9, 0x0, 0x0,
    0x4e, 0x90, 0x0, 0x0, 0x0, 0x5f, 0xf2, 0xef,
    0xff, 0xff, 0xff, 0xff, 0xf1, 0x1, 0xef, 0xe0,
    0xef, 0xff, 0xff, 0xff, 0xff, 0xf1, 0xb, 0xff,
    0xe0, 0x11, 0x11, 0x9f, 0xb1, 0x11, 0x10, 0x5f,
    0xff, 0xe0, 0x0, 0x0, 0x8f, 0xa0, 0x0, 0x0,
    0xe, 0xdf, 0xe0, 0x0, 0x0, 0x8f, 0xa0, 0x0,
    0x0, 0x3, 0x4f, 0xe0, 0x4d, 0xdd, 0xff, 0xfd,
    0xdd, 0x80, 0x0, 0x3f, 0xe0, 0x5f, 0xff, 0xff,
    0xff, 0xff, 0x90, 0x0, 0x3f, 0xe0, 0x2, 0x22,
    0x9f, 0xb2, 0x22, 0x10, 0x0, 0x3f, 0xe0, 0x0,
    0x0, 0x8f, 0xa0, 0x0, 0x0, 0x0, 0x3f, 0xe0,
    0x0, 0x0, 0x8f, 0xa0, 0x0, 0x0, 0x0, 0x3f,
    0xe0, 0x0, 0x0, 0x8f, 0xa0, 0x0, 0x0, 0x0,
    0x3f, 0xe4, 0xff, 0xff, 0xff, 0xff, 0xff, 0xf5,
    0x0, 0x3f, 0xe4, 0xff, 0xff, 0xff, 0xff, 0xff,
    0xf5, 0x0, 0x3f, 0xe0, 0x0, 0x0, 0x0, 0x0,
    0x0, 0x0,

    /* U+4F55 "何" */
    0x0, 0x0, 0x42, 0x0, 0x0, 0x0, 0x0, 0x0,
    0x0, 0x0, 0x1, 0xff, 0x10, 0x0, 0x0, 0x0,
    0x0, 0x0, 0x0, 0x7, 0xfb, 0xdf, 0xff, 0xff,
    0xff, 0xff, 0xf4, 0x0, 0xe, 0xf5, 0xef, 0xff,
    0xff, 0xff, 0xff, 0xf4, 0x0, 0x7f, 0xf0, 0x11,
    0x11, 0x11, 0x11, 0xff, 0x30, 0x2, 0xff, 0xf0,
    0x0, 0x0, 0x0, 0x0, 0xff, 0x20, 0x1d, 0xff,
    0xf0, 0x8c, 0xcc, 0xcc, 0x40, 0xff, 0x20, 0x6f,
    0xff, 0xf0, 0xaf, 0xff, 0xff, 0x50, 0xff, 0x20,
    0xe, 0x9f, 0xf0, 0xaf, 0x50, 0xaf, 0x50, 0xff,
    0x20, 0x3, 0x2f, 0xf0, 0xaf, 0x50, 0xaf, 0x50,
    0xff, 0x20, 0x0, 0x2f, 0xf0, 0xaf, 0x50, 0xaf,
    0x50, 0xff, 0x20, 0x0, 0x2f, 0xf0, 0xaf, 0xff,
    0xff, 0x50, 0xff, 0x20, 0x0, 0x2f, 0xf0, 0xaf,
    0xed, 0xdd, 0x40, 0xff, 0x20, 0x0, 0x2f, 0xf0,
    0x9e, 0x40, 0x0, 0x0, 0xff, 0x20, 0x0, 0x2f,
    0xf0, 0x0, 0x0, 0x0, 0x0, 0xff, 0x20, 0x0,
    0x2f, 0xf0, 0x0, 0x0, 0x2, 0x22, 0xff, 0x20,
    0x0, 0x2f, 0xf0, 0x0, 0x0, 0xf, 0xff, 0xff,
    0x0, 0x0, 0x2f, 0xf0, 0x0, 0x0, 0xb, 0xff,
    0xc4, 0x0, 0x0, 0x0, 0x0, 0x0, 0x0, 0x0,
    0x0, 0x0, 0x0,

    /* U+4F5C "作" */
    0x0, 0x0, 0x0, 0x0, 0x0, 0x0, 0x0, 0x0,
    0x0, 0x0, 0x0, 0xab, 0x30, 0xc, 0x91, 0x0,
    0x0, 0x0, 0x0, 0x2, 0xff, 0x30, 0x5f, 0xe0,
    0x0, 0x0, 0x0, 0x0, 0xa, 0xfc, 0x0, 0xcf,
    0xa1, 0x11, 0x11, 0x10, 0x0, 0x2f, 0xf5, 0x3,
    0xff, 0xff, 0xff, 0xff, 0xf6, 0x0, 0xcf, 0xf0,
    0xb, 0xff, 0xff, 0xfe, 0xee, 0xe6, 0x7, 0xff,
    0xe0, 0x6f, 0xf1, 0xef, 0x40, 0x0, 0x0, 0x4f,
    0xff, 0xe3, 0xff, 0x70, 0xef, 0x62, 0x22, 0x20,
    0x2f, 0xff, 0xe1, 0xcc, 0x0, 0xef, 0xff, 0xff,
    0xf0, 0x9, 0x6f, 0xe0, 0x1, 0x0, 0xef, 0xdc,
    0xcc, 0xc0, 0x0, 0x3f, 0xe0, 0x0, 0x0, 0xef,
    0x40, 0x0, 0x0, 0x0, 0x3f, 0xe0, 0x0, 0x0,
    0xef, 0x62, 0x22, 0x20, 0x0, 0x3f, 0xe0, 0x0,
    0x0, 0xef, 0xff, 0xff, 0xf3, 0x0, 0x3f, 0xe0,
    0x0, 0x0, 0xef, 0xed, 0xdd, 0xd2, 0x0, 0x3f,
    0xe0, 0x0, 0x0, 0xef, 0x40, 0x0, 0x0, 0x0,
    0x3f, 0xe0, 0x0, 0x0, 0xef, 0x40, 0x0, 0x0,
    0x0, 0x3f, 0xe0, 0x0, 0x0, 0xef, 0x40, 0x0,
    0x0, 0x0, 0x3f, 0xe0, 0x0, 0x0, 0xef, 0x40,
    0x0, 0x0,

    /* U+4F73 "佳" */
    0x0, 0x0, 0x9a, 0x30, 0x0, 0x7f, 0xb0, 0x0,
    0x0, 0x0, 0x2, 0xff, 0x20, 0x0, 0x8f, 0xb0,
    0x0, 0x0, 0x0, 0x9, 0xfb, 0x1f, 0xff, 0xff,
    0xff, 0xff, 0x70, 0x0, 0x1f, 0xf4, 0x1e, 0xee,
    0xff, 0xfe, 0xee, 0x60, 0x0, 0xaf, 0xf0, 0x0,
    0x0, 0x7f, 0xb0, 0x0, 0x0, 0x5, 0xff, 0xe0,
    0x22, 0x22, 0x8f, 0xc2, 0x22, 0x20, 0x2f, 0xff,
    0xe0, 0xef, 0xff, 0xff, 0xff, 0xff, 0xf4, 0x1e,
    0xff, 0xe0, 0xcd, 0xdd, 0xdd, 0xdd, 0xdd, 0xd3,
    0x5, 0x5f, 0xe0, 0x0, 0x0, 0x6d, 0x90, 0x0,
    0x0, 0x0, 0x3f, 0xe0, 0x1, 0x11, 0x8f, 0xb1,
    0x11, 0x10, 0x0, 0x3f, 0xe0, 0x6f, 0xff, 0xff,
    0xff, 0xff, 0xc0, 0x0, 0x3f, 0xe0, 0x6f, 0xff,
    0xff, 0xff, 0xff, 0xc0, 0x0, 0x3f, 0xe0, 0x0,
    0x0, 0x7f, 0xb0, 0x0, 0x0, 0x0, 0x3f, 0xe0,
    0x0, 0x0, 0x7f, 0xb0, 0x0, 0x0, 0x0, 0x3f,
    0xe6, 0xff, 0xff, 0xff, 0xff, 0xff, 0xf9, 0x0,
    0x3f, 0xe6, 0xff, 0xff, 0xff, 0xff, 0xff, 0xf9,
    0x0, 0x3f, 0xe0, 0x0, 0x0, 0x0, 0x0, 0x0,
    0x0,

    /* U+4F7F "使" */
    0x0, 0x0, 0x0, 0x0, 0x0, 0x0, 0x0, 0x0,
    0x0, 0x0, 0x0, 0xbe, 0x50, 0x0, 0x7f, 0xa0,
    0x0, 0x0, 0x0, 0x3, 0xff, 0xcb, 0xbb, 0xdf,
    0xeb, 0xbb, 0xb5, 0x0, 0xb, 0xf8, 0xff, 0xff,
    0xff, 0xff, 0xff, 0xf7, 0x0, 0x3f, 0xf1, 0x33,
    0x33, 0x9f, 0xb3, 0x33, 0x31, 0x0, 0xdf, 0xe0,
    0x1, 0x11, 0x8f, 0xb1, 0x11, 0x10, 0xb, 0xff,
    0xe0, 0x9f, 0xff, 0xff, 0xff, 0xff, 0xf0, 0x8f,
    0xff, 0xe0, 0x9f, 0xca, 0xdf, 0xea, 0xbf, 0xf0,
    0x3f, 0x9f, 0xe0, 0x9f, 0x50, 0x7f, 0xa0, 0xf,
    0xf0, 0x4, 0x2f, 0xe0, 0x9f, 0xdc, 0xef, 0xec,
    0xcf, 0xf0, 0x0, 0x1f, 0xe0, 0x9f, 0xff, 0xff,
    0xff, 0xff, 0xf0, 0x0, 0x1f, 0xe0, 0x39, 0x50,
    0xbf, 0x70, 0x0, 0x0, 0x0, 0x1f, 0xe0, 0x2f,
    0xf4, 0xff, 0x30, 0x0, 0x0, 0x0, 0x1f, 0xe0,
    0x5, 0xff, 0xfd, 0x0, 0x0, 0x0, 0x0, 0x1f,
    0xe0, 0x0, 0xbf, 0xfd, 0x50, 0x0, 0x0, 0x0,
    0x1f, 0xe0, 0x5c, 0xff, 0xff, 0xff, 0xa7, 0x41,
    0x0, 0x1f, 0xe6, 0xff, 0xf7, 0x17, 0xef, 0xff,
    0xf5, 0x0, 0x1f, 0xe0, 0xa8, 0x20, 0x0, 0x4,
    0x7b, 0xa0,

    /* U+4F9B "供" */
    0x0, 0x0, 0x0, 0x0, 0x0, 0x0, 0x0, 0x0,
    0x0, 0x0, 0x0, 0xbc, 0x20, 0xdf, 0x30, 0x2f,
    0xe0, 0x0, 0x0, 0x3, 0xfe, 0x0, 0xdf, 0x30,
    0x2f, 0xe0, 0x0, 0x0, 0xb, 0xf8, 0x0, 0xdf,
    0x30, 0x2f, 0xe0, 0x0, 0x0, 0x3f, 0xf1, 0xdf,
    0xff, 0xff, 0xff, 0xff, 0xf4, 0x0, 0xdf, 0xe0,
    0xdf, 0xff, 0xff, 0xff, 0xff, 0xf4, 0xb, 0xff,
    0xe0, 0x11, 0xef, 0x41, 0x4f, 0xf1, 0x10, 0x5f,
    0xff, 0xe0, 0x0, 0xdf, 0x30, 0x2f, 0xe0, 0x0,
    0xe, 0xcf, 0xe0, 0x0, 0xdf, 0x30, 0x2f, 0xe0,
    0x0, 0x4, 0x3f, 0xe0, 0x11, 0xef, 0x51, 0x4f,
    0xf1, 0x10, 0x0, 0x3f, 0xe3, 0xff, 0xff, 0xff,
    0xff, 0xff, 0xf6, 0x0, 0x3f, 0xe3, 0xff, 0xff,
    0xff, 0xff, 0xff, 0xf6, 0x0, 0x3f, 0xe0, 0x0,
    0x10, 0x0, 0x0, 0x0, 0x0, 0x0, 0x3f, 0xe0,
    0x0, 0xde, 0x40, 0x2b, 0xc0, 0x0, 0x0, 0x3f,
    0xe0, 0x9, 0xfd, 0x0, 0xd, 0xfb, 0x0, 0x0,
    0x3f, 0xe0, 0x8f, 0xf4, 0x0, 0x2, 0xff, 0x70,
    0x0, 0x3f, 0xe4, 0xff, 0x60, 0x0, 0x0, 0x6f,
    0xf1, 0x0, 0x3f, 0xe0, 0x66, 0x0, 0x0, 0x0,
    0xb, 0x50,

    /* U+504F "偏" */
    0x0, 0x0, 0x22, 0x0, 0x0, 0x25, 0x20, 0x0,
    0x0, 0x0, 0x0, 0xcf, 0x70, 0x0, 0xaf, 0xa0,
    0x0, 0x0, 0x0, 0x4, 0xff, 0x9a, 0xaa, 0xcf,
    0xfa, 0xaa, 0x90, 0x0, 0xb, 0xf9, 0xbf, 0xff,
    0xff, 0xff, 0xff, 0xe0, 0x0, 0x4f, 0xf2, 0xbf,
    0x41, 0x11, 0x11, 0x3f, 0xe0, 0x0, 0xdf, 0xe0,
    0xbf, 0x74, 0x44, 0x44, 0x6f, 0xe0, 0xa, 0xff,
    0xe0, 0xbf, 0xff, 0xff, 0xff, 0xff, 0xe0, 0x5f,
    0xff, 0xe0, 0xcf, 0xa9, 0x99, 0x99, 0x99, 0x80,
    0xe, 0xcf, 0xe0, 0xcf, 0xa9, 0x99, 0x99, 0x99,
    0x91, 0x4, 0x3f, 0xe0, 0xdf, 0xff, 0xff, 0xff,
    0xff, 0xf2, 0x0, 0x2f, 0xe0, 0xef, 0xdf, 0x2f,
    0x4d, 0x98, 0xf2, 0x0, 0x2f, 0xe0, 0xfe, 0xdf,
    0x1f, 0x3d, 0x97, 0xf2, 0x0, 0x2f, 0xe1, 0xfc,
    0xdf, 0xff, 0xff, 0xff, 0xf2, 0x0, 0x2f, 0xe4,
    0xfa, 0xdf, 0xbf, 0xbf, 0xdd, 0xf2, 0x0, 0x2f,
    0xe7, 0xf7, 0xdf, 0x1f, 0x3d, 0x97, 0xf2, 0x0,
    0x2f, 0xec, 0xf3, 0xdf, 0x1f, 0x3d, 0x97, 0xf2,
    0x0, 0x2f, 0xed, 0xe0, 0xdf, 0x1f, 0x3d, 0xde,
    0xf1, 0x0, 0x2f, 0xe1, 0x50, 0xdf, 0x0, 0x0,
    0x1d, 0x90, 0x0, 0x0, 0x0, 0x0, 0x0, 0x0,
    0x0, 0x0, 0x0,

    /* U+505C "停" */
    0x0, 0x0, 0x10, 0x0, 0x0, 0x15, 0x0, 0x0,
    0x0, 0x0, 0x5, 0xf9, 0x0, 0x0, 0xef, 0x50,
    0x0, 0x0, 0x0, 0xc, 0xfc, 0xee, 0xee, 0xff,
    0xfe, 0xee, 0xe2, 0x0, 0x3f, 0xf5, 0xdd, 0xdd,
    0xdd, 0xdd, 0xdd, 0xd2, 0x0, 0xbf, 0x90, 0x27,
    0x77, 0x77, 0x77, 0x76, 0x0, 0x5, 0xff, 0x30,
    0x4f, 0xff, 0xff, 0xff, 0xfe, 0x0, 0x1e, 0xff,
    0x30, 0x4f, 0xc1, 0x11, 0x13, 0xfe, 0x0, 0xaf,
    0xff, 0x30, 0x4f, 0xff, 0xff, 0xff, 0xfe, 0x0,
    0x4f, 0xef, 0x30, 0x15, 0x55, 0x55, 0x55, 0x55,
    0x0, 0x4, 0xbf, 0x3b, 0xff, 0xff, 0xff, 0xff,
    0xff, 0xf5, 0x0, 0xbf, 0x3c, 0xfc, 0xbb, 0xbb,
    0xbb, 0xbe, 0xf5, 0x0, 0xbf, 0x3c, 0xf1, 0x0,
    0x0, 0x0, 0xa, 0xf5, 0x0, 0xbf, 0x33, 0x4f,
    0xff, 0xff, 0xff, 0xf9, 0x41, 0x0, 0xbf, 0x30,
    0x9, 0xaa, 0xef, 0xda, 0xa4, 0x0, 0x0, 0xbf,
    0x30, 0x0, 0x0, 0xbf, 0x80, 0x0, 0x0, 0x0,
    0xbf, 0x30, 0x0, 0x0, 0xbf, 0x80, 0x0, 0x0,
    0x0, 0xbf, 0x30, 0x2, 0xee, 0xff, 0x60, 0x0,
    0x0, 0x0, 0xbf, 0x30, 0x0, 0xce, 0xd9, 0x0,
    0x0, 0x0,

    /* U+5173 "关" */
    0x0, 0x0, 0x3, 0x0, 0x0, 0x0, 0x42, 0x0,
    0x0, 0x0, 0x1, 0xef, 0x30, 0x0, 0x0, 0xff,
    0x80, 0x0, 0x0, 0x0, 0xbf, 0xd0, 0x0, 0x7,
    0xfe, 0x10, 0x0, 0x0, 0x0, 0x2f, 0xf2, 0x0,
    0x1f, 0xf6, 0x0, 0x0, 0x0, 0x9d, 0xdf, 0xed,
    0xdd, 0xef, 0xfd, 0xdd, 0x0, 0x0, 0xbf, 0xff,
    0xff, 0xff, 0xff, 0xff, 0xff, 0x0, 0x0, 0x34,
    0x44, 0x45, 0xff, 0x94, 0x44, 0x44, 0x0, 0x0,
    0x0, 0x0, 0x1, 0xff, 0x60, 0x0, 0x0, 0x0,
    0x0, 0x0, 0x0, 0x2, 0xff, 0x70, 0x0, 0x0,
    0x0, 0xe, 0xff, 0xff, 0xff, 0xff, 0xff, 0xff,
    0xff, 0xf0, 0xe, 0xff, 0xff, 0xff, 0xff, 0xff,
    0xff, 0xff, 0xf0, 0x1, 0x11, 0x11, 0x1d, 0xff,
    0xf5, 0x11, 0x11, 0x10, 0x0, 0x0, 0x0, 0x8f,
    0xff, 0xfe, 0x20, 0x0, 0x0, 0x0, 0x0, 0x19,
    0xff, 0xd2, 0xef, 0xf5, 0x0, 0x0, 0x0, 0x17,
    0xef, 0xfd, 0x20, 0x3e, 0xff, 0xc4, 0x0, 0x2a,
    0xff, 0xff, 0xa1, 0x0, 0x2, 0xdf, 0xff, 0xf4,
    0xa, 0xff, 0xb3, 0x0, 0x0, 0x0, 0x7, 0xef,
    0xb0, 0x0, 0x71, 0x0, 0x0, 0x0, 0x0, 0x0,
    0x4, 0x10,

    /* U+5185 "内" */
    0x0, 0x0, 0x0, 0xe, 0xf4, 0x0, 0x0, 0x0,
    0x0, 0x0, 0x0, 0xe, 0xf4, 0x0, 0x0, 0x0,
    0x2, 0x22, 0x22, 0x2f, 0xf6, 0x22, 0x22, 0x22,
    0x3f, 0xff, 0xff, 0xff, 0xff, 0xff, 0xff, 0xfd,
    0x3f, 0xff, 0xff, 0xff, 0xff, 0xff, 0xff, 0xfd,
    0x3f, 0xe0, 0x0, 0xf, 0xf3, 0x0, 0x4, 0xfd,
    0x3f, 0xe0, 0x0, 0x2f, 0xf1, 0x0, 0x4, 0xfd,
    0x3f, 0xe0, 0x0, 0x6f, 0xf8, 0x0, 0x4, 0xfd,
    0x3f, 0xe0, 0x0, 0xcf, 0xff, 0x90, 0x4, 0xfd,
    0x3f, 0xe0, 0x7, 0xff, 0x8f, 0xfa, 0x4, 0xfd,
    0x3f, 0xe0, 0x6f, 0xf7, 0x7, 0xff, 0xa4, 0xfd,
    0x3f, 0xea, 0xff, 0xc0, 0x0, 0x8f, 0xfb, 0xfd,
    0x3f, 0xe6, 0xfb, 0x0, 0x0, 0xa, 0x95, 0xfd,
    0x3f, 0xe0, 0x30, 0x0, 0x0, 0x0, 0x4, 0xfd,
    0x3f, 0xe0, 0x0, 0x0, 0x0, 0x12, 0x16, 0xfd,
    0x3f, 0xe0, 0x0, 0x0, 0x0, 0x4f, 0xff, 0xfa,
    0x3f, 0xe0, 0x0, 0x0, 0x0, 0xe, 0xfe, 0xa1,

    /* U+518D "再" */
    0x7, 0xff, 0xff, 0xff, 0xff, 0xff, 0xff, 0xff,
    0xf0, 0x7, 0xff, 0xff, 0xff, 0xff, 0xff, 0xff,
    0xff, 0xf0, 0x0, 0x0, 0x0, 0x0, 0xef, 0x30,
    0x0, 0x0, 0x0, 0x0, 0x0, 0x0, 0x0, 0xff,
    0x40, 0x0, 0x0, 0x0, 0x0, 0x2f, 0xff, 0xff,
    0xff, 0xff, 0xff, 0xf9, 0x0, 0x0, 0x2f, 0xfe,
    0xee, 0xff, 0xee, 0xef, 0xf9, 0x0, 0x0, 0x2f,
    0xf0, 0x0, 0xef, 0x30, 0x8, 0xf9, 0x0, 0x0,
    0x2f, 0xfc, 0xcc, 0xff, 0xdc, 0xce, 0xf9, 0x0,
    0x0, 0x2f, 0xff, 0xff, 0xff, 0xff, 0xff, 0xf9,
    0x0, 0x0, 0x2f, 0xf0, 0x0, 0xff, 0x30, 0x8,
    0xf9, 0x0, 0x2b, 0xcf, 0xfb, 0xbb, 0xff, 0xcb,
    0xbe, 0xfe, 0xb7, 0x3f, 0xff, 0xff, 0xff, 0xff,
    0xff, 0xff, 0xff, 0xfa, 0x4, 0x6f, 0xf4, 0x44,
    0x44, 0x44, 0x4a, 0xfb, 0x42, 0x0, 0x2f, 0xf0,
    0x0, 0x0, 0x0, 0x8, 0xf9, 0x0, 0x0, 0x2f,
    0xf0, 0x0, 0x0, 0x0, 0x9, 0xf9, 0x0, 0x0,
    0x2f, 0xf0, 0x0, 0x0, 0x4f, 0xff, 0xf6, 0x0,
    0x0, 0x2f, 0xf0, 0x0, 0x0, 0xd, 0xfe, 0x90,
    0x0,

    /* U+51B2 "冲" */
    0x0, 0x0, 0x0, 0x0, 0x0, 0xef, 0x30, 0x0,
    0x0, 0x4d, 0x30, 0x0, 0x0, 0xe, 0xf3, 0x0,
    0x0, 0xd, 0xff, 0x50, 0x11, 0x11, 0xef, 0x41,
    0x11, 0x10, 0x1c, 0xff, 0x4f, 0xff, 0xff, 0xff,
    0xff, 0xff, 0x0, 0x1d, 0x90, 0xff, 0xff, 0xff,
    0xff, 0xff, 0xf0, 0x0, 0x10, 0xf, 0xf2, 0x1e,
    0xf5, 0x14, 0xff, 0x0, 0x0, 0x0, 0xff, 0x10,
    0xef, 0x30, 0x3f, 0xf0, 0x0, 0x0, 0xf, 0xf1,
    0xe, 0xf3, 0x3, 0xff, 0x0, 0x9, 0x80, 0xff,
    0x43, 0xff, 0x63, 0x6f, 0xf0, 0x2, 0xff, 0x5f,
    0xff, 0xff, 0xff, 0xff, 0xff, 0x0, 0x9f, 0xd0,
    0xff, 0xff, 0xff, 0xff, 0xff, 0xf0, 0x2f, 0xf5,
    0xa, 0xa0, 0xe, 0xf3, 0x2, 0x99, 0xb, 0xfd,
    0x0, 0x0, 0x0, 0xef, 0x30, 0x0, 0x4, 0xff,
    0x50, 0x0, 0x0, 0xe, 0xf3, 0x0, 0x0, 0x7,
    0xc0, 0x0, 0x0, 0x0, 0xef, 0x30, 0x0, 0x0,
    0x0, 0x0, 0x0, 0x0, 0xe, 0xf3, 0x0, 0x0,
    0x0, 0x0, 0x0, 0x0, 0x0, 0xef, 0x30, 0x0,
    0x0,

    /* U+51CF "减" */
    0x0, 0x20, 0x0, 0x0, 0x0, 0x0, 0xfd, 0x8c,
    0x20, 0x1e, 0xc0, 0x0, 0x0, 0x0, 0x0, 0xed,
    0x3e, 0xc0, 0xc, 0xf4, 0xb, 0xbb, 0xbb, 0xbb,
    0xff, 0xbd, 0xc6, 0x5, 0xfa, 0xf, 0xff, 0xff,
    0xff, 0xff, 0xff, 0xf8, 0x0, 0xff, 0xf, 0xe2,
    0x22, 0x22, 0xcf, 0x22, 0x21, 0x0, 0xbe, 0x3f,
    0xe5, 0x99, 0x97, 0xbf, 0x14, 0x82, 0x0, 0x20,
    0xf, 0xe9, 0xff, 0xfb, 0xaf, 0x2b, 0xf2, 0x0,
    0x0, 0xf, 0xe0, 0x0, 0x0, 0x9f, 0x4f, 0xd0,
    0x0, 0x32, 0xf, 0xd8, 0xff, 0xfe, 0x7f, 0xbf,
    0x80, 0x0, 0xbf, 0x4f, 0xd8, 0xfb, 0xde, 0x5f,
    0xff, 0x20, 0x0, 0xff, 0x3f, 0xb8, 0xf2, 0x8e,
    0x3f, 0xfb, 0x0, 0x3, 0xfb, 0x3f, 0xa8, 0xf3,
    0x8e, 0x1f, 0xf3, 0x0, 0x8, 0xf7, 0x6f, 0x88,
    0xff, 0xfe, 0x5f, 0xe0, 0xa4, 0xd, 0xf2, 0x9f,
    0x58, 0xfa, 0x9b, 0xff, 0xf2, 0xda, 0x3f, 0xd0,
    0xef, 0x11, 0x20, 0x3f, 0xf8, 0xfb, 0xf7, 0x29,
    0x85, 0xfc, 0x0, 0x2, 0xff, 0x50, 0xef, 0xf2,
    0x0, 0x0, 0x85, 0x0, 0x0, 0x67, 0x0, 0x3e,
    0x90, 0x0, 0x0, 0x0, 0x0, 0x0, 0x0, 0x0,
    0x0, 0x0,

    /* U+51E0 "几" */
    0x0, 0x0, 0xef, 0xff, 0xff, 0xff, 0xf4, 0x0,
    0x0, 0x0, 0x0, 0xef, 0xff, 0xff, 0xff, 0xf4,
    0x0, 0x0, 0x0, 0x0, 0xef, 0x71, 0x11, 0x1f,
    0xf4, 0x0, 0x0, 0x0, 0x0, 0xef, 0x60, 0x0,
    0xf, 0xf4, 0x0, 0x0, 0x0, 0x0, 0xef, 0x60,
    0x0, 0xf, 0xf4, 0x0, 0x0, 0x0, 0x0, 0xef,
    0x60, 0x0, 0xf, 0xf4, 0x0, 0x0, 0x0, 0x0,
    0xff, 0x50, 0x0, 0xf, 0xf4, 0x0, 0x0, 0x0,
    0x0, 0xff, 0x40, 0x0, 0xf, 0xf4, 0x0, 0x0,
    0x0, 0x0, 0xff, 0x40, 0x0, 0xf, 0xf4, 0x0,
    0x0, 0x0, 0x3, 0xff, 0x10, 0x0, 0xf, 0xf4,
    0x0, 0x0, 0x0, 0x6, 0xfe, 0x0, 0x0, 0xf,
    0xf4, 0x0, 0x0, 0x0, 0xa, 0xfb, 0x0, 0x0,
    0xf, 0xf4, 0x7, 0x20, 0x0, 0x1f, 0xf6, 0x0,
    0x0, 0xf, 0xf4, 0xc, 0xf4, 0x0, 0x8f, 0xe0,
    0x0, 0x0, 0xf, 0xf4, 0xc, 0xf3, 0x4, 0xff,
    0x80, 0x0, 0x0, 0xe, 0xf7, 0x2f, 0xf1, 0x4f,
    0xfd, 0x0, 0x0, 0x0, 0xb, 0xff, 0xff, 0xd0,
    0x1c, 0xe3, 0x0, 0x0, 0x0, 0x3, 0xdf, 0xfd,
    0x40, 0x0, 0x20, 0x0, 0x0, 0x0, 0x0, 0x0,
    0x0, 0x0,

    /* U+5206 "分" */
    0x0, 0x0, 0x1, 0x0, 0x0, 0x0, 0x20, 0x0,
    0x0, 0x0, 0x0, 0xb, 0xf9, 0x0, 0x4e, 0xe0,
    0x0, 0x0, 0x0, 0x0, 0x3f, 0xf6, 0x0, 0xe,
    0xf8, 0x0, 0x0, 0x0, 0x0, 0xcf, 0xd0, 0x0,
    0x5, 0xff, 0x30, 0x0, 0x0, 0x6, 0xff, 0x50,
    0x0, 0x0, 0xcf, 0xe1, 0x0, 0x0, 0x4f, 0xfa,
    0x0, 0x0, 0x0, 0x1e, 0xfc, 0x0, 0x4, 0xff,
    0xe1, 0x0, 0x0, 0x0, 0x5, 0xff, 0xc1, 0x1f,
    0xff, 0xfe, 0xee, 0xee, 0xee, 0xee, 0xff, 0xf4,
    0x3, 0xea, 0xff, 0xff, 0xff, 0xff, 0xff, 0xda,
    0x40, 0x0, 0x1, 0x33, 0xaf, 0xc3, 0x33, 0x9f,
    0xc0, 0x0, 0x0, 0x0, 0x0, 0xcf, 0x80, 0x0,
    0x7f, 0xc0, 0x0, 0x0, 0x0, 0x0, 0xff, 0x50,
    0x0, 0x8f, 0xb0, 0x0, 0x0, 0x0, 0x7, 0xff,
    0x10, 0x0, 0x9f, 0xa0, 0x0, 0x0, 0x0, 0x1e,
    0xf9, 0x0, 0x0, 0xaf, 0x90, 0x0, 0x0, 0x1,
    0xdf, 0xf2, 0x0, 0x0, 0xdf, 0x70, 0x0, 0x0,
    0x4e, 0xff, 0x40, 0x2, 0x14, 0xff, 0x50, 0x0,
    0x9, 0xff, 0xf6, 0x0, 0xe, 0xff, 0xff, 0x10,
    0x0, 0x0, 0xeb, 0x30, 0x0, 0xa, 0xff, 0xd4,
    0x0, 0x0, 0x0, 0x10, 0x0, 0x0, 0x0, 0x0,
    0x0, 0x0, 0x0,

    /* U+521B "创" */
    0x0, 0x0, 0x4, 0x0, 0x0, 0x0, 0x0, 0x0,
    0x0, 0x0, 0x5, 0xfd, 0x0, 0x0, 0x0, 0xd,
    0xf4, 0x0, 0x0, 0xdf, 0xf3, 0x0, 0x4, 0x40,
    0xdf, 0x40, 0x0, 0x9f, 0xff, 0xf2, 0x1, 0xff,
    0xd, 0xf4, 0x0, 0x6f, 0xf3, 0xbf, 0xe1, 0x1f,
    0xf0, 0xdf, 0x40, 0x5f, 0xf6, 0x1, 0xef, 0xc2,
    0xff, 0xd, 0xf4, 0x7f, 0xf9, 0x0, 0x3, 0xff,
    0x8f, 0xf0, 0xdf, 0x43, 0xff, 0xdc, 0xcc, 0xcf,
    0xa1, 0xff, 0xd, 0xf4, 0x2, 0xdf, 0xff, 0xff,
    0xf3, 0x1f, 0xf0, 0xdf, 0x40, 0xc, 0xf5, 0x0,
    0xef, 0x21, 0xff, 0xd, 0xf4, 0x0, 0xcf, 0x40,
    0xf, 0xf1, 0x1f, 0xf0, 0xdf, 0x40, 0xc, 0xf4,
    0x25, 0xff, 0x1, 0xff, 0xd, 0xf4, 0x0, 0xcf,
    0x4f, 0xff, 0xb0, 0x1f, 0xf0, 0xdf, 0x40, 0xc,
    0xf4, 0x79, 0x75, 0x10, 0x22, 0xd, 0xf4, 0x0,
    0xcf, 0x40, 0x0, 0xaf, 0x50, 0x0, 0xdf, 0x40,
    0xc, 0xf5, 0x0, 0xc, 0xf5, 0x0, 0xe, 0xf3,
    0x0, 0xaf, 0xfd, 0xdd, 0xff, 0x1a, 0xff, 0xff,
    0x10, 0x2, 0xcf, 0xff, 0xfe, 0x60, 0x5f, 0xfc,
    0x60, 0x0, 0x0, 0x0, 0x0, 0x0, 0x0, 0x0,
    0x0, 0x0,

    /* U+523A "刺" */
    0x0, 0x0, 0x13, 0x10, 0x0, 0x0, 0x0, 0x0,
    0x0, 0x0, 0x7, 0xf7, 0x0, 0x0, 0x0, 0x2,
    0xfe, 0x3, 0x33, 0x9f, 0x93, 0x33, 0x3, 0x30,
    0x2f, 0xe3, 0xff, 0xff, 0xff, 0xff, 0xf2, 0xff,
    0x2, 0xfe, 0x2b, 0xbb, 0xdf, 0xdb, 0xbb, 0x2f,
    0xf0, 0x2f, 0xe0, 0x0, 0x7, 0xf7, 0x0, 0x1,
    0xff, 0x2, 0xfe, 0xb, 0xff, 0xff, 0xff, 0xff,
    0x1f, 0xf0, 0x2f, 0xe0, 0xbf, 0xee, 0xfe, 0xdf,
    0xf1, 0xff, 0x2, 0xfe, 0xb, 0xf1, 0x7f, 0x70,
    0xef, 0x1f, 0xf0, 0x2f, 0xe0, 0xbf, 0x17, 0xf8,
    0x6f, 0xe1, 0xff, 0x2, 0xfe, 0xb, 0xf1, 0xbf,
    0x8d, 0xfb, 0x1f, 0xf0, 0x2f, 0xe0, 0x11, 0x6f,
    0xfb, 0x43, 0x1, 0xff, 0x2, 0xfe, 0x0, 0x1e,
    0xff, 0xfe, 0x60, 0x1f, 0xf0, 0x2f, 0xe0, 0xc,
    0xfe, 0xfd, 0xff, 0xb0, 0x0, 0x2, 0xfe, 0x1c,
    0xfb, 0x7f, 0x76, 0xfa, 0x0, 0x0, 0x2f, 0xe7,
    0xfe, 0x17, 0xf7, 0x5, 0x20, 0x2, 0x25, 0xfe,
    0xd, 0x20, 0x7f, 0x70, 0x0, 0x0, 0xef, 0xff,
    0xb0, 0x0, 0x7, 0xf7, 0x0, 0x0, 0x9, 0xff,
    0xb2, 0x0, 0x0, 0x0, 0x0, 0x0, 0x0, 0x0,
    0x0, 0x0,

    /* U+52A0 "加" */
    0x0, 0xf, 0xf2, 0x0, 0x0, 0x0, 0x0, 0x0,
    0x0, 0x0, 0xff, 0x20, 0x0, 0x3, 0x33, 0x33,
    0x32, 0x0, 0xf, 0xf3, 0x0, 0x0, 0xef, 0xff,
    0xff, 0xd1, 0xff, 0xff, 0xff, 0xff, 0xe, 0xfe,
    0xde, 0xfd, 0x1f, 0xff, 0xff, 0xff, 0xf0, 0xef,
    0x10, 0x4f, 0xd0, 0x1, 0xff, 0x11, 0xff, 0xe,
    0xf1, 0x4, 0xfd, 0x0, 0x1f, 0xf0, 0x1f, 0xf0,
    0xef, 0x10, 0x4f, 0xd0, 0x2, 0xfe, 0x1, 0xff,
    0xe, 0xf1, 0x4, 0xfd, 0x0, 0x3f, 0xd0, 0x2f,
    0xe0, 0xef, 0x10, 0x4f, 0xd0, 0x6, 0xfb, 0x2,
    0xfe, 0xe, 0xf1, 0x4, 0xfd, 0x0, 0x9f, 0x90,
    0x3f, 0xd0, 0xef, 0x10, 0x4f, 0xd0, 0xd, 0xf6,
    0x4, 0xfd, 0xe, 0xf1, 0x4, 0xfd, 0x2, 0xff,
    0x30, 0x5f, 0xc0, 0xef, 0x31, 0x6f, 0xd0, 0xaf,
    0xe0, 0x7, 0xfb, 0xe, 0xff, 0xff, 0xfd, 0x4f,
    0xf8, 0x21, 0xcf, 0x90, 0xef, 0xff, 0xff, 0xd4,
    0xff, 0x2b, 0xff, 0xf5, 0xe, 0xf1, 0x4, 0xfd,
    0x8, 0x70, 0x7f, 0xf9, 0x0, 0xef, 0x10, 0x4d,
    0xb0, 0x0, 0x0, 0x0, 0x0, 0x0, 0x0, 0x0,
    0x0,

    /* U+52FF "勿" */
    0x0, 0x0, 0x0, 0x0, 0x0, 0x0, 0x0, 0x0,
    0x0, 0x0, 0xa, 0xd7, 0x0, 0x0, 0x0, 0x0,
    0x0, 0x0, 0x1, 0xff, 0x60, 0x0, 0x0, 0x0,
    0x0, 0x0, 0x0, 0x7f, 0xf6, 0x55, 0x55, 0x55,
    0x55, 0x55, 0x0, 0xd, 0xff, 0xff, 0xff, 0xff,
    0xff, 0xff, 0xe0, 0x4, 0xff, 0xcd, 0xff, 0xcc,
    0xff, 0xcd, 0xfd, 0x0, 0xdf, 0xa0, 0x8f, 0xc0,
    0x4f, 0xf0, 0x5f, 0xd0, 0x9f, 0xf2, 0xe, 0xf7,
    0x8, 0xfb, 0x6, 0xfc, 0x4f, 0xf8, 0x4, 0xff,
    0x10, 0xcf, 0x70, 0x7f, 0xb0, 0x6c, 0x0, 0xdf,
    0x90, 0x1f, 0xf2, 0x8, 0xfa, 0x0, 0x0, 0x5f,
    0xf1, 0x7, 0xfd, 0x0, 0x9f, 0x90, 0x0, 0x1e,
    0xf9, 0x0, 0xdf, 0x70, 0xa, 0xf8, 0x0, 0xc,
    0xfd, 0x0, 0x5f, 0xf1, 0x0, 0xbf, 0x70, 0xb,
    0xff, 0x30, 0xe, 0xf9, 0x0, 0xd, 0xf5, 0x7,
    0xff, 0x60, 0x8, 0xff, 0x10, 0x0, 0xff, 0x30,
    0x8, 0x70, 0x6, 0xff, 0x71, 0x21, 0x8f, 0xf0,
    0x0, 0x0, 0x3, 0xff, 0xa0, 0x2f, 0xff, 0xfa,
    0x0, 0x0, 0x0, 0x4, 0xb0, 0x0, 0xdf, 0xea,
    0x10, 0x0, 0x0, 0x0, 0x0, 0x0, 0x0, 0x0,
    0x0, 0x0,

    /* U+5355 "单" */
    0x0, 0x0, 0x0, 0x0, 0x0, 0x0, 0x0, 0x0,
    0x0, 0x0, 0x0, 0x7e, 0x30, 0x0, 0x0, 0xda,
    0x30, 0x0, 0x0, 0x0, 0xaf, 0xe0, 0x0, 0x8,
    0xff, 0x20, 0x0, 0x0, 0x0, 0x1e, 0xf6, 0x0,
    0x1f, 0xf8, 0x0, 0x0, 0x0, 0x8f, 0xff, 0xff,
    0xff, 0xff, 0xff, 0xfb, 0x0, 0x0, 0x8f, 0xeb,
    0xbc, 0xff, 0xcb, 0xbd, 0xfb, 0x0, 0x0, 0x8f,
    0x90, 0x3, 0xff, 0x10, 0x8, 0xfb, 0x0, 0x0,
    0x8f, 0xff, 0xff, 0xff, 0xff, 0xff, 0xfb, 0x0,
    0x0, 0x8f, 0xd9, 0x9a, 0xff, 0xa9, 0x9c, 0xfb,
    0x0, 0x0, 0x8f, 0x92, 0x24, 0xff, 0x32, 0x29,
    0xfb, 0x0, 0x0, 0x8f, 0xff, 0xff, 0xff, 0xff,
    0xff, 0xfb, 0x0, 0x0, 0x59, 0x99, 0x9a, 0xff,
    0xa9, 0x99, 0x97, 0x0, 0x2, 0x22, 0x22, 0x25,
    0xff, 0x42, 0x22, 0x22, 0x20, 0x2f, 0xff, 0xff,
    0xff, 0xff, 0xff, 0xff, 0xff, 0xf2, 0x1c, 0xcc,
    0xcc, 0xcd, 0xff, 0xdc, 0xcc, 0xcc, 0xc2, 0x0,
    0x0, 0x0, 0x2, 0xff, 0x10, 0x0, 0x0, 0x0,
    0x0, 0x0, 0x0, 0x2, 0xff, 0x10, 0x0, 0x0,
    0x0, 0x0, 0x0, 0x0, 0x2, 0xff, 0x10, 0x0,
    0x0, 0x0,

    /* U+5361 "卡" */
    0x0, 0x0, 0x0, 0xa, 0xfa, 0x0, 0x0, 0x0,
    0x0, 0x0, 0x0, 0x0, 0xa, 0xfa, 0x11, 0x11,
    0x10, 0x0, 0x0, 0x0, 0x0, 0xa, 0xff, 0xff,
    0xff, 0xf7, 0x0, 0x0, 0x0, 0x0, 0xa, 0xff,
    0xff, 0xff, 0xf7, 0x0, 0x0, 0x0, 0x0, 0xa,
    0xfa, 0x0, 0x0, 0x0, 0x0, 0x0, 0x0, 0x0,
    0xa, 0xfa, 0x0, 0x0, 0x0, 0x0, 0x2f, 0xff,
    0xff, 0xff, 0xff, 0xff, 0xff, 0xff, 0xf3, 0x2f,
    0xff, 0xff, 0xff, 0xff, 0xff, 0xff, 0xff, 0xf3,
    0x2, 0x22, 0x22, 0x2a, 0xfc, 0x22, 0x22, 0x22,
    0x20, 0x0, 0x0, 0x0, 0x8, 0xfb, 0x10, 0x0,
    0x0, 0x0, 0x0, 0x0, 0x0, 0x8, 0xfd, 0xed,
    0x71, 0x0, 0x0, 0x0, 0x0, 0x0, 0x8, 0xfe,
    0xef, 0xff, 0xa3, 0x0, 0x0, 0x0, 0x0, 0x8,
    0xfb, 0x6, 0xdf, 0xff, 0x40, 0x0, 0x0, 0x0,
    0x8, 0xfb, 0x0, 0x5, 0xdc, 0x0, 0x0, 0x0,
    0x0, 0x8, 0xfb, 0x0, 0x0, 0x1, 0x0, 0x0,
    0x0, 0x0, 0x8, 0xfb, 0x0, 0x0, 0x0, 0x0,
    0x0, 0x0, 0x0, 0x8, 0xfb, 0x0, 0x0, 0x0,
    0x0,

    /* U+539F "原" */
    0x0, 0xff, 0xff, 0xff, 0xff, 0xff, 0xff, 0xff,
    0xf1, 0x0, 0xff, 0xfe, 0xee, 0xef, 0xee, 0xee,
    0xee, 0xe1, 0x0, 0xff, 0x10, 0x0, 0xe, 0xc7,
    0x0, 0x0, 0x0, 0x0, 0xff, 0x10, 0x0, 0x5f,
    0xf7, 0x0, 0x0, 0x0, 0x0, 0xff, 0x1e, 0xff,
    0xff, 0xff, 0xff, 0xfe, 0x0, 0x0, 0xff, 0x1e,
    0xfa, 0x99, 0x99, 0x9b, 0xfe, 0x0, 0x0, 0xff,
    0x1e, 0xf9, 0x77, 0x77, 0x79, 0xfe, 0x0, 0x0,
    0xff, 0x1e, 0xff, 0xff, 0xff, 0xff, 0xfe, 0x0,
    0x1, 0xff, 0xe, 0xf3, 0x0, 0x0, 0x4, 0xfe,
    0x0, 0x2, 0xff, 0xe, 0xfb, 0xaa, 0xaa, 0xac,
    0xfe, 0x0, 0x4, 0xfd, 0xd, 0xff, 0xff, 0xff,
    0xff, 0xfe, 0x0, 0x6, 0xfb, 0x0, 0x51, 0x4,
    0xfd, 0x1, 0x20, 0x0, 0x9, 0xf8, 0x6, 0xfe,
    0x14, 0xfd, 0x2e, 0xe2, 0x0, 0xd, 0xf5, 0x1e,
    0xf6, 0x4, 0xfd, 0x9, 0xfd, 0x0, 0x3f, 0xf1,
    0xcf, 0xb0, 0x4, 0xfd, 0x0, 0xdf, 0xa0, 0x6f,
    0xb1, 0xdd, 0xb, 0xef, 0xfb, 0x0, 0x2f, 0xc1,
    0x2, 0x30, 0x1, 0x7, 0xfe, 0xc3, 0x0, 0x3,
    0x0,

    /* U+53D1 "发" */
    0x0, 0x0, 0x0, 0x0, 0x10, 0x0, 0x0, 0x0,
    0x0, 0x0, 0x4, 0x96, 0x3, 0xff, 0x30, 0x4d,
    0x30, 0x0, 0x0, 0xa, 0xfa, 0x5, 0xff, 0x10,
    0x8f, 0xe2, 0x0, 0x0, 0x1f, 0xf3, 0x8, 0xff,
    0x0, 0xb, 0xf8, 0x0, 0x0, 0x8f, 0xe4, 0x4c,
    0xfd, 0x44, 0x45, 0x94, 0x40, 0x2, 0xff, 0xff,
    0xff, 0xff, 0xff, 0xff, 0xff, 0xf0, 0x0, 0xdd,
    0xdc, 0xef, 0xfd, 0xcc, 0xcc, 0xcc, 0xc0, 0x0,
    0x0, 0x0, 0xaf, 0xe0, 0x0, 0x0, 0x0, 0x0,
    0x0, 0x0, 0x1, 0xff, 0xff, 0xff, 0xff, 0xe7,
    0x0, 0x0, 0x0, 0x9, 0xff, 0xff, 0xff, 0xff,
    0xf8, 0x0, 0x0, 0x0, 0x3f, 0xff, 0xc2, 0x22,
    0x8f, 0xf1, 0x0, 0x0, 0x1, 0xdf, 0xee, 0xf9,
    0x2, 0xff, 0x90, 0x0, 0x0, 0x1d, 0xff, 0x34,
    0xff, 0x8e, 0xfc, 0x0, 0x0, 0x4, 0xef, 0xf5,
    0x0, 0x7f, 0xff, 0xe1, 0x0, 0x0, 0x5f, 0xff,
    0x50, 0x5, 0xdf, 0xff, 0xf9, 0x20, 0x0, 0xa,
    0xc2, 0x4a, 0xef, 0xff, 0x9d, 0xff, 0xfd, 0x93,
    0x0, 0x0, 0x4f, 0xfe, 0x81, 0x0, 0x5c, 0xff,
    0xe1, 0x0, 0x0, 0x6, 0x40, 0x0, 0x0, 0x0,
    0x16, 0x40,

    /* U+53F3 "右" */
    0x0, 0x0, 0x0, 0x1, 0x0, 0x0, 0x0, 0x0,
    0x0, 0x0, 0x0, 0x0, 0x4f, 0xe0, 0x0, 0x0,
    0x0, 0x0, 0x0, 0x0, 0x0, 0x8f, 0xd0, 0x0,
    0x0, 0x0, 0x0, 0x2, 0x22, 0x22, 0xcf, 0xa2,
    0x22, 0x22, 0x22, 0x20, 0xf, 0xff, 0xff, 0xff,
    0xff, 0xff, 0xff, 0xff, 0xf0, 0xe, 0xff, 0xff,
    0xff, 0xff, 0xff, 0xff, 0xff, 0xf0, 0x0, 0x0,
    0xe, 0xf7, 0x0, 0x0, 0x0, 0x0, 0x0, 0x0,
    0x0, 0x7f, 0xf1, 0x0, 0x0, 0x0, 0x0, 0x0,
    0x0, 0x1, 0xef, 0xa2, 0x22, 0x22, 0x22, 0x21,
    0x0, 0x0, 0x9, 0xff, 0xff, 0xff, 0xff, 0xff,
    0xfc, 0x0, 0x0, 0x5f, 0xff, 0xff, 0xff, 0xff,
    0xff, 0xfc, 0x0, 0x5, 0xff, 0xef, 0xc0, 0x0,
    0x0, 0x7, 0xfc, 0x0, 0x5f, 0xfa, 0x6f, 0xc0,
    0x0, 0x0, 0x7, 0xfc, 0x0, 0xc, 0xb0, 0x5f,
    0xc0, 0x0, 0x0, 0x7, 0xfc, 0x0, 0x1, 0x0,
    0x5f, 0xd3, 0x33, 0x33, 0x39, 0xfc, 0x0, 0x0,
    0x0, 0x5f, 0xff, 0xff, 0xff, 0xff, 0xfc, 0x0,
    0x0, 0x0, 0x5f, 0xfd, 0xdd, 0xdd, 0xde, 0xfc,
    0x0, 0x0, 0x0, 0x5f, 0xc0, 0x0, 0x0, 0x7,
    0xeb, 0x0,

    /* U+54C1 "品" */
    0x0, 0x6f, 0xff, 0xff, 0xff, 0xff, 0xf6, 0x0,
    0x0, 0x6f, 0xff, 0xff, 0xff, 0xff, 0xf6, 0x0,
    0x0, 0x6f, 0xa0, 0x0, 0x0, 0xc, 0xf6, 0x0,
    0x0, 0x6f, 0xa0, 0x0, 0x0, 0xc, 0xf6, 0x0,
    0x0, 0x6f, 0xb1, 0x11, 0x11, 0x1d, 0xf6, 0x0,
    0x0, 0x6f, 0xff, 0xff, 0xff, 0xff, 0xf6, 0x0,
    0x0, 0x6f, 0xff, 0xff, 0xff, 0xff, 0xf6, 0x0,
    0x0, 0x0, 0x0, 0x0, 0x0, 0x0, 0x0, 0x0,
    0x44, 0x44, 0x44, 0x40, 0x14, 0x44, 0x44, 0x44,
    0xef, 0xff, 0xff, 0xf0, 0x4f, 0xff, 0xff, 0xfd,
    0xef, 0xcb, 0xcf, 0xf0, 0x4f, 0xfb, 0xbd, 0xfd,
    0xef, 0x10, 0x2f, 0xf0, 0x4f, 0xc0, 0x5, 0xfd,
    0xef, 0x10, 0x2f, 0xf0, 0x4f, 0xc0, 0x5, 0xfd,
    0xef, 0x42, 0x5f, 0xf0, 0x4f, 0xc2, 0x26, 0xfd,
    0xef, 0xff, 0xff, 0xf0, 0x4f, 0xff, 0xff, 0xfd,
    0xef, 0xee, 0xef, 0xf0, 0x4f, 0xfe, 0xef, 0xfd,
    0xef, 0x10, 0x2d, 0xd0, 0x4f, 0xc0, 0x4, 0xec,

    /* U+5546 "商" */
    0x0, 0x0, 0x0, 0x0, 0x47, 0x0, 0x0, 0x0,
    0x0, 0x0, 0x0, 0x0, 0x2, 0xff, 0x40, 0x0,
    0x0, 0x0, 0xc, 0xcc, 0xcc, 0xcc, 0xff, 0xec,
    0xcc, 0xcc, 0xc0, 0xf, 0xff, 0xff, 0xff, 0xff,
    0xff, 0xff, 0xff, 0xf0, 0x0, 0x0, 0x2d, 0xf2,
    0x0, 0x1e, 0xd5, 0x0, 0x0, 0x0, 0x0, 0xd,
    0xf8, 0x0, 0x5f, 0xe1, 0x0, 0x0, 0x1, 0xaa,
    0xad, 0xeb, 0xaa, 0xef, 0xda, 0xaa, 0x20, 0x2,
    0xff, 0xff, 0xff, 0xff, 0xff, 0xff, 0xff, 0x30,
    0x2, 0xfe, 0x0, 0x8c, 0x31, 0xbd, 0x20, 0xcf,
    0x30, 0x2, 0xfe, 0x2b, 0xfc, 0x10, 0xbf, 0xe4,
    0xbf, 0x30, 0x2, 0xfe, 0xdf, 0xb1, 0x0, 0x8,
    0xff, 0xef, 0x30, 0x2, 0xfe, 0x6d, 0xff, 0xff,
    0xff, 0xb8, 0xcf, 0x30, 0x2, 0xfe, 0x8, 0xf9,
    0x77, 0x9f, 0x70, 0xbf, 0x30, 0x2, 0xfe, 0x8,
    0xf4, 0x11, 0x5f, 0x70, 0xbf, 0x30, 0x2, 0xfe,
    0x8, 0xff, 0xff, 0xff, 0x70, 0xbf, 0x30, 0x2,
    0xfe, 0x8, 0xf8, 0x66, 0x66, 0x20, 0xbf, 0x30,
    0x2, 0xfe, 0x1, 0x10, 0x0, 0x2, 0x99, 0xff,
    0x20, 0x2, 0xfe, 0x0, 0x0, 0x0, 0x0, 0xde,
    0xd7, 0x0,

    /* U+56DE "回" */
    0xef, 0xff, 0xff, 0xff, 0xff, 0xff, 0xff, 0xf6,
    0xef, 0xff, 0xff, 0xff, 0xff, 0xff, 0xff, 0xf6,
    0xef, 0x73, 0x33, 0x33, 0x33, 0x33, 0x3f, 0xf6,
    0xef, 0x50, 0x0, 0x0, 0x0, 0x0, 0xe, 0xf6,
    0xef, 0x50, 0x22, 0x22, 0x22, 0x20, 0xe, 0xf6,
    0xef, 0x50, 0xff, 0xff, 0xff, 0xf4, 0xe, 0xf6,
    0xef, 0x50, 0xff, 0xcb, 0xbf, 0xf4, 0xe, 0xf6,
    0xef, 0x50, 0xff, 0x10, 0xe, 0xf4, 0xe, 0xf6,
    0xef, 0x50, 0xff, 0x10, 0xe, 0xf4, 0xe, 0xf6,
    0xef, 0x50, 0xff, 0x31, 0x1e, 0xf4, 0xe, 0xf6,
    0xef, 0x50, 0xff, 0xff, 0xff, 0xf4, 0xe, 0xf6,
    0xef, 0x50, 0xbb, 0xbb, 0xbb, 0xb3, 0xe, 0xf6,
    0xef, 0x50, 0x0, 0x0, 0x0, 0x0, 0xe, 0xf6,
    0xef, 0x72, 0x22, 0x22, 0x22, 0x22, 0x2e, 0xf6,
    0xef, 0xff, 0xff, 0xff, 0xff, 0xff, 0xff, 0xf6,
    0xef, 0xed, 0xdd, 0xdd, 0xdd, 0xdd, 0xdf, 0xf6,
    0xef, 0x50, 0x0, 0x0, 0x0, 0x0, 0xe, 0xf6,

    /* U+56F0 "困" */
    0xef, 0xff, 0xff, 0xff, 0xff, 0xff, 0xff, 0xf8,
    0xef, 0xff, 0xff, 0xff, 0xff, 0xff, 0xff, 0xf8,
    0xef, 0x30, 0x0, 0x16, 0x50, 0x0, 0xb, 0xf8,
    0xef, 0x30, 0x0, 0x3f, 0xc0, 0x0, 0xb, 0xf8,
    0xef, 0x30, 0x0, 0x3f, 0xc0, 0x0, 0xb, 0xf8,
    0xef, 0x3d, 0xdd, 0xef, 0xfd, 0xdd, 0x8b, 0xf8,
    0xef, 0x3f, 0xff, 0xff, 0xff, 0xff, 0x9b, 0xf8,
    0xef, 0x30, 0x8, 0xff, 0xf9, 0x0, 0xb, 0xf8,
    0xef, 0x30, 0x4f, 0xff, 0xff, 0xa0, 0xb, 0xf8,
    0xef, 0x33, 0xef, 0x8f, 0xdc, 0xfb, 0xb, 0xf8,
    0xef, 0x9f, 0xf8, 0x3f, 0xc0, 0xcf, 0xbb, 0xf8,
    0xef, 0x6e, 0x80, 0x3f, 0xc0, 0xc, 0x5b, 0xf8,
    0xef, 0x31, 0x0, 0x3f, 0xc0, 0x0, 0xb, 0xf8,
    0xef, 0x40, 0x0, 0x27, 0x50, 0x0, 0xb, 0xf8,
    0xef, 0xff, 0xff, 0xff, 0xff, 0xff, 0xff, 0xf8,
    0xef, 0xff, 0xff, 0xff, 0xff, 0xff, 0xff, 0xf8,
    0xef, 0x30, 0x0, 0x0, 0x0, 0x0, 0xb, 0xf8,

    /* U+56FA "固" */
    0xdf, 0xff, 0xff, 0xff, 0xff, 0xff, 0xff, 0xf7,
    0xdf, 0xff, 0xff, 0xff, 0xff, 0xff, 0xff, 0xf7,
    0xdf, 0x40, 0x0, 0x0, 0x0, 0x0, 0xb, 0xf7,
    0xdf, 0x40, 0x0, 0x4f, 0xb0, 0x0, 0xb, 0xf7,
    0xdf, 0x40, 0x0, 0x4f, 0xc0, 0x0, 0xb, 0xf7,
    0xdf, 0x4e, 0xff, 0xff, 0xff, 0xff, 0x8b, 0xf7,
    0xdf, 0x4a, 0xaa, 0xcf, 0xea, 0xaa, 0x5b, 0xf7,
    0xdf, 0x40, 0x0, 0x4f, 0xc0, 0x0, 0xb, 0xf7,
    0xdf, 0x41, 0xff, 0xff, 0xff, 0xfc, 0xb, 0xf7,
    0xdf, 0x41, 0xfe, 0x88, 0x8a, 0xfc, 0xb, 0xf7,
    0xdf, 0x41, 0xfc, 0x0, 0x3, 0xfc, 0xb, 0xf7,
    0xdf, 0x41, 0xff, 0xff, 0xff, 0xfc, 0xb, 0xf7,
    0xdf, 0x40, 0xaa, 0xaa, 0xaa, 0xa8, 0xb, 0xf7,
    0xdf, 0x50, 0x0, 0x0, 0x0, 0x0, 0xc, 0xf7,
    0xdf, 0xff, 0xff, 0xff, 0xff, 0xff, 0xff, 0xf7,
    0xdf, 0xff, 0xff, 0xff, 0xff, 0xff, 0xff, 0xf7,
    0xdf, 0x40, 0x0, 0x0, 0x0, 0x0, 0xb, 0xf7,

    /* U+589E "增" */
    0x0, 0x0, 0x0, 0x0, 0x1, 0x0, 0x1, 0x10,
    0x0, 0x8, 0xf7, 0x0, 0x4e, 0xe1, 0x0, 0x9f,
    0x90, 0x0, 0x8f, 0x70, 0x0, 0xef, 0xa0, 0x1f,
    0xf3, 0x0, 0x8, 0xf7, 0x4, 0xad, 0xfb, 0xac,
    0xfe, 0xa7, 0x0, 0x8f, 0x70, 0x7f, 0xcb, 0xbf,
    0xdb, 0xcf, 0xa2, 0xff, 0xff, 0xf7, 0xf9, 0xc1,
    0xf8, 0x8a, 0xfa, 0x2f, 0xff, 0xff, 0x7f, 0x5f,
    0x7f, 0x8e, 0x7f, 0xa0, 0x8, 0xf7, 0x7, 0xf1,
    0xb8, 0xfb, 0xb2, 0xfa, 0x0, 0x8f, 0x70, 0x7f,
    0xdd, 0xdf, 0xed, 0xdf, 0xa0, 0x8, 0xf7, 0x4,
    0x99, 0x99, 0x99, 0x99, 0x96, 0x0, 0x8f, 0x70,
    0x7, 0x99, 0x99, 0x99, 0x98, 0x0, 0x8, 0xf8,
    0x50, 0xbf, 0xff, 0xff, 0xff, 0xe0, 0x0, 0xaf,
    0xff, 0x2b, 0xf5, 0x11, 0x13, 0xfe, 0x5, 0xff,
    0xff, 0x91, 0xbf, 0xff, 0xff, 0xff, 0xe0, 0x1f,
    0xc6, 0x0, 0xb, 0xf7, 0x44, 0x45, 0xfe, 0x0,
    0x20, 0x0, 0x0, 0xbf, 0xff, 0xff, 0xff, 0xe0,
    0x0, 0x0, 0x0, 0xb, 0xfb, 0x99, 0x9a, 0xfe,
    0x0, 0x0, 0x0, 0x0, 0xbf, 0x30, 0x0, 0x1f,
    0xe0,

    /* U+5907 "备" */
    0x0, 0x0, 0x0, 0x32, 0x0, 0x0, 0x0, 0x0,
    0x0, 0x0, 0x0, 0x3, 0xff, 0x70, 0x0, 0x0,
    0x0, 0x0, 0x0, 0x0, 0x3e, 0xff, 0xdd, 0xdd,
    0xdd, 0x60, 0x0, 0x0, 0x7, 0xff, 0xff, 0xff,
    0xff, 0xff, 0x90, 0x0, 0x5, 0xdf, 0xff, 0xb1,
    0x0, 0x5e, 0xfc, 0x0, 0x0, 0x4, 0xfd, 0x7e,
    0xfe, 0x8a, 0xff, 0xa0, 0x0, 0x0, 0x0, 0x40,
    0x2, 0xdf, 0xff, 0xfc, 0x20, 0x0, 0x0, 0x14,
    0x69, 0xdf, 0xff, 0xff, 0xff, 0xff, 0xb9, 0x73,
    0x5f, 0xff, 0xff, 0xb6, 0x0, 0x5a, 0xff, 0xff,
    0xf2, 0xc, 0xce, 0xa7, 0x66, 0x66, 0x66, 0x69,
    0xc9, 0x60, 0x0, 0x5f, 0xff, 0xff, 0xff, 0xff,
    0xff, 0xf2, 0x0, 0x0, 0x5f, 0xf6, 0x68, 0xff,
    0x76, 0x8f, 0xf2, 0x0, 0x0, 0x5f, 0xf9, 0x9b,
    0xff, 0xa9, 0xbf, 0xf2, 0x0, 0x0, 0x5f, 0xff,
    0xff, 0xff, 0xff, 0xff, 0xf2, 0x0, 0x0, 0x5f,
    0xe0, 0x3, 0xff, 0x10, 0x4f, 0xf2, 0x0, 0x0,
    0x5f, 0xfc, 0xcd, 0xff, 0xcc, 0xdf, 0xf2, 0x0,
    0x0, 0x5f, 0xff, 0xff, 0xff, 0xff, 0xff, 0xf2,
    0x0, 0x0, 0x5f, 0xe0, 0x0, 0x0, 0x0, 0x4f,
    0xf2, 0x0,

    /* U+5927 "大" */
    0x0, 0x0, 0x0, 0x3, 0xff, 0x20, 0x0, 0x0,
    0x0, 0x0, 0x0, 0x0, 0x4, 0xff, 0x10, 0x0,
    0x0, 0x0, 0x0, 0x0, 0x0, 0x4, 0xff, 0x0,
    0x0, 0x0, 0x0, 0x0, 0x0, 0x0, 0x5, 0xff,
    0x0, 0x0, 0x0, 0x0, 0x4, 0x44, 0x44, 0x48,
    0xff, 0x44, 0x44, 0x44, 0x40, 0xf, 0xff, 0xff,
    0xff, 0xff, 0xff, 0xff, 0xff, 0xf0, 0xf, 0xff,
    0xff, 0xff, 0xff, 0xff, 0xff, 0xff, 0xf0, 0x0,
    0x0, 0x0, 0xe, 0xff, 0xe0, 0x0, 0x0, 0x0,
    0x0, 0x0, 0x0, 0x4f, 0xff, 0xf5, 0x0, 0x0,
    0x0, 0x0, 0x0, 0x0, 0xaf, 0xdb, 0xfc, 0x0,
    0x0, 0x0, 0x0, 0x0, 0x3, 0xff, 0x73, 0xff,
    0x70, 0x0, 0x0, 0x0, 0x0, 0x1d, 0xfe, 0x0,
    0xbf, 0xf3, 0x0, 0x0, 0x0, 0x0, 0xcf, 0xf4,
    0x0, 0x1e, 0xff, 0x30, 0x0, 0x0, 0x3c, 0xff,
    0x80, 0x0, 0x5, 0xff, 0xf6, 0x0, 0x9, 0xff,
    0xf8, 0x0, 0x0, 0x0, 0x5f, 0xff, 0xd2, 0xa,
    0xfe, 0x50, 0x0, 0x0, 0x0, 0x4, 0xdf, 0xa0,
    0x0, 0x81, 0x0, 0x0, 0x0, 0x0, 0x0, 0x7,
    0x10,

    /* U+59CB "始" */
    0x0, 0x0, 0x0, 0x0, 0x0, 0x0, 0x0, 0x0,
    0x0, 0x0, 0x7f, 0x80, 0x0, 0x0, 0x9e, 0x70,
    0x0, 0x0, 0x0, 0x9f, 0x60, 0x0, 0x1, 0xff,
    0x40, 0x0, 0x0, 0x0, 0xbf, 0x30, 0x0, 0x7,
    0xfd, 0x6, 0xb0, 0x0, 0x4e, 0xff, 0xff, 0xe0,
    0xe, 0xf5, 0xc, 0xf7, 0x0, 0x5f, 0xff, 0xff,
    0xe0, 0x8f, 0xc0, 0x3, 0xff, 0x20, 0x4, 0xfb,
    0x1f, 0xd4, 0xff, 0xa8, 0x9a, 0xff, 0xa0, 0x6,
    0xf8, 0x3f, 0xbb, 0xff, 0xff, 0xff, 0xff, 0xf1,
    0xa, 0xf4, 0x5f, 0xa6, 0xdb, 0x97, 0x64, 0x3b,
    0xe3, 0xe, 0xf1, 0x9f, 0x60, 0x0, 0x0, 0x0,
    0x1, 0x0, 0xf, 0xfb, 0xdf, 0x20, 0xef, 0xff,
    0xff, 0xff, 0x40, 0x2, 0xef, 0xff, 0x0, 0xef,
    0xff, 0xff, 0xff, 0x40, 0x0, 0x1e, 0xfe, 0x10,
    0xef, 0x0, 0x0, 0xcf, 0x40, 0x0, 0x2f, 0xff,
    0xc0, 0xef, 0x0, 0x0, 0xcf, 0x40, 0x0, 0xcf,
    0xbe, 0xe1, 0xef, 0x10, 0x0, 0xcf, 0x40, 0x2d,
    0xff, 0x13, 0x50, 0xef, 0xff, 0xff, 0xff, 0x40,
    0x1e, 0xf5, 0x0, 0x0, 0xef, 0xed, 0xdd, 0xff,
    0x40, 0x6, 0x40, 0x0, 0x0, 0xef, 0x0, 0x0,
    0xcf, 0x40,

    /* U+5B58 "存" */
    0x0, 0x0, 0x0, 0x11, 0x0, 0x0, 0x0, 0x0,
    0x0, 0x0, 0x0, 0x0, 0xaf, 0xa0, 0x0, 0x0,
    0x0, 0x0, 0x0, 0x0, 0x0, 0xff, 0x70, 0x0,
    0x0, 0x0, 0x0, 0xf, 0xff, 0xff, 0xff, 0xff,
    0xff, 0xff, 0xff, 0xf0, 0xf, 0xff, 0xff, 0xff,
    0xff, 0xff, 0xff, 0xff, 0xf0, 0x1, 0x11, 0x6f,
    0xf3, 0x11, 0x11, 0x11, 0x11, 0x10, 0x0, 0x1,
    0xef, 0x83, 0xbb, 0xbb, 0xbb, 0xb6, 0x0, 0x0,
    0xa, 0xfe, 0x5, 0xff, 0xff, 0xff, 0xfe, 0x10,
    0x0, 0x7f, 0xf5, 0x1, 0x33, 0x34, 0xdf, 0xe3,
    0x0, 0x8, 0xff, 0xf3, 0x0, 0x0, 0xc, 0xfd,
    0x20, 0x0, 0x7f, 0xff, 0xf3, 0x0, 0x0, 0x2f,
    0xf1, 0x0, 0x0, 0x2f, 0xbf, 0xf3, 0xaf, 0xff,
    0xff, 0xff, 0xff, 0xf4, 0x4, 0xf, 0xf3, 0xbf,
    0xff, 0xff, 0xff, 0xff, 0xf4, 0x0, 0xf, 0xf3,
    0x0, 0x0, 0x3f, 0xf1, 0x0, 0x0, 0x0, 0xf,
    0xf3, 0x0, 0x0, 0x2f, 0xf0, 0x0, 0x0, 0x0,
    0xf, 0xf3, 0x0, 0x0, 0x3f, 0xf0, 0x0, 0x0,
    0x0, 0xf, 0xf3, 0x0, 0x9f, 0xff, 0xe0, 0x0,
    0x0, 0x0, 0xe, 0xf3, 0x0, 0x5f, 0xfc, 0x40,
    0x0, 0x0, 0x0, 0x0, 0x0, 0x0, 0x0, 0x0,
    0x0, 0x0, 0x0,

    /* U+5B8C "完" */
    0x0, 0x0, 0x0, 0x0, 0x1, 0x0, 0x0, 0x0,
    0x0, 0x0, 0x0, 0x0, 0x7, 0xfd, 0x0, 0x0,
    0x0, 0x0, 0x2, 0x33, 0x33, 0x37, 0xff, 0x63,
    0x33, 0x33, 0x20, 0xb, 0xff, 0xff, 0xff, 0xff,
    0xff, 0xff, 0xff, 0xb0, 0xb, 0xfe, 0xdd, 0xdd,
    0xdd, 0xdd, 0xdd, 0xef, 0xb0, 0xb, 0xf6, 0x0,
    0x0, 0x0, 0x0, 0x0, 0x8f, 0xb0, 0xb, 0xf6,
    0xbf, 0xff, 0xff, 0xff, 0xf9, 0x8f, 0xb0, 0x2,
    0x31, 0xbe, 0xee, 0xee, 0xee, 0xe9, 0x23, 0x20,
    0x0, 0x0, 0x0, 0x0, 0x0, 0x0, 0x0, 0x0,
    0x0, 0xf, 0xff, 0xff, 0xff, 0xff, 0xff, 0xff,
    0xff, 0xf0, 0xf, 0xff, 0xff, 0xff, 0xff, 0xff,
    0xff, 0xff, 0xf0, 0x1, 0x11, 0x1a, 0xf9, 0x11,
    0xff, 0x41, 0x11, 0x10, 0x0, 0x0, 0xc, 0xf6,
    0x0, 0xff, 0x30, 0x0, 0x0, 0x0, 0x0, 0x1f,
    0xf4, 0x0, 0xff, 0x30, 0x4, 0x0, 0x0, 0x0,
    0x8f, 0xe0, 0x0, 0xff, 0x30, 0x9, 0xe4, 0x0,
    0x1a, 0xff, 0x70, 0x0, 0xef, 0x50, 0xc, 0xf3,
    0x1c, 0xff, 0xfa, 0x0, 0x0, 0xcf, 0xff, 0xff,
    0xf0, 0xa, 0xfb, 0x40, 0x0, 0x0, 0x3d, 0xff,
    0xfe, 0x60, 0x1, 0x0, 0x0, 0x0, 0x0, 0x0,
    0x0, 0x0, 0x0,

    /* U+5B98 "官" */
    0x0, 0x0, 0x0, 0x4, 0x60, 0x0, 0x0, 0x0,
    0x0, 0x0, 0x0, 0x3f, 0xf2, 0x0, 0x0, 0x0,
    0xef, 0xff, 0xff, 0xff, 0xff, 0xff, 0xff, 0xfa,
    0xef, 0xff, 0xff, 0xff, 0xff, 0xff, 0xff, 0xfa,
    0xef, 0x51, 0x11, 0x11, 0x11, 0x11, 0x1a, 0xfa,
    0x89, 0xac, 0xcc, 0xcc, 0xcc, 0xcc, 0xca, 0x96,
    0x0, 0xaf, 0xff, 0xff, 0xff, 0xff, 0xf5, 0x0,
    0x0, 0xaf, 0x80, 0x0, 0x0, 0xd, 0xf5, 0x0,
    0x0, 0xaf, 0xc9, 0x99, 0x99, 0x9e, 0xf5, 0x0,
    0x0, 0xaf, 0xff, 0xff, 0xff, 0xff, 0xf5, 0x0,
    0x0, 0xaf, 0x92, 0x22, 0x22, 0x22, 0x21, 0x0,
    0x0, 0xaf, 0xda, 0xaa, 0xaa, 0xaa, 0xaa, 0x0,
    0x0, 0xaf, 0xff, 0xff, 0xff, 0xff, 0xff, 0x0,
    0x0, 0xaf, 0x93, 0x33, 0x33, 0x36, 0xff, 0x0,
    0x0, 0xaf, 0x80, 0x0, 0x0, 0x4, 0xff, 0x0,
    0x0, 0xaf, 0xff, 0xff, 0xff, 0xff, 0xff, 0x0,
    0x0, 0xaf, 0xed, 0xdd, 0xdd, 0xde, 0xff, 0x0,
    0x0, 0xaf, 0x70, 0x0, 0x0, 0x3, 0xee, 0x0,

    /* U+5B9A "定" */
    0x0, 0x0, 0x0, 0x0, 0x1, 0x0, 0x0, 0x0,
    0x0, 0x0, 0x0, 0x0, 0x8f, 0xa0, 0x0, 0x0,
    0x0, 0x2, 0x22, 0x22, 0x27, 0xff, 0x32, 0x22,
    0x22, 0x0, 0xef, 0xff, 0xff, 0xff, 0xff, 0xff,
    0xff, 0xf5, 0xe, 0xfe, 0xdd, 0xdd, 0xdd, 0xdd,
    0xdd, 0xff, 0x50, 0xef, 0x30, 0x0, 0x0, 0x0,
    0x0, 0xe, 0xf5, 0xe, 0xf6, 0xff, 0xff, 0xff,
    0xff, 0xf8, 0xef, 0x50, 0x55, 0x4f, 0xff, 0xff,
    0xff, 0xff, 0x95, 0x51, 0x0, 0x0, 0x11, 0x16,
    0xfe, 0x11, 0x10, 0x0, 0x0, 0x0, 0xaf, 0x70,
    0x5f, 0xe0, 0x0, 0x0, 0x0, 0x0, 0xc, 0xf6,
    0x5, 0xff, 0xcc, 0xcc, 0xa0, 0x0, 0x0, 0xff,
    0x50, 0x5f, 0xff, 0xff, 0xfd, 0x0, 0x0, 0x3f,
    0xfb, 0x5, 0xff, 0x33, 0x33, 0x30, 0x0, 0x8,
    0xff, 0xf4, 0x5f, 0xe0, 0x0, 0x0, 0x0, 0x0,
    0xef, 0xdf, 0xfa, 0xfe, 0x0, 0x0, 0x0, 0x0,
    0x8f, 0xe0, 0xcf, 0xff, 0xf4, 0x32, 0x22, 0x22,
    0x6f, 0xf6, 0x1, 0xbf, 0xff, 0xff, 0xff, 0xff,
    0xb1, 0xca, 0x0, 0x0, 0x49, 0xde, 0xff, 0xff,
    0xf6, 0x0, 0x0, 0x0, 0x0, 0x0, 0x0, 0x0,
    0x0, 0x0,

    /* U+5C0F "小" */
    0x0, 0x0, 0x0, 0x1, 0xff, 0x30, 0x0, 0x0,
    0x0, 0x0, 0x0, 0x0, 0x1, 0xff, 0x30, 0x0,
    0x0, 0x0, 0x0, 0x0, 0x0, 0x1, 0xff, 0x30,
    0x0, 0x0, 0x0, 0x0, 0x0, 0x0, 0x1, 0xff,
    0x30, 0x0, 0x0, 0x0, 0x0, 0xa, 0x83, 0x1,
    0xff, 0x30, 0x39, 0x80, 0x0, 0x0, 0x2f, 0xf6,
    0x1, 0xff, 0x30, 0x8f, 0xf1, 0x0, 0x0, 0x6f,
    0xf1, 0x1, 0xff, 0x30, 0x1f, 0xf8, 0x0, 0x0,
    0xaf, 0xd0, 0x1, 0xff, 0x30, 0x9, 0xff, 0x10,
    0x0, 0xef, 0x80, 0x1, 0xff, 0x30, 0x2, 0xff,
    0x70, 0x5, 0xff, 0x30, 0x1, 0xff, 0x30, 0x0,
    0xbf, 0xd0, 0xc, 0xfc, 0x0, 0x1, 0xff, 0x30,
    0x0, 0x6f, 0xf3, 0x5f, 0xf5, 0x0, 0x1, 0xff,
    0x30, 0x0, 0x1f, 0xf8, 0x5, 0xa0, 0x0, 0x1,
    0xff, 0x30, 0x0, 0xd, 0xd6, 0x0, 0x0, 0x0,
    0x1, 0xff, 0x30, 0x0, 0x2, 0x0, 0x0, 0x0,
    0x12, 0x25, 0xff, 0x30, 0x0, 0x0, 0x0, 0x0,
    0x0, 0x4f, 0xff, 0xff, 0x0, 0x0, 0x0, 0x0,
    0x0, 0x0, 0xe, 0xff, 0xc4, 0x0, 0x0, 0x0,
    0x0, 0x0, 0x0, 0x0, 0x0, 0x0, 0x0, 0x0,
    0x0, 0x0,

    /* U+5C11 "少" */
    0x0, 0x0, 0x0, 0x3, 0xfe, 0x0, 0x0, 0x0,
    0x0, 0x0, 0x0, 0x0, 0x3, 0xfe, 0x0, 0x0,
    0x0, 0x0, 0x0, 0x0, 0x30, 0x3, 0xfe, 0x0,
    0x2, 0x10, 0x0, 0x0, 0x6, 0xfc, 0x3, 0xfe,
    0x0, 0x6f, 0xa0, 0x0, 0x0, 0xd, 0xf6, 0x3,
    0xfe, 0x0, 0x1f, 0xf4, 0x0, 0x0, 0x4f, 0xe0,
    0x3, 0xfe, 0x0, 0x7, 0xfd, 0x0, 0x0, 0xdf,
    0x80, 0x3, 0xfe, 0x0, 0x0, 0xef, 0x60, 0x7,
    0xfe, 0x0, 0x3, 0xfe, 0x0, 0x0, 0x5f, 0xe0,
    0xc, 0xf6, 0x0, 0x3, 0xfe, 0x0, 0x0, 0xd,
    0xe2, 0x0, 0x50, 0x0, 0x3, 0xfe, 0x0, 0x8,
    0x33, 0x0, 0x0, 0x0, 0x0, 0x3, 0xfe, 0x0,
    0xbf, 0xe1, 0x0, 0x0, 0x0, 0x0, 0x0, 0x33,
    0xa, 0xff, 0x30, 0x0, 0x0, 0x0, 0x0, 0x0,
    0x6, 0xef, 0xf5, 0x0, 0x0, 0x0, 0x0, 0x0,
    0x38, 0xdf, 0xfd, 0x30, 0x0, 0x0, 0x15, 0x79,
    0xbf, 0xff, 0xfe, 0x70, 0x0, 0x0, 0x0, 0x2f,
    0xff, 0xff, 0xe9, 0x40, 0x0, 0x0, 0x0, 0x0,
    0x9, 0xa8, 0x52, 0x0, 0x0, 0x0, 0x0, 0x0,
    0x0,

    /* U+5C1D "尝" */
    0x0, 0x5, 0xa1, 0x2, 0xff, 0x20, 0xa, 0x61,
    0x0, 0x0, 0xdf, 0xb0, 0x2f, 0xf2, 0x9, 0xfe,
    0x20, 0x1, 0x15, 0xfd, 0x33, 0xff, 0x33, 0xef,
    0x51, 0x10, 0xaf, 0xff, 0xff, 0xff, 0xff, 0xff,
    0xff, 0xf9, 0xa, 0xfe, 0xbb, 0xbb, 0xbb, 0xbb,
    0xbb, 0xef, 0x90, 0xaf, 0x91, 0x11, 0x11, 0x11,
    0x11, 0x1b, 0xf9, 0x7, 0xbf, 0xff, 0xff, 0xff,
    0xff, 0xff, 0xeb, 0x70, 0x0, 0xdf, 0xff, 0xff,
    0xff, 0xff, 0xf9, 0x0, 0x0, 0x0, 0x0, 0x0,
    0x0, 0x0, 0x0, 0x0, 0x0, 0xff, 0xff, 0xff,
    0xff, 0xff, 0xff, 0xff, 0xfe, 0xf, 0xff, 0xff,
    0xff, 0xff, 0xff, 0xff, 0xff, 0xf0, 0x11, 0x13,
    0xef, 0xe3, 0x12, 0x8e, 0x31, 0x11, 0x0, 0x1,
    0xcf, 0xe3, 0x0, 0x1d, 0xfd, 0x10, 0x0, 0x2,
    0xdf, 0xf5, 0x23, 0x56, 0x9f, 0xfc, 0x0, 0x0,
    0xff, 0xff, 0xff, 0xff, 0xff, 0xff, 0xfa, 0x0,
    0xb, 0xff, 0xfe, 0xdb, 0xa9, 0x76, 0x8f, 0xf2,
    0x0, 0x34, 0x10, 0x0, 0x0, 0x0, 0x0, 0x61,
    0x0,

    /* U+5C31 "就" */
    0x0, 0x0, 0x0, 0x0, 0x0, 0x0, 0x0, 0x0,
    0x0, 0x0, 0x3, 0xdc, 0x0, 0x0, 0x2, 0xfd,
    0x13, 0x0, 0x2, 0x22, 0xff, 0x52, 0x20, 0x2,
    0xfd, 0xce, 0x20, 0x2f, 0xff, 0xff, 0xff, 0xf1,
    0x3, 0xfc, 0x3f, 0xb0, 0x18, 0x88, 0x88, 0x88,
    0x80, 0x3, 0xfc, 0x8, 0x50, 0x4, 0xaa, 0xaa,
    0xaa, 0x49, 0xde, 0xff, 0xdd, 0xd4, 0x6, 0xff,
    0xff, 0xff, 0x7a, 0xff, 0xff, 0xff, 0xf5, 0x6,
    0xf7, 0x0, 0x8f, 0x70, 0x7, 0xf9, 0x0, 0x0,
    0x6, 0xf7, 0x0, 0x8f, 0x70, 0x8, 0xfb, 0x40,
    0x0, 0x6, 0xff, 0xff, 0xff, 0x70, 0xb, 0xff,
    0xd0, 0x0, 0x3, 0x99, 0xef, 0xa9, 0x40, 0xe,
    0xff, 0xd0, 0x0, 0x1, 0xc6, 0xcf, 0x6d, 0x20,
    0x2f, 0xef, 0xd0, 0x0, 0x4, 0xf8, 0xcf, 0x5f,
    0x90, 0x7f, 0x8e, 0xd0, 0x0, 0x9, 0xf3, 0xcf,
    0x2d, 0xf0, 0xef, 0x3e, 0xd0, 0x30, 0xf, 0xe0,
    0xcf, 0x18, 0xa7, 0xfd, 0xe, 0xd0, 0xf8, 0x4f,
    0x80, 0xcf, 0x10, 0x2f, 0xf5, 0xe, 0xd0, 0xfa,
    0x5, 0x4c, 0xff, 0x0, 0xdf, 0xb0, 0xd, 0xfd,
    0xf7, 0x0, 0xe, 0xe8, 0x0, 0x5d, 0x10, 0x3,
    0xac, 0x90, 0x0, 0x0, 0x0, 0x0, 0x0, 0x0,
    0x0, 0x0, 0x0,

    /* U+5C4F "屏" */
    0x0, 0xdf, 0xff, 0xff, 0xff, 0xff, 0xff, 0xff,
    0x70, 0x0, 0xdf, 0xed, 0xdd, 0xdd, 0xdd, 0xdd,
    0xff, 0x70, 0x0, 0xdf, 0x40, 0x0, 0x0, 0x0,
    0x0, 0xcf, 0x70, 0x0, 0xdf, 0xdb, 0xbb, 0xbb,
    0xbb, 0xbb, 0xff, 0x70, 0x0, 0xdf, 0xff, 0xff,
    0xff, 0xff, 0xff, 0xff, 0x70, 0x0, 0xdf, 0x61,
    0x7e, 0x81, 0x11, 0x6e, 0x91, 0x0, 0x0, 0xdf,
    0x40, 0x6f, 0xb0, 0x0, 0xbf, 0xa0, 0x0, 0x0,
    0xef, 0x7d, 0xdf, 0xdd, 0xdd, 0xff, 0xdd, 0x90,
    0x0, 0xff, 0x6f, 0xff, 0xff, 0xff, 0xff, 0xff,
    0xa0, 0x0, 0xff, 0x30, 0xe, 0xf2, 0x0, 0xff,
    0x20, 0x0, 0x1, 0xff, 0x20, 0xe, 0xf3, 0x0,
    0xff, 0x20, 0x0, 0x2, 0xff, 0x9f, 0xff, 0xff,
    0xff, 0xff, 0xff, 0xf3, 0x5, 0xfe, 0x6c, 0xdf,
    0xfc, 0xcc, 0xff, 0xcc, 0xc2, 0x9, 0xfa, 0x0,
    0xbf, 0xc0, 0x0, 0xff, 0x20, 0x0, 0xe, 0xf6,
    0x9, 0xff, 0x50, 0x0, 0xff, 0x20, 0x0, 0x6f,
    0xf1, 0x8f, 0xfa, 0x0, 0x0, 0xff, 0x20, 0x0,
    0x7, 0x80, 0xb, 0x70, 0x0, 0x0, 0xff, 0x20,
    0x0, 0x0, 0x0, 0x0, 0x0, 0x0, 0x0, 0x0,
    0x0, 0x0,

    /* U+5DE6 "左" */
    0x0, 0x0, 0x0, 0x10, 0x0, 0x0, 0x0, 0x0,
    0x0, 0x0, 0x0, 0x0, 0xcf, 0x70, 0x0, 0x0,
    0x0, 0x0, 0x0, 0x0, 0x0, 0xff, 0x50, 0x0,
    0x0, 0x0, 0x0, 0x1, 0x11, 0x13, 0xff, 0x41,
    0x11, 0x11, 0x11, 0x10, 0xe, 0xff, 0xff, 0xff,
    0xff, 0xff, 0xff, 0xff, 0xf0, 0xe, 0xff, 0xff,
    0xff, 0xff, 0xff, 0xff, 0xff, 0xe0, 0x0, 0x0,
    0xd, 0xf6, 0x0, 0x0, 0x0, 0x0, 0x0, 0x0,
    0x0, 0x2f, 0xf2, 0x0, 0x0, 0x0, 0x0, 0x0,
    0x0, 0x0, 0x6f, 0xe3, 0x33, 0x33, 0x33, 0x33,
    0x10, 0x0, 0x0, 0xcf, 0xff, 0xff, 0xff, 0xff,
    0xff, 0x90, 0x0, 0x3, 0xff, 0xad, 0xde, 0xff,
    0xed, 0xdd, 0x80, 0x0, 0xa, 0xf9, 0x0, 0x1,
    0xff, 0x10, 0x0, 0x0, 0x0, 0x3f, 0xf2, 0x0,
    0x1, 0xff, 0x10, 0x0, 0x0, 0x0, 0xcf, 0xa0,
    0x0, 0x1, 0xff, 0x10, 0x0, 0x0, 0x9, 0xfe,
    0x20, 0x0, 0x1, 0xff, 0x10, 0x0, 0x0, 0x6f,
    0xf4, 0x1, 0x11, 0x12, 0xff, 0x31, 0x11, 0x10,
    0x1e, 0x80, 0x9f, 0xff, 0xff, 0xff, 0xff, 0xff,
    0xf4, 0x2, 0x0, 0x9f, 0xff, 0xff, 0xff, 0xff,
    0xff, 0xf4,

    /* U+5DF2 "已" */
    0x7f, 0xff, 0xff, 0xff, 0xff, 0xff, 0xfe, 0x0,
    0x7, 0xff, 0xff, 0xff, 0xff, 0xff, 0xff, 0xe0,
    0x0, 0x12, 0x22, 0x22, 0x22, 0x22, 0x26, 0xfe,
    0x0, 0x0, 0x0, 0x0, 0x0, 0x0, 0x0, 0x5f,
    0xe0, 0x0, 0xa, 0xb4, 0x0, 0x0, 0x0, 0x5,
    0xfe, 0x0, 0x0, 0xdf, 0x50, 0x0, 0x0, 0x0,
    0x5f, 0xe0, 0x0, 0xd, 0xf7, 0x22, 0x22, 0x22,
    0x27, 0xfe, 0x0, 0x0, 0xdf, 0xff, 0xff, 0xff,
    0xff, 0xff, 0xe0, 0x0, 0xd, 0xff, 0xff, 0xff,
    0xff, 0xff, 0xfe, 0x0, 0x0, 0xdf, 0x50, 0x0,
    0x0, 0x0, 0x0, 0x0, 0x0, 0xd, 0xf5, 0x0,
    0x0, 0x0, 0x0, 0x0, 0x60, 0x0, 0xdf, 0x50,
    0x0, 0x0, 0x0, 0x0, 0xf, 0xe2, 0xd, 0xf6,
    0x0, 0x0, 0x0, 0x0, 0x3, 0xff, 0x10, 0xcf,
    0xa1, 0x0, 0x0, 0x0, 0x2, 0xcf, 0xd0, 0x8,
    0xff, 0xff, 0xff, 0xff, 0xff, 0xff, 0xf6, 0x0,
    0x9, 0xef, 0xff, 0xff, 0xff, 0xff, 0xe7, 0x0,
    0x0, 0x0, 0x1, 0x11, 0x11, 0x11, 0x0, 0x0,
    0x0,

    /* U+5E55 "幕" */
    0xe, 0xff, 0xff, 0xff, 0xff, 0xff, 0xff, 0xff,
    0xe0, 0xe, 0xff, 0xff, 0xff, 0xff, 0xff, 0xff,
    0xff, 0xe0, 0x5, 0x55, 0x6f, 0xf6, 0x55, 0x7f,
    0xf5, 0x55, 0x50, 0x0, 0x4f, 0xff, 0xff, 0xff,
    0xff, 0xff, 0xf6, 0x0, 0x0, 0x4f, 0xd5, 0x55,
    0x55, 0x55, 0x5d, 0xf6, 0x0, 0x0, 0x4f, 0xfe,
    0xee, 0xee, 0xee, 0xef, 0xf6, 0x0, 0x0, 0x4f,
    0xd4, 0x44, 0x44, 0x44, 0x4d, 0xf6, 0x0, 0x0,
    0x4f, 0xff, 0xff, 0xff, 0xff, 0xff, 0xf6, 0x0,
    0x0, 0x25, 0x59, 0xff, 0x65, 0x55, 0x55, 0x52,
    0x0, 0x1f, 0xff, 0xff, 0xff, 0xff, 0xff, 0xff,
    0xff, 0xf1, 0x19, 0x9d, 0xff, 0xba, 0xff, 0x9b,
    0xff, 0xb9, 0x90, 0x3, 0xaf, 0xff, 0x9a, 0xff,
    0x99, 0xef, 0xf9, 0x30, 0x4f, 0xff, 0xff, 0xff,
    0xff, 0xff, 0xff, 0xff, 0xf4, 0x9, 0x75, 0xfd,
    0x13, 0xff, 0x11, 0xaf, 0x86, 0x80, 0x0, 0x4,
    0xfc, 0x2, 0xff, 0x19, 0xdf, 0x60, 0x0, 0x0,
    0x4, 0xfc, 0x2, 0xff, 0xd, 0xeb, 0x10, 0x0,
    0x0, 0x0, 0x0, 0x2, 0xff, 0x0, 0x0, 0x0,
    0x0,

    /* U+5EA6 "度" */
    0x0, 0x0, 0x0, 0x0, 0x26, 0x50, 0x0, 0x0,
    0x0, 0x0, 0x0, 0x0, 0x0, 0x6f, 0xd0, 0x0,
    0x0, 0x0, 0x0, 0xff, 0xff, 0xff, 0xff, 0xff,
    0xff, 0xff, 0xf0, 0x0, 0xff, 0xff, 0xff, 0xff,
    0xff, 0xff, 0xff, 0xf0, 0x0, 0xff, 0x20, 0x5,
    0x50, 0x0, 0x55, 0x10, 0x0, 0x0, 0xff, 0x20,
    0x1f, 0xf0, 0x0, 0xef, 0x30, 0x0, 0x0, 0xff,
    0x9f, 0xff, 0xff, 0xff, 0xff, 0xff, 0xc0, 0x0,
    0xff, 0x7a, 0xaf, 0xfa, 0xaa, 0xff, 0xba, 0x80,
    0x0, 0xff, 0x10, 0xf, 0xf3, 0x33, 0xff, 0x30,
    0x0, 0x1, 0xff, 0x10, 0xf, 0xff, 0xff, 0xff,
    0x30, 0x0, 0x2, 0xff, 0x0, 0x5, 0x55, 0x55,
    0x55, 0x10, 0x0, 0x3, 0xfe, 0x5f, 0xff, 0xff,
    0xff, 0xff, 0xf8, 0x0, 0x6, 0xfc, 0x4b, 0xef,
    0xcb, 0xbb, 0xef, 0xf5, 0x0, 0x9, 0xf9, 0x0,
    0x9f, 0xe6, 0x8, 0xff, 0x80, 0x0, 0xd, 0xf6,
    0x0, 0x7, 0xff, 0xff, 0xf6, 0x0, 0x0, 0x3f,
    0xf3, 0x7a, 0xce, 0xff, 0xff, 0xfe, 0xc9, 0x70,
    0x5f, 0xc0, 0xcf, 0xff, 0xb6, 0x49, 0xef, 0xff,
    0xa0, 0x1, 0x30, 0x24, 0x10, 0x0, 0x0, 0x1,
    0x47, 0x10,

    /* U+5F00 "开" */
    0x9, 0xff, 0xff, 0xff, 0xff, 0xff, 0xff, 0xff,
    0xb0, 0x9, 0xff, 0xff, 0xff, 0xff, 0xff, 0xff,
    0xff, 0xb0, 0x0, 0x0, 0x2f, 0xf2, 0x0, 0xc,
    0xf8, 0x0, 0x0, 0x0, 0x0, 0x1f, 0xf1, 0x0,
    0xb, 0xf8, 0x0, 0x0, 0x0, 0x0, 0x1f, 0xf1,
    0x0, 0xb, 0xf8, 0x0, 0x0, 0x0, 0x0, 0x1f,
    0xf1, 0x0, 0xb, 0xf8, 0x0, 0x0, 0x0, 0x0,
    0x1f, 0xf1, 0x0, 0xb, 0xf8, 0x0, 0x0, 0x2f,
    0xff, 0xff, 0xff, 0xff, 0xff, 0xff, 0xff, 0xf3,
    0x2f, 0xff, 0xff, 0xff, 0xff, 0xff, 0xff, 0xff,
    0xf3, 0x1, 0x11, 0x7f, 0xe1, 0x11, 0x1c, 0xf9,
    0x11, 0x10, 0x0, 0x0, 0x9f, 0xb0, 0x0, 0xb,
    0xf8, 0x0, 0x0, 0x0, 0x0, 0xff, 0x80, 0x0,
    0xb, 0xf8, 0x0, 0x0, 0x0, 0x7, 0xff, 0x20,
    0x0, 0xb, 0xf8, 0x0, 0x0, 0x0, 0x3f, 0xfb,
    0x0, 0x0, 0xb, 0xf8, 0x0, 0x0, 0x4, 0xef,
    0xf1, 0x0, 0x0, 0xb, 0xf8, 0x0, 0x0, 0xd,
    0xff, 0x50, 0x0, 0x0, 0xb, 0xf8, 0x0, 0x0,
    0x1, 0xc3, 0x0, 0x0, 0x0, 0xb, 0xf8, 0x0,
    0x0, 0x0, 0x0, 0x0, 0x0, 0x0, 0x0, 0x0,
    0x0, 0x0,

    /* U+5F0F "式" */
    0x0, 0x0, 0x0, 0x0, 0x0, 0x0, 0x0, 0x0,
    0x0, 0x0, 0x0, 0x0, 0x0, 0x3, 0xff, 0x17,
    0xd3, 0x0, 0x0, 0x0, 0x0, 0x0, 0x3, 0xff,
    0x28, 0xff, 0x40, 0x2, 0x22, 0x22, 0x22, 0x24,
    0xff, 0x42, 0x8d, 0x30, 0x1f, 0xff, 0xff, 0xff,
    0xff, 0xff, 0xff, 0xff, 0xf1, 0x1f, 0xff, 0xff,
    0xff, 0xff, 0xff, 0xff, 0xff, 0xf1, 0x0, 0x0,
    0x0, 0x0, 0x0, 0xff, 0x40, 0x0, 0x0, 0x0,
    0x0, 0x0, 0x0, 0x0, 0xef, 0x60, 0x0, 0x0,
    0x6, 0xff, 0xff, 0xff, 0xf6, 0xcf, 0x70, 0x0,
    0x0, 0x6, 0xff, 0xff, 0xff, 0xf6, 0xaf, 0x90,
    0x0, 0x0, 0x0, 0x0, 0xaf, 0x80, 0x0, 0x8f,
    0xc0, 0x0, 0x0, 0x0, 0x0, 0xaf, 0x70, 0x0,
    0x6f, 0xf0, 0x0, 0x0, 0x0, 0x0, 0xaf, 0x70,
    0x0, 0x2f, 0xf3, 0x3, 0x20, 0x0, 0x0, 0xaf,
    0x70, 0x14, 0xe, 0xf7, 0x5, 0xe4, 0x0, 0x2,
    0xcf, 0xee, 0xfe, 0x9, 0xfd, 0x7, 0xf7, 0xc,
    0xff, 0xff, 0xff, 0xfc, 0x2, 0xff, 0x9c, 0xf4,
    0xc, 0xff, 0xea, 0x73, 0x0, 0x0, 0x9f, 0xff,
    0xe0, 0x4, 0x41, 0x0, 0x0, 0x0, 0x0, 0x8,
    0xee, 0x50,

    /* U+5F52 "归" */
    0x0, 0x3, 0xfe, 0x0, 0x0, 0x0, 0x0, 0x0,
    0x11, 0x3, 0xfe, 0x5d, 0xdd, 0xdd, 0xdd, 0xd5,
    0xef, 0x23, 0xfe, 0x6f, 0xff, 0xff, 0xff, 0xf5,
    0xef, 0x23, 0xfe, 0x12, 0x22, 0x22, 0x2e, 0xf5,
    0xef, 0x23, 0xfe, 0x0, 0x0, 0x0, 0xd, 0xf5,
    0xef, 0x23, 0xfe, 0x0, 0x0, 0x0, 0xd, 0xf5,
    0xef, 0x23, 0xfe, 0x2, 0x22, 0x22, 0x2e, 0xf5,
    0xef, 0x24, 0xfe, 0xe, 0xff, 0xff, 0xff, 0xf5,
    0xef, 0x24, 0xfd, 0xe, 0xff, 0xff, 0xff, 0xf5,
    0xef, 0x26, 0xfd, 0x0, 0x0, 0x0, 0xe, 0xf5,
    0xef, 0x29, 0xfb, 0x0, 0x0, 0x0, 0xd, 0xf5,
    0x0, 0xd, 0xf8, 0x0, 0x0, 0x0, 0xd, 0xf5,
    0x0, 0x4f, 0xf5, 0x0, 0x0, 0x0, 0xd, 0xf5,
    0x0, 0xcf, 0xe0, 0xcf, 0xff, 0xff, 0xff, 0xf5,
    0xb, 0xff, 0x80, 0xdf, 0xff, 0xff, 0xff, 0xf5,
    0x3f, 0xfe, 0x10, 0x22, 0x22, 0x22, 0x2e, 0xf5,
    0x5, 0xe3, 0x0, 0x0, 0x0, 0x0, 0xd, 0xf5,
    0x0, 0x10, 0x0, 0x0, 0x0, 0x0, 0x0, 0x0,

    /* U+5F55 "录" */
    0x0, 0x0, 0x0, 0x0, 0x0, 0x0, 0x0, 0x0,
    0x0, 0x0, 0xdf, 0xff, 0xff, 0xff, 0xff, 0xff,
    0xf1, 0x0, 0x0, 0xdf, 0xff, 0xff, 0xff, 0xff,
    0xff, 0xf0, 0x0, 0x0, 0x0, 0x0, 0x0, 0x0,
    0x0, 0x5f, 0xf0, 0x0, 0x0, 0x3f, 0xff, 0xff,
    0xff, 0xff, 0xff, 0xe0, 0x0, 0x0, 0x3f, 0xff,
    0xff, 0xff, 0xff, 0xff, 0xd0, 0x0, 0x0, 0x1,
    0x11, 0x11, 0x11, 0x11, 0x8f, 0xd0, 0x0, 0xb,
    0xcc, 0xcc, 0xcc, 0xcc, 0xcc, 0xef, 0xfc, 0xc0,
    0xe, 0xff, 0xff, 0xff, 0xff, 0xff, 0xff, 0xff,
    0xf0, 0x0, 0x19, 0x30, 0x3, 0xff, 0x20, 0x5,
    0xc2, 0x0, 0x0, 0x9f, 0xf8, 0x2, 0xff, 0xb0,
    0x4f, 0xfc, 0x0, 0x0, 0x9, 0xff, 0x92, 0xff,
    0xfa, 0xff, 0xb1, 0x0, 0x0, 0x0, 0x5d, 0x6b,
    0xff, 0xff, 0xf8, 0x0, 0x0, 0x0, 0x1, 0x7e,
    0xff, 0xff, 0x9f, 0xf8, 0x0, 0x0, 0x5, 0xbf,
    0xff, 0xfa, 0xff, 0x8, 0xff, 0xd5, 0x0, 0xb,
    0xff, 0xe7, 0x3, 0xff, 0x0, 0x7f, 0xff, 0xd0,
    0x2, 0xc5, 0x7, 0xce, 0xfe, 0x0, 0x1, 0x9f,
    0x40, 0x0, 0x0, 0x3, 0xff, 0xd5, 0x0, 0x0,
    0x1, 0x0, 0x0, 0x0, 0x0, 0x0, 0x0, 0x0,
    0x0, 0x0, 0x0,

    /* U+603B "总" */
    0x0, 0x0, 0x2, 0x10, 0x0, 0x1, 0x30, 0x0,
    0x0, 0x0, 0x0, 0x7f, 0xb0, 0x0, 0x9, 0xfc,
    0x0, 0x0, 0x0, 0x0, 0x2f, 0xf6, 0x0, 0x1f,
    0xf8, 0x0, 0x0, 0x0, 0x0, 0x8, 0xfa, 0x0,
    0x7f, 0xd0, 0x0, 0x0, 0x0, 0xf, 0xff, 0xff,
    0xff, 0xff, 0xff, 0xf1, 0x0, 0x0, 0xf, 0xff,
    0xff, 0xff, 0xff, 0xff, 0xf1, 0x0, 0x0, 0xf,
    0xf6, 0x0, 0x0, 0x0, 0x5f, 0xf1, 0x0, 0x0,
    0xf, 0xf5, 0x0, 0x0, 0x0, 0x5f, 0xf1, 0x0,
    0x0, 0xf, 0xfd, 0xbb, 0xbb, 0xbb, 0xdf, 0xf1,
    0x0, 0x0, 0xf, 0xff, 0xff, 0xff, 0xff, 0xff,
    0xf1, 0x0, 0x0, 0x4, 0x44, 0x44, 0x9c, 0x44,
    0x44, 0x40, 0x0, 0x0, 0x0, 0x0, 0x1, 0xff,
    0x80, 0x0, 0x0, 0x0, 0x0, 0x96, 0x3e, 0xe3,
    0xcf, 0xf6, 0x3, 0xd9, 0x0, 0x4, 0xfe, 0x3f,
    0xf1, 0xb, 0xfd, 0x2, 0xff, 0x50, 0x9, 0xfb,
    0x3f, 0xf1, 0x0, 0x91, 0x32, 0x6f, 0xe0, 0x1f,
    0xf5, 0x3f, 0xf2, 0x0, 0x0, 0xaf, 0x7d, 0xf6,
    0x2c, 0xe0, 0x1f, 0xff, 0xff, 0xff, 0xff, 0x45,
    0x70, 0x0, 0x10, 0x5, 0xdf, 0xff, 0xff, 0xe9,
    0x0, 0x0,

    /* U+6162 "慢" */
    0x0, 0x5f, 0x90, 0xe, 0xff, 0xff, 0xff, 0xff,
    0x0, 0x0, 0x5f, 0x90, 0xe, 0xf6, 0x33, 0x35,
    0xff, 0x0, 0x0, 0x5f, 0xa5, 0xe, 0xfe, 0xee,
    0xee, 0xff, 0x0, 0xc, 0xaf, 0xff, 0x2e, 0xf5,
    0x33, 0x35, 0xff, 0x0, 0xf, 0xbf, 0xbf, 0x7e,
    0xff, 0xff, 0xff, 0xff, 0x0, 0x2f, 0xaf, 0x9e,
    0xc6, 0x66, 0x66, 0x66, 0x66, 0x30, 0x5f, 0x7f,
    0x91, 0xdf, 0xff, 0xff, 0xff, 0xff, 0xd0, 0x8e,
    0x6f, 0x90, 0xdf, 0xa, 0xe0, 0xfa, 0x1f, 0xd0,
    0x3, 0x5f, 0x90, 0xdf, 0xdf, 0xfd, 0xff, 0xdf,
    0xd0, 0x0, 0x5f, 0x90, 0x56, 0x66, 0x66, 0x66,
    0x66, 0x50, 0x0, 0x5f, 0x91, 0xff, 0xff, 0xff,
    0xff, 0xfe, 0x40, 0x0, 0x5f, 0x90, 0xbf, 0xff,
    0xbb, 0xbf, 0xff, 0x20, 0x0, 0x5f, 0x90, 0x4,
    0xff, 0x91, 0x9f, 0xf6, 0x0, 0x0, 0x5f, 0x90,
    0x0, 0x4f, 0xff, 0xff, 0x50, 0x0, 0x0, 0x5f,
    0x91, 0x47, 0xbf, 0xff, 0xff, 0xa7, 0x30, 0x0,
    0x5f, 0x99, 0xff, 0xff, 0xc9, 0xef, 0xff, 0xf3,
    0x0, 0x5f, 0x92, 0xeb, 0x72, 0x0, 0x4, 0x9d,
    0x80, 0x0, 0x0, 0x0, 0x0, 0x0, 0x0, 0x0,
    0x0, 0x0,

    /* U+620F "戏" */
    0x0, 0x0, 0x0, 0x0, 0x0, 0x0, 0x0, 0x0,
    0x0, 0x0, 0x0, 0x0, 0x0, 0x5, 0xfd, 0x6,
    0xc0, 0x0, 0x2, 0x22, 0x22, 0x20, 0x5, 0xfe,
    0xc, 0xfc, 0x0, 0xf, 0xff, 0xff, 0xfe, 0x4,
    0xfe, 0x1, 0xdf, 0x60, 0xb, 0xbb, 0xbd, 0xfc,
    0x4, 0xff, 0x0, 0x26, 0x10, 0x0, 0x30, 0x8,
    0xf9, 0x26, 0xff, 0x9b, 0xdf, 0xf3, 0xb, 0xf2,
    0xc, 0xf7, 0xff, 0xff, 0xff, 0xff, 0xe4, 0x9,
    0xfd, 0x1f, 0xf2, 0xdc, 0xff, 0x74, 0x36, 0x0,
    0x0, 0xcf, 0xdf, 0xd0, 0x0, 0xff, 0x40, 0x7f,
    0x90, 0x0, 0x2f, 0xff, 0x80, 0x0, 0xdf, 0x61,
    0xef, 0x40, 0x0, 0x6, 0xff, 0x50, 0x0, 0xbf,
    0x9a, 0xfb, 0x0, 0x0, 0xb, 0xff, 0xd0, 0x0,
    0x7f, 0xff, 0xf2, 0x0, 0x0, 0x5f, 0xff, 0xf9,
    0x0, 0x3f, 0xff, 0x62, 0x10, 0x3, 0xef, 0xa6,
    0xff, 0x20, 0x6f, 0xfb, 0x5, 0xe4, 0x2e, 0xfe,
    0x10, 0xc8, 0x9, 0xff, 0xff, 0x28, 0xf6, 0xc,
    0xf3, 0x0, 0x12, 0xef, 0xfa, 0xff, 0xff, 0xf3,
    0x1, 0x30, 0x0, 0x0, 0x7e, 0x40, 0x4f, 0xff,
    0xc0, 0x0, 0x0, 0x0, 0x0, 0x0, 0x0, 0x3,
    0x9b, 0x20,

    /* U+6210 "成" */
    0x0, 0x0, 0x0, 0x0, 0x0, 0x0, 0x1, 0x0,
    0x0, 0x0, 0x0, 0x0, 0x0, 0x9, 0xfa, 0x6f,
    0xa1, 0x0, 0x0, 0x0, 0x0, 0x0, 0x8, 0xfa,
    0x2b, 0xfe, 0x10, 0x0, 0xcc, 0xcc, 0xcc, 0xce,
    0xff, 0xcc, 0xfe, 0xc3, 0x0, 0xff, 0xff, 0xff,
    0xff, 0xff, 0xff, 0xff, 0xf4, 0x0, 0xff, 0x74,
    0x44, 0x49, 0xfe, 0x44, 0x44, 0x41, 0x0, 0xff,
    0x30, 0x0, 0x4, 0xfe, 0x0, 0x96, 0x10, 0x0,
    0xff, 0xcb, 0xbb, 0x92, 0xff, 0x4, 0xff, 0x10,
    0x1, 0xff, 0xff, 0xff, 0xd0, 0xff, 0x2b, 0xfa,
    0x0, 0x1, 0xff, 0x53, 0x7f, 0xc0, 0xef, 0x7f,
    0xf4, 0x0, 0x2, 0xff, 0x10, 0x4f, 0xc0, 0xaf,
    0xff, 0xd0, 0x0, 0x3, 0xff, 0x0, 0x5f, 0xb0,
    0x7f, 0xff, 0x40, 0x0, 0x4, 0xfe, 0x0, 0x8f,
    0xa0, 0x4f, 0xfb, 0x4, 0x30, 0x6, 0xfd, 0x9f,
    0xff, 0x80, 0xbf, 0xf6, 0x7, 0xf5, 0xa, 0xfa,
    0x5f, 0xfb, 0x1a, 0xff, 0xfc, 0x8, 0xf4, 0xe,
    0xf6, 0x0, 0x1, 0xcf, 0xf8, 0xff, 0x7d, 0xf1,
    0x5f, 0xf1, 0x0, 0x8, 0xff, 0x60, 0x8f, 0xff,
    0xc0, 0xa, 0xa0, 0x0, 0x0, 0xa5, 0x0, 0x8,
    0xed, 0x30, 0x0, 0x10, 0x0, 0x0, 0x0, 0x0,
    0x0, 0x0, 0x0,

    /* U+62E9 "择" */
    0x0, 0x0, 0x0, 0x0, 0x0, 0x0, 0x0, 0x0,
    0x0, 0x0, 0x1f, 0xf0, 0x9, 0xff, 0xff, 0xff,
    0xff, 0x70, 0x0, 0x1f, 0xf0, 0x8, 0xff, 0xfe,
    0xee, 0xff, 0x40, 0x0, 0x1f, 0xf0, 0x0, 0x2f,
    0xe1, 0xb, 0xfc, 0x0, 0x1e, 0xef, 0xfe, 0xd0,
    0x7, 0xfc, 0x8f, 0xe2, 0x0, 0x1f, 0xff, 0xff,
    0xe0, 0x0, 0xcf, 0xff, 0x30, 0x0, 0x0, 0x1f,
    0xf0, 0x0, 0x7, 0xff, 0xff, 0x91, 0x0, 0x0,
    0x1f, 0xf0, 0x18, 0xef, 0xfb, 0xbf, 0xff, 0xa4,
    0x0, 0x1f, 0xf1, 0x6f, 0xfc, 0x41, 0x14, 0xcf,
    0xf6, 0x4, 0x8f, 0xff, 0xc5, 0x30, 0x1f, 0xf2,
    0x3, 0x60, 0x3f, 0xff, 0xfa, 0x46, 0xff, 0xff,
    0xff, 0xff, 0x50, 0xc, 0x8f, 0xf0, 0x5, 0xdd,
    0xdf, 0xfd, 0xdd, 0x40, 0x0, 0x1f, 0xf0, 0x0,
    0x0, 0xf, 0xf1, 0x0, 0x0, 0x0, 0x1f, 0xf0,
    0x4e, 0xee, 0xff, 0xff, 0xee, 0xe7, 0x0, 0x1f,
    0xf0, 0x4f, 0xff, 0xff, 0xff, 0xff, 0xf7, 0x0,
    0x2f, 0xf0, 0x0, 0x0, 0xf, 0xf1, 0x0, 0x0,
    0xb, 0xff, 0xe0, 0x0, 0x0, 0xf, 0xf1, 0x0,
    0x0, 0x6, 0xfd, 0x40, 0x0, 0x0, 0xf, 0xf1,
    0x0, 0x0,

    /* U+6309 "按" */
    0x0, 0x0, 0x0, 0x0, 0x0, 0x0, 0x0, 0x0,
    0x0, 0x0, 0xf, 0xf1, 0x0, 0x0, 0x5f, 0xd0,
    0x0, 0x0, 0x0, 0xf, 0xf1, 0x1, 0x11, 0x4f,
    0xf3, 0x11, 0x10, 0x0, 0xf, 0xf1, 0xe, 0xff,
    0xff, 0xff, 0xff, 0xf2, 0x2e, 0xef, 0xff, 0xbe,
    0xfa, 0xaa, 0xaa, 0xaf, 0xf2, 0x2f, 0xff, 0xff,
    0xce, 0xf1, 0xaa, 0x30, 0xe, 0xf2, 0x0, 0xf,
    0xf2, 0x8, 0x92, 0xff, 0x20, 0x9, 0x91, 0x0,
    0xf, 0xf1, 0x1, 0x16, 0xfe, 0x11, 0x11, 0x10,
    0x0, 0xf, 0xf1, 0x7f, 0xff, 0xff, 0xff, 0xff,
    0xf6, 0x0, 0xf, 0xf8, 0xdd, 0xdf, 0xfd, 0xde,
    0xff, 0xd5, 0x17, 0xbf, 0xff, 0xf0, 0x7f, 0xd0,
    0xa, 0xf9, 0x0, 0x4f, 0xff, 0xf9, 0x40, 0xef,
    0x60, 0xe, 0xf5, 0x0, 0xc, 0x7f, 0xf1, 0x5,
    0xff, 0xd4, 0x6f, 0xe0, 0x0, 0x0, 0xf, 0xf1,
    0x0, 0x5d, 0xff, 0xff, 0x70, 0x0, 0x0, 0xf,
    0xf1, 0x0, 0x0, 0xaf, 0xff, 0x90, 0x0, 0x0,
    0xf, 0xf1, 0x1, 0x5b, 0xff, 0xef, 0xfe, 0x40,
    0xd, 0xff, 0xf0, 0x3f, 0xff, 0xf7, 0x5, 0xef,
    0xf2, 0x9, 0xfd, 0x50, 0xc, 0xb6, 0x10, 0x0,
    0x1b, 0x60, 0x0, 0x0, 0x0, 0x0, 0x0, 0x0,
    0x0, 0x0, 0x0,

    /* U+6548 "效" */
    0x0, 0x0, 0x1, 0x0, 0x0, 0x1, 0x0, 0x0,
    0x0, 0x0, 0x3, 0xed, 0x0, 0x0, 0xb, 0xf5,
    0x0, 0x0, 0x0, 0x0, 0xef, 0x50, 0x0, 0xe,
    0xf3, 0x0, 0x0, 0xa, 0xaa, 0xde, 0xba, 0xa6,
    0x1f, 0xf1, 0x0, 0x0, 0x1f, 0xff, 0xff, 0xff,
    0xf8, 0x4f, 0xff, 0xff, 0xf5, 0x3, 0x8c, 0x64,
    0xad, 0x32, 0xaf, 0xff, 0xff, 0xf5, 0x0, 0xcf,
    0x40, 0xdf, 0x61, 0xff, 0x20, 0xaf, 0x60, 0x5,
    0xfc, 0x0, 0x3f, 0xf8, 0xff, 0x10, 0xdf, 0x20,
    0x1e, 0xf4, 0x6, 0xce, 0xff, 0xff, 0x61, 0xff,
    0x0, 0x4f, 0xee, 0xab, 0xf8, 0x5d, 0xff, 0xc5,
    0xfb, 0x0, 0x4, 0x4f, 0xff, 0xf0, 0x3, 0x3e,
    0xfc, 0xf6, 0x0, 0x0, 0x3, 0xff, 0xc0, 0x0,
    0x8, 0xff, 0xf0, 0x0, 0x0, 0x3, 0xff, 0xf5,
    0x0, 0x1, 0xff, 0x90, 0x0, 0x0, 0xd, 0xfe,
    0xff, 0x20, 0x8, 0xff, 0xd1, 0x0, 0x1, 0xcf,
    0xd1, 0xdf, 0xa0, 0x7f, 0xff, 0xfb, 0x0, 0x2e,
    0xfe, 0x20, 0x3a, 0x3c, 0xff, 0x73, 0xff, 0xd2,
    0xb, 0xd2, 0x0, 0x0, 0xcf, 0xf6, 0x0, 0x5f,
    0xf4, 0x1, 0x10, 0x0, 0x0, 0x19, 0x10, 0x0,
    0x3, 0x50,

    /* U+656C "敬" */
    0x0, 0x2f, 0xb0, 0xcf, 0x10, 0xd, 0xb2, 0x0,
    0x0, 0x16, 0x7f, 0xd6, 0xef, 0x75, 0x3f, 0xf0,
    0x0, 0x0, 0x3f, 0xff, 0xff, 0xff, 0xfe, 0x6f,
    0xd0, 0x0, 0x0, 0x16, 0x8f, 0xd6, 0xef, 0x76,
    0xbf, 0xea, 0xaa, 0xa4, 0x0, 0xbf, 0x70, 0x9b,
    0x12, 0xff, 0xff, 0xff, 0xf5, 0x2, 0xff, 0xff,
    0xff, 0xfe, 0xff, 0x0, 0xef, 0x40, 0x9, 0xfd,
    0xbb, 0xbe, 0xff, 0xff, 0x41, 0xff, 0x10, 0x3f,
    0xf3, 0x0, 0xb, 0xff, 0xff, 0x84, 0xfd, 0x0,
    0x5f, 0xff, 0xff, 0x3c, 0xfa, 0xaf, 0xc8, 0xfa,
    0x0, 0x5, 0xfb, 0xbf, 0x3d, 0xf3, 0xf, 0xfe,
    0xf4, 0x0, 0x4, 0xf5, 0x5f, 0x3d, 0xf2, 0x9,
    0xff, 0xe0, 0x0, 0x4, 0xfb, 0xbf, 0x3e, 0xf1,
    0x4, 0xff, 0x80, 0x0, 0x4, 0xff, 0xff, 0x4f,
    0xf0, 0xb, 0xff, 0xd0, 0x0, 0x4, 0xf5, 0x0,
    0x1f, 0xf0, 0x9f, 0xff, 0xfa, 0x0, 0x1, 0x31,
    0x0, 0x5f, 0xeb, 0xff, 0x98, 0xff, 0xb1, 0x0,
    0x0, 0x6e, 0xff, 0xff, 0xfa, 0x0, 0xaf, 0xf5,
    0x0, 0x0, 0x2f, 0xfb, 0x2e, 0x60, 0x0, 0x8,
    0x90, 0x0, 0x0, 0x0, 0x0, 0x0, 0x0, 0x0,
    0x0, 0x0,

    /* U+65B0 "新" */
    0x0, 0x0, 0x56, 0x0, 0x0, 0x0, 0x0, 0x2,
    0x0, 0x0, 0x1, 0xff, 0x10, 0x0, 0x1, 0x59,
    0xef, 0x50, 0x9, 0xbb, 0xff, 0xcb, 0xb3, 0xdf,
    0xff, 0xfc, 0x70, 0xd, 0xff, 0xff, 0xff, 0xf4,
    0xef, 0x95, 0x10, 0x0, 0x0, 0x9e, 0x10, 0xae,
    0x50, 0xef, 0x10, 0x0, 0x0, 0x0, 0x9f, 0x30,
    0xef, 0x10, 0xef, 0x10, 0x0, 0x0, 0x4, 0x9f,
    0x86, 0xfd, 0x42, 0xef, 0x31, 0x11, 0x10, 0x1f,
    0xff, 0xff, 0xff, 0xf9, 0xef, 0xff, 0xff, 0xf6,
    0x7, 0x77, 0xdf, 0xa7, 0x74, 0xef, 0xee, 0xff,
    0xd5, 0x1, 0x11, 0xbf, 0x51, 0x10, 0xff, 0x2,
    0xff, 0x0, 0xf, 0xff, 0xff, 0xff, 0xf4, 0xff,
    0x2, 0xff, 0x0, 0xb, 0xbb, 0xef, 0xcb, 0xb3,
    0xfe, 0x2, 0xff, 0x0, 0x0, 0xa6, 0xaf, 0x6a,
    0x42, 0xfd, 0x2, 0xff, 0x0, 0x4, 0xf8, 0xaf,
    0x6f, 0xd5, 0xfc, 0x2, 0xff, 0x0, 0xd, 0xf2,
    0xaf, 0x48, 0xfc, 0xf8, 0x2, 0xff, 0x0, 0xa,
    0x80, 0xaf, 0x42, 0x6d, 0xf5, 0x2, 0xff, 0x0,
    0x0, 0x1f, 0xff, 0x20, 0x2f, 0xe0, 0x2, 0xff,
    0x0, 0x0, 0x9, 0xb6, 0x0, 0x3, 0x60, 0x2,
    0xff, 0x0,

    /* U+65B9 "方" */
    0x0, 0x0, 0x0, 0x0, 0x2, 0x0, 0x0, 0x0,
    0x0, 0x0, 0x0, 0x0, 0x3, 0xef, 0x10, 0x0,
    0x0, 0x0, 0x0, 0x0, 0x0, 0x1, 0xff, 0x80,
    0x0, 0x0, 0x0, 0x2, 0x22, 0x22, 0x22, 0xbf,
    0x92, 0x22, 0x22, 0x20, 0xf, 0xff, 0xff, 0xff,
    0xff, 0xff, 0xff, 0xff, 0xf1, 0xe, 0xee, 0xef,
    0xff, 0xee, 0xee, 0xee, 0xee, 0xe1, 0x0, 0x0,
    0x8, 0xfd, 0x0, 0x0, 0x0, 0x0, 0x0, 0x0,
    0x0, 0x9, 0xfc, 0x11, 0x11, 0x11, 0x10, 0x0,
    0x0, 0x0, 0xa, 0xff, 0xff, 0xff, 0xff, 0xf7,
    0x0, 0x0, 0x0, 0xd, 0xff, 0xff, 0xff, 0xff,
    0xf5, 0x0, 0x0, 0x0, 0x1f, 0xf4, 0x0, 0x0,
    0xe, 0xf4, 0x0, 0x0, 0x0, 0x4f, 0xf0, 0x0,
    0x0, 0xf, 0xf3, 0x0, 0x0, 0x0, 0xaf, 0xb0,
    0x0, 0x0, 0x1f, 0xf2, 0x0, 0x0, 0x3, 0xff,
    0x40, 0x0, 0x0, 0x3f, 0xf0, 0x0, 0x0, 0x1d,
    0xfd, 0x0, 0x0, 0x0, 0x7f, 0xd0, 0x0, 0x2,
    0xdf, 0xf2, 0x0, 0x11, 0x2, 0xdf, 0xa0, 0x0,
    0x1f, 0xff, 0x50, 0x0, 0x8f, 0xff, 0xff, 0x40,
    0x0, 0x5, 0xe3, 0x0, 0x0, 0x3f, 0xff, 0xd6,
    0x0, 0x0, 0x0, 0x0, 0x0, 0x0, 0x0, 0x0,
    0x0, 0x0, 0x0,

    /* U+65F6 "时" */
    0x0, 0x0, 0x0, 0x0, 0x0, 0x0, 0xdf, 0x40,
    0xb, 0xcc, 0xcc, 0xc1, 0x0, 0x0, 0xd, 0xf4,
    0x0, 0xef, 0xff, 0xff, 0x10, 0x0, 0x0, 0xdf,
    0x40, 0xe, 0xf2, 0xe, 0xf5, 0xff, 0xff, 0xff,
    0xff, 0xf2, 0xef, 0x10, 0xef, 0x5f, 0xff, 0xff,
    0xff, 0xff, 0x2e, 0xf1, 0xe, 0xf2, 0x22, 0x22,
    0x2e, 0xf6, 0x20, 0xef, 0xdd, 0xff, 0x11, 0x70,
    0x0, 0xdf, 0x40, 0xe, 0xff, 0xff, 0xf1, 0xcf,
    0x90, 0xd, 0xf4, 0x0, 0xef, 0x20, 0xef, 0x13,
    0xff, 0x40, 0xdf, 0x40, 0xe, 0xf1, 0xe, 0xf1,
    0x8, 0xfe, 0x1d, 0xf4, 0x0, 0xef, 0x10, 0xef,
    0x10, 0xe, 0xa1, 0xdf, 0x40, 0xe, 0xfe, 0xdf,
    0xf1, 0x0, 0x0, 0xd, 0xf4, 0x0, 0xef, 0xff,
    0xff, 0x10, 0x0, 0x0, 0xdf, 0x40, 0xe, 0xf2,
    0x0, 0x0, 0x0, 0x0, 0xd, 0xf4, 0x0, 0xab,
    0x10, 0x0, 0x0, 0x2, 0x22, 0xef, 0x40, 0x0,
    0x0, 0x0, 0x0, 0x2, 0xff, 0xff, 0xf2, 0x0,
    0x0, 0x0, 0x0, 0x0, 0xc, 0xff, 0xc5, 0x0,
    0x0, 0x0, 0x0, 0x0, 0x0, 0x0, 0x0, 0x0,
    0x0,

    /* U+662F "是" */
    0x0, 0x4f, 0xff, 0xff, 0xff, 0xff, 0xff, 0xf4,
    0x0, 0x0, 0x4f, 0xe8, 0x88, 0x88, 0x88, 0x8f,
    0xf4, 0x0, 0x0, 0x4f, 0xd4, 0x44, 0x44, 0x44,
    0x4f, 0xf4, 0x0, 0x0, 0x4f, 0xff, 0xff, 0xff,
    0xff, 0xff, 0xf4, 0x0, 0x0, 0x4f, 0xd2, 0x22,
    0x22, 0x22, 0x2e, 0xf4, 0x0, 0x0, 0x4f, 0xff,
    0xff, 0xff, 0xff, 0xff, 0xf4, 0x0, 0x0, 0x16,
    0x66, 0x66, 0x66, 0x66, 0x66, 0x61, 0x0, 0xc,
    0xcc, 0xcc, 0xcc, 0xcc, 0xcc, 0xcc, 0xcc, 0xc0,
    0xf, 0xff, 0xff, 0xff, 0xff, 0xff, 0xff, 0xff,
    0xf0, 0x1, 0x13, 0x53, 0x11, 0xef, 0x51, 0x11,
    0x11, 0x10, 0x0, 0x7, 0xfc, 0x0, 0xef, 0x62,
    0x22, 0x21, 0x0, 0x0, 0xb, 0xf9, 0x0, 0xef,
    0xff, 0xff, 0xfd, 0x0, 0x0, 0x1f, 0xfe, 0x0,
    0xef, 0xdb, 0xbb, 0xb9, 0x0, 0x0, 0x9f, 0xff,
    0xa0, 0xef, 0x40, 0x0, 0x0, 0x0, 0x4, 0xff,
    0xaf, 0xfd, 0xff, 0x50, 0x0, 0x0, 0x0, 0x4f,
    0xfc, 0x5, 0xef, 0xff, 0xff, 0xff, 0xff, 0xf3,
    0xb, 0xc1, 0x0, 0x17, 0xbe, 0xff, 0xff, 0xff,
    0xe0, 0x0, 0x0, 0x0, 0x0, 0x0, 0x0, 0x0,
    0x0, 0x0,

    /* U+663E "显" */
    0x0, 0xe, 0xff, 0xff, 0xff, 0xff, 0xff, 0xf5,
    0x0, 0x0, 0xe, 0xfb, 0xaa, 0xaa, 0xaa, 0xaf,
    0xf5, 0x0, 0x0, 0xe, 0xf3, 0x0, 0x0, 0x0,
    0xd, 0xf5, 0x0, 0x0, 0xe, 0xfb, 0x99, 0x99,
    0x99, 0x9f, 0xf5, 0x0, 0x0, 0xe, 0xff, 0xff,
    0xff, 0xff, 0xff, 0xf5, 0x0, 0x0, 0xe, 0xf3,
    0x0, 0x0, 0x0, 0xd, 0xf5, 0x0, 0x0, 0xe,
    0xfc, 0xbb, 0xbb, 0xbb, 0xbf, 0xf5, 0x0, 0x0,
    0xe, 0xff, 0xff, 0xff, 0xff, 0xff, 0xf5, 0x0,
    0x0, 0x0, 0x0, 0x67, 0x10, 0x57, 0x10, 0x0,
    0x0, 0x0, 0x6d, 0x10, 0xef, 0x20, 0xcf, 0x40,
    0xac, 0x30, 0x0, 0x7f, 0x90, 0xef, 0x20, 0xcf,
    0x43, 0xfe, 0x10, 0x0, 0xf, 0xf1, 0xef, 0x20,
    0xcf, 0x4c, 0xf6, 0x0, 0x0, 0x8, 0xd3, 0xef,
    0x20, 0xcf, 0x6c, 0xb0, 0x0, 0x1, 0x12, 0x21,
    0xef, 0x31, 0xcf, 0x52, 0x21, 0x11, 0x3f, 0xff,
    0xff, 0xff, 0xff, 0xff, 0xff, 0xff, 0xfa, 0x3f,
    0xff, 0xff, 0xff, 0xff, 0xff, 0xff, 0xff, 0xfa,

    /* U+666E "普" */
    0x0, 0x0, 0x0, 0x0, 0x0, 0x0, 0x0, 0x0,
    0x0, 0x0, 0x0, 0x9f, 0x50, 0x0, 0x6, 0xfa,
    0x0, 0x0, 0x0, 0x0, 0x7f, 0xd0, 0x0, 0x1e,
    0xf7, 0x0, 0x0, 0x3, 0xff, 0xff, 0xff, 0xff,
    0xff, 0xff, 0xff, 0x50, 0x2, 0xbe, 0xcb, 0xff,
    0xcc, 0xfe, 0xbd, 0xeb, 0x40, 0x0, 0x5f, 0xb0,
    0xdf, 0x35, 0xfb, 0xd, 0xf4, 0x0, 0x0, 0xd,
    0xf2, 0xdf, 0x35, 0xfb, 0x5f, 0xa0, 0x0, 0x2a,
    0xad, 0xca, 0xff, 0xcc, 0xfe, 0xbe, 0xca, 0xa2,
    0x3f, 0xff, 0xff, 0xff, 0xff, 0xff, 0xff, 0xff,
    0xf3, 0x0, 0x3, 0x33, 0x33, 0x33, 0x33, 0x33,
    0x30, 0x0, 0x0, 0xf, 0xff, 0xff, 0xff, 0xff,
    0xff, 0xf0, 0x0, 0x0, 0xf, 0xf7, 0x66, 0x66,
    0x66, 0x7f, 0xf0, 0x0, 0x0, 0xf, 0xf9, 0x88,
    0x88, 0x88, 0x9f, 0xf0, 0x0, 0x0, 0xf, 0xff,
    0xff, 0xff, 0xff, 0xff, 0xf0, 0x0, 0x0, 0xf,
    0xf3, 0x11, 0x11, 0x11, 0x3f, 0xf0, 0x0, 0x0,
    0xf, 0xfa, 0x99, 0x99, 0x99, 0xaf, 0xf0, 0x0,
    0x0, 0xf, 0xff, 0xff, 0xff, 0xff, 0xff, 0xf0,
    0x0, 0x0, 0xf, 0xf3, 0x0, 0x0, 0x0, 0x3e,
    0xe0, 0x0,

    /* U+6682 "暂" */
    0x0, 0x0, 0x0, 0x0, 0x0, 0x0, 0x0, 0x0,
    0x0, 0x0, 0x6, 0xe9, 0x0, 0x0, 0x1, 0x35,
    0x9c, 0x40, 0x1f, 0xff, 0xff, 0xff, 0xf6, 0xdf,
    0xff, 0xff, 0xa0, 0x9, 0xef, 0xc9, 0x99, 0x94,
    0xdf, 0x75, 0x30, 0x0, 0x4, 0xfd, 0xf, 0xe0,
    0x0, 0xdf, 0x0, 0x0, 0x0, 0xf, 0xfe, 0xdf,
    0xfd, 0xd6, 0xef, 0xff, 0xff, 0xf3, 0xa, 0xff,
    0xef, 0xfe, 0xe7, 0xff, 0xce, 0xfe, 0xc2, 0x1,
    0x0, 0xf, 0xf3, 0x42, 0xfd, 0x7, 0xf7, 0x0,
    0xb, 0xce, 0xff, 0xff, 0xf9, 0xf9, 0x7, 0xf7,
    0x0, 0xf, 0xfe, 0xcf, 0xf7, 0x5e, 0xf5, 0x7,
    0xf7, 0x0, 0x1, 0x0, 0xf, 0xf0, 0x7, 0xc0,
    0x7, 0xf7, 0x0, 0x0, 0x8, 0x89, 0x98, 0x88,
    0x98, 0x89, 0x92, 0x0, 0x0, 0x1f, 0xff, 0xff,
    0xff, 0xff, 0xff, 0xf3, 0x0, 0x0, 0x1f, 0xf1,
    0x11, 0x11, 0x11, 0x1e, 0xf3, 0x0, 0x0, 0x1f,
    0xff, 0xff, 0xff, 0xff, 0xff, 0xf3, 0x0, 0x0,
    0x1f, 0xf7, 0x77, 0x77, 0x77, 0x7f, 0xf3, 0x0,
    0x0, 0x1f, 0xf9, 0x99, 0x99, 0x99, 0x9f, 0xf3,
    0x0, 0x0, 0x1f, 0xff, 0xff, 0xff, 0xff, 0xff,
    0xf3, 0x0, 0x0, 0x1f, 0xf0, 0x0, 0x0, 0x0,
    0xe, 0xf3, 0x0,

    /* U+6700 "最" */
    0x0, 0xf, 0xff, 0xff, 0xff, 0xff, 0xff, 0xf0,
    0x0, 0x0, 0xf, 0xf7, 0x66, 0x66, 0x66, 0x8f,
    0xf0, 0x0, 0x0, 0xf, 0xf6, 0x55, 0x55, 0x55,
    0x7f, 0xf0, 0x0, 0x0, 0xf, 0xff, 0xee, 0xee,
    0xee, 0xff, 0xf0, 0x0, 0x0, 0xf, 0xf7, 0x66,
    0x66, 0x66, 0x8f, 0xf0, 0x0, 0x0, 0xb, 0xbb,
    0xbb, 0xbb, 0xbb, 0xbb, 0xb0, 0x0, 0x2a, 0xaa,
    0xaa, 0xaa, 0xaa, 0xaa, 0xaa, 0xaa, 0xa2, 0x3f,
    0xff, 0xff, 0xff, 0xff, 0xff, 0xff, 0xff, 0xf2,
    0x0, 0xaf, 0x84, 0x7f, 0xc3, 0x55, 0x55, 0x55,
    0x10, 0x0, 0xaf, 0xff, 0xff, 0xba, 0xff, 0xff,
    0xff, 0xc0, 0x0, 0xaf, 0x84, 0x7f, 0xb5, 0xfe,
    0x76, 0xdf, 0x60, 0x0, 0xaf, 0xff, 0xff, 0xb0,
    0xbf, 0x64, 0xfe, 0x0, 0x0, 0xaf, 0xa8, 0xaf,
    0xb0, 0x2f, 0xfe, 0xf5, 0x0, 0x2, 0xbf, 0xa8,
    0xbf, 0xf8, 0x8, 0xff, 0xd0, 0x0, 0x3f, 0xff,
    0xff, 0xff, 0xfa, 0x9f, 0xff, 0xfe, 0x71, 0x1e,
    0xdb, 0x97, 0x8f, 0xca, 0xff, 0x87, 0xff, 0xf3,
    0x0, 0x0, 0x0, 0x4f, 0xb1, 0xb2, 0x0, 0x18,
    0x70,

    /* U+672A "未" */
    0x0, 0x0, 0x0, 0x2, 0xff, 0x10, 0x0, 0x0,
    0x0, 0x0, 0x0, 0x0, 0x2, 0xff, 0x10, 0x0,
    0x0, 0x0, 0x0, 0x8c, 0xcc, 0xcd, 0xff, 0xdc,
    0xcc, 0xc9, 0x0, 0x0, 0xaf, 0xff, 0xff, 0xff,
    0xff, 0xff, 0xfc, 0x0, 0x0, 0x35, 0x55, 0x57,
    0xff, 0x65, 0x55, 0x54, 0x0, 0x0, 0x0, 0x0,
    0x2, 0xff, 0x10, 0x0, 0x0, 0x0, 0x2, 0x22,
    0x22, 0x24, 0xff, 0x32, 0x22, 0x22, 0x20, 0xf,
    0xff, 0xff, 0xff, 0xff, 0xff, 0xff, 0xff, 0xf1,
    0xf, 0xff, 0xff, 0xff, 0xff, 0xff, 0xff, 0xff,
    0xf1, 0x0, 0x0, 0x0, 0x9f, 0xff, 0xf9, 0x0,
    0x0, 0x0, 0x0, 0x0, 0x7, 0xff, 0xff, 0xff,
    0x70, 0x0, 0x0, 0x0, 0x0, 0x8f, 0xf9, 0xff,
    0x8f, 0xf7, 0x0, 0x0, 0x0, 0x1b, 0xff, 0x72,
    0xff, 0x17, 0xff, 0xa1, 0x0, 0x6, 0xef, 0xf8,
    0x2, 0xff, 0x10, 0x8f, 0xfe, 0x50, 0x5f, 0xff,
    0x60, 0x2, 0xff, 0x10, 0x6, 0xff, 0xf4, 0x8,
    0xc2, 0x0, 0x2, 0xff, 0x10, 0x0, 0x2c, 0x70,
    0x0, 0x0, 0x0, 0x2, 0xff, 0x10, 0x0, 0x0,
    0x0,

    /* U+6743 "权" */
    0x0, 0x0, 0xcf, 0x50, 0x0, 0x0, 0x0, 0x0,
    0x0, 0x0, 0x0, 0xc, 0xf5, 0x4, 0xaa, 0xaa,
    0xaa, 0xbb, 0x60, 0x0, 0x0, 0xcf, 0x50, 0x6f,
    0xff, 0xff, 0xff, 0xf9, 0x0, 0x7f, 0xff, 0xff,
    0xf6, 0xef, 0x21, 0x11, 0xbf, 0x70, 0x7, 0xff,
    0xff, 0xff, 0x6c, 0xf5, 0x0, 0xe, 0xf4, 0x0,
    0x0, 0x6f, 0xf5, 0x0, 0x9f, 0x80, 0x3, 0xff,
    0x0, 0x0, 0xa, 0xff, 0xc1, 0x5, 0xfc, 0x0,
    0x7f, 0xc0, 0x0, 0x0, 0xff, 0xff, 0xd1, 0x1f,
    0xf2, 0xd, 0xf7, 0x0, 0x0, 0x5f, 0xff, 0xef,
    0xd1, 0xbf, 0x85, 0xff, 0x10, 0x0, 0xd, 0xff,
    0xf6, 0xee, 0x14, 0xfe, 0xcf, 0xa0, 0x0, 0x5,
    0xfc, 0xcf, 0x54, 0x70, 0xd, 0xff, 0xf2, 0x0,
    0x0, 0xef, 0x6c, 0xf5, 0x0, 0x0, 0x7f, 0xf9,
    0x0, 0x0, 0x8, 0xe0, 0xcf, 0x50, 0x0, 0x2e,
    0xff, 0xd1, 0x0, 0x0, 0x15, 0xc, 0xf5, 0x0,
    0x3e, 0xff, 0xff, 0xd2, 0x0, 0x0, 0x0, 0xcf,
    0x50, 0x9f, 0xfe, 0x34, 0xff, 0xf6, 0x0, 0x0,
    0xc, 0xf5, 0x3f, 0xfd, 0x20, 0x5, 0xff, 0xd1,
    0x0, 0x0, 0xcf, 0x50, 0x87, 0x0, 0x0, 0x2,
    0xc2, 0x0, 0x0, 0x0, 0x0, 0x0, 0x0, 0x0,
    0x0, 0x0, 0x0,

    /* U+6761 "条" */
    0x0, 0x0, 0x0, 0x22, 0x0, 0x0, 0x0, 0x0,
    0x0, 0x0, 0x0, 0x0, 0xdf, 0xb0, 0x0, 0x0,
    0x0, 0x0, 0x0, 0x0, 0xb, 0xff, 0xed, 0xdd,
    0xdd, 0x50, 0x0, 0x0, 0x1, 0xbf, 0xff, 0xff,
    0xff, 0xff, 0x90, 0x0, 0x0, 0x5e, 0xff, 0xf7,
    0x0, 0x2d, 0xfd, 0x0, 0x0, 0x5, 0xff, 0xd8,
    0xff, 0xa4, 0xef, 0xe2, 0x0, 0x0, 0x0, 0x89,
    0x0, 0x5f, 0xff, 0xfd, 0x20, 0x0, 0x0, 0x0,
    0x0, 0x16, 0xbf, 0xff, 0xff, 0xb5, 0x10, 0x0,
    0x16, 0x9d, 0xff, 0xff, 0xa7, 0xcf, 0xff, 0xfe,
    0xb4, 0xd, 0xff, 0xfb, 0x60, 0x56, 0x12, 0x8c,
    0xff, 0xe0, 0x4, 0x65, 0x22, 0x22, 0xef, 0x62,
    0x22, 0x24, 0x20, 0x0, 0x3f, 0xff, 0xff, 0xff,
    0xff, 0xff, 0xfd, 0x0, 0x0, 0x2a, 0xaa, 0xaa,
    0xff, 0xca, 0xaa, 0xa9, 0x0, 0x0, 0x0, 0x7c,
    0x40, 0xef, 0x40, 0x87, 0x0, 0x0, 0x0, 0x8,
    0xff, 0x20, 0xef, 0x43, 0xff, 0x90, 0x0, 0x2,
    0xcf, 0xf3, 0x0, 0xef, 0x40, 0x3e, 0xf8, 0x0,
    0x1, 0xdd, 0x30, 0xae, 0xff, 0x20, 0x4, 0xfe,
    0x10, 0x0, 0x11, 0x0, 0x6f, 0xe8, 0x0, 0x0,
    0x41, 0x0,

    /* U+67E5 "查" */
    0x0, 0x0, 0x0, 0x2, 0xff, 0x0, 0x0, 0x0,
    0x0, 0x0, 0x0, 0x0, 0x2, 0xff, 0x0, 0x0,
    0x0, 0x0, 0xf, 0xff, 0xff, 0xff, 0xff, 0xff,
    0xff, 0xff, 0xf1, 0xe, 0xee, 0xee, 0xff, 0xff,
    0xff, 0xee, 0xee, 0xe1, 0x0, 0x0, 0x2d, 0xfd,
    0xff, 0xcf, 0xc2, 0x0, 0x0, 0x0, 0x6, 0xff,
    0xb2, 0xff, 0x1c, 0xff, 0x60, 0x0, 0x6, 0xdf,
    0xf9, 0x2, 0xff, 0x0, 0x9f, 0xfe, 0x81, 0x3f,
    0xff, 0xb6, 0x66, 0x88, 0x66, 0x6b, 0xef, 0xd1,
    0x4, 0x55, 0xff, 0xdd, 0xdd, 0xdd, 0xff, 0x34,
    0x20, 0x0, 0x4, 0xfe, 0x55, 0x55, 0x56, 0xff,
    0x20, 0x0, 0x0, 0x4, 0xff, 0xff, 0xff, 0xff,
    0xff, 0x20, 0x0, 0x0, 0x4, 0xfd, 0x11, 0x11,
    0x12, 0xff, 0x20, 0x0, 0x0, 0x4, 0xff, 0xff,
    0xff, 0xff, 0xff, 0x20, 0x0, 0x0, 0x1, 0x55,
    0x55, 0x55, 0x55, 0x55, 0x10, 0x0, 0xc, 0xdd,
    0xdd, 0xdd, 0xdd, 0xdd, 0xdd, 0xdd, 0xc0, 0xe,
    0xff, 0xff, 0xff, 0xff, 0xff, 0xff, 0xff, 0xe0,
    0x0, 0x0, 0x0, 0x0, 0x0, 0x0, 0x0, 0x0,
    0x0,

    /* U+6807 "标" */
    0x0, 0xe, 0xf3, 0x0, 0x0, 0x0, 0x0, 0x0,
    0x0, 0x0, 0xe, 0xf3, 0x0, 0x9f, 0xff, 0xff,
    0xff, 0x50, 0x0, 0xe, 0xf3, 0x0, 0x9f, 0xff,
    0xff, 0xff, 0x50, 0x4a, 0xaf, 0xfb, 0xa3, 0x0,
    0x0, 0x0, 0x0, 0x0, 0x6f, 0xff, 0xff, 0xf5,
    0x0, 0x0, 0x0, 0x0, 0x0, 0x12, 0x8f, 0xf7,
    0x2b, 0xff, 0xff, 0xff, 0xff, 0xf1, 0x0, 0xbf,
    0xfd, 0x1a, 0xff, 0xff, 0xff, 0xff, 0xf1, 0x0,
    0xff, 0xff, 0xa0, 0x0, 0xe, 0xf5, 0x0, 0x0,
    0x5, 0xff, 0xfc, 0xf3, 0x0, 0xe, 0xf4, 0x0,
    0x0, 0xc, 0xff, 0xf4, 0xd0, 0xde, 0x2e, 0xf4,
    0xcc, 0x0, 0x5f, 0xae, 0xf3, 0x12, 0xfe, 0xe,
    0xf4, 0xbf, 0x20, 0x8f, 0x5e, 0xf3, 0x6, 0xf9,
    0xe, 0xf4, 0x6f, 0x70, 0x1c, 0xe, 0xf3, 0xd,
    0xf4, 0xe, 0xf4, 0x1f, 0xb0, 0x1, 0xe, 0xf3,
    0x5f, 0xe0, 0xe, 0xf4, 0xd, 0xf0, 0x0, 0xe,
    0xf3, 0x6f, 0x62, 0x3f, 0xf4, 0x9, 0xf2, 0x0,
    0xe, 0xf3, 0x3, 0xb, 0xff, 0xf2, 0x3, 0x30,
    0x0, 0xe, 0xf3, 0x0, 0x7, 0xfd, 0x70, 0x0,
    0x0, 0x0, 0x0, 0x0, 0x0, 0x0, 0x0, 0x0,
    0x0, 0x0,

    /* U+6863 "档" */
    0x0, 0xe, 0xf1, 0x0, 0x0, 0x2e, 0xd0, 0x0,
    0x0, 0x0, 0xe, 0xf1, 0x8, 0xd0, 0x2f, 0xe0,
    0xc, 0x91, 0x0, 0xe, 0xf1, 0x8, 0xf6, 0x2f,
    0xe0, 0x5f, 0xc0, 0x18, 0x8f, 0xf9, 0x83, 0xfd,
    0x2f, 0xe0, 0xcf, 0x50, 0x3f, 0xff, 0xff, 0xf2,
    0xcf, 0x4f, 0xe3, 0xfd, 0x0, 0x4, 0x8f, 0xf5,
    0x40, 0x31, 0x2f, 0xe1, 0x53, 0x0, 0x0, 0x9f,
    0xfa, 0xa, 0xdd, 0xdf, 0xfd, 0xdd, 0xc0, 0x0,
    0xef, 0xff, 0x6c, 0xff, 0xff, 0xff, 0xff, 0xe0,
    0x3, 0xff, 0xff, 0xf5, 0x33, 0x33, 0x33, 0x6f,
    0xe0, 0x9, 0xff, 0xf8, 0xf4, 0x0, 0x0, 0x0,
    0x3f, 0xe0, 0x2f, 0xbe, 0xf2, 0x78, 0xff, 0xff,
    0xff, 0xff, 0xe0, 0x8f, 0x6e, 0xf1, 0x7, 0xee,
    0xee, 0xee, 0xef, 0xe0, 0x3e, 0xe, 0xf1, 0x0,
    0x0, 0x0, 0x0, 0x3f, 0xe0, 0x3, 0xe, 0xf1,
    0x3, 0x33, 0x33, 0x33, 0x6f, 0xe0, 0x0, 0xe,
    0xf1, 0x3f, 0xff, 0xff, 0xff, 0xff, 0xe0, 0x0,
    0xe, 0xf1, 0x2d, 0xdd, 0xdd, 0xdd, 0xdf, 0xe0,
    0x0, 0xe, 0xf1, 0x0, 0x0, 0x0, 0x0, 0x2c,
    0xb0,

    /* U+68C0 "检" */
    0x0, 0x0, 0x0, 0x0, 0x0, 0x1, 0x0, 0x0,
    0x0, 0x0, 0x1f, 0xd0, 0x0, 0x0, 0x7f, 0x80,
    0x0, 0x0, 0x0, 0x1f, 0xd0, 0x0, 0x3, 0xff,
    0xe3, 0x0, 0x0, 0x0, 0x1f, 0xd0, 0x0, 0x2e,
    0xfb, 0xff, 0x40, 0x0, 0x2e, 0xef, 0xfe, 0x43,
    0xef, 0x80, 0x6f, 0xf8, 0x0, 0x3f, 0xff, 0xff,
    0xaf, 0xf9, 0x0, 0x5, 0xff, 0xe5, 0x0, 0x6f,
    0xe5, 0xff, 0xfd, 0xcc, 0xcc, 0xee, 0xf6, 0x0,
    0xaf, 0xf8, 0xb7, 0x8f, 0xff, 0xff, 0xe1, 0x90,
    0x0, 0xff, 0xff, 0x30, 0x0, 0x0, 0x0, 0x0,
    0x0, 0x5, 0xff, 0xef, 0xb4, 0x80, 0x4e, 0x50,
    0x3e, 0x70, 0xc, 0xff, 0xd8, 0x3a, 0xf2, 0x2f,
    0x90, 0x9f, 0x50, 0x4f, 0xbf, 0xd0, 0x6, 0xf7,
    0xf, 0xc0, 0xee, 0x0, 0xf, 0x5f, 0xd0, 0x2,
    0xfa, 0xd, 0xe5, 0xf8, 0x0, 0x5, 0x1f, 0xd0,
    0x0, 0xe9, 0x5, 0x4c, 0xf1, 0x0, 0x0, 0x1f,
    0xd0, 0x0, 0x0, 0x0, 0x3f, 0x90, 0x0, 0x0,
    0x1f, 0xd0, 0xaf, 0xff, 0xff, 0xff, 0xff, 0xf0,
    0x0, 0x1f, 0xd0, 0x9d, 0xdd, 0xdd, 0xdd, 0xdd,
    0xd0, 0x0, 0x1f, 0xd0, 0x0, 0x0, 0x0, 0x0,
    0x0, 0x0,

    /* U+6A21 "模" */
    0x0, 0x1f, 0xe0, 0x0, 0x3f, 0xd0, 0x1f, 0xf0,
    0x0, 0x0, 0x1f, 0xe0, 0x4c, 0xdf, 0xfc, 0xcf,
    0xfc, 0xc0, 0x0, 0x1f, 0xe0, 0x5f, 0xff, 0xff,
    0xff, 0xff, 0xf0, 0xa, 0xaf, 0xfa, 0x50, 0x3f,
    0xd0, 0x1f, 0xf0, 0x0, 0x1f, 0xff, 0xff, 0x8c,
    0xff, 0xff, 0xff, 0xff, 0x30, 0x0, 0x3f, 0xf0,
    0xd, 0xf9, 0x88, 0x88, 0xff, 0x30, 0x0, 0x6f,
    0xf7, 0xd, 0xfb, 0xaa, 0xaa, 0xff, 0x30, 0x0,
    0xcf, 0xff, 0x1d, 0xfc, 0xbb, 0xbb, 0xff, 0x30,
    0x1, 0xff, 0xff, 0xad, 0xf9, 0x77, 0x77, 0xef,
    0x30, 0x8, 0xff, 0xe9, 0x8d, 0xff, 0xff, 0xff,
    0xff, 0x30, 0x1f, 0xef, 0xe1, 0x0, 0x0, 0x7f,
    0xa0, 0x0, 0x0, 0x5f, 0x9f, 0xe0, 0xaf, 0xff,
    0xff, 0xff, 0xff, 0xf1, 0xd, 0x2f, 0xe0, 0x8d,
    0xde, 0xff, 0xff, 0xdd, 0xd1, 0x1, 0x1f, 0xe0,
    0x0, 0x1d, 0xfc, 0xdf, 0xa0, 0x0, 0x0, 0x1f,
    0xe0, 0x16, 0xef, 0xf3, 0x2f, 0xfd, 0x61, 0x0,
    0x1f, 0xe0, 0xef, 0xfd, 0x30, 0x5, 0xff, 0xf3,
    0x0, 0x1f, 0xe0, 0x7c, 0x60, 0x0, 0x0, 0x19,
    0x80, 0x0, 0x0, 0x0, 0x0, 0x0, 0x0, 0x0,
    0x0, 0x0,

    /* U+6B21 "次" */
    0x0, 0x0, 0x0, 0x0, 0x0, 0x0, 0x0, 0x0,
    0x0, 0x0, 0x0, 0x0, 0x4, 0xfc, 0x10, 0x0,
    0x0, 0x0, 0x4, 0x91, 0x0, 0x9, 0xfe, 0x0,
    0x0, 0x0, 0x0, 0x1e, 0xfe, 0x50, 0xd, 0xfc,
    0x44, 0x44, 0x44, 0x0, 0x3, 0xdf, 0xf6, 0x2f,
    0xff, 0xff, 0xff, 0xff, 0xc0, 0x0, 0x9, 0xe1,
    0x8f, 0xfe, 0xee, 0xee, 0xff, 0xd0, 0x0, 0x0,
    0x10, 0xef, 0x91, 0x99, 0x10, 0xbf, 0x80, 0x0,
    0x0, 0x9, 0xff, 0x22, 0xff, 0x31, 0xff, 0x30,
    0x0, 0x0, 0x1d, 0xf9, 0x3, 0xff, 0x26, 0xfc,
    0x0, 0x0, 0x2, 0x80, 0x60, 0x4, 0xff, 0x50,
    0x64, 0x0, 0x0, 0xb, 0xf9, 0x0, 0x9, 0xff,
    0xb0, 0x0, 0x0, 0x0, 0x5f, 0xf4, 0x0, 0xd,
    0xff, 0xf1, 0x0, 0x0, 0x1, 0xef, 0xa0, 0x0,
    0x5f, 0xfe, 0xfa, 0x0, 0x0, 0xa, 0xff, 0x10,
    0x2, 0xef, 0xd2, 0xff, 0x60, 0x0, 0x4f, 0xf8,
    0x0, 0x2d, 0xff, 0x30, 0x7f, 0xf6, 0x0, 0x7,
    0xd0, 0x6, 0xff, 0xf6, 0x0, 0xc, 0xff, 0xc3,
    0x0, 0x0, 0x4f, 0xff, 0x50, 0x0, 0x0, 0xbf,
    0xd1, 0x0, 0x0, 0x6, 0xb1, 0x0, 0x0, 0x0,
    0x5, 0x30,

    /* U+6BD4 "比" */
    0x0, 0x0, 0x0, 0x0, 0x1, 0x10, 0x0, 0x0,
    0x0, 0x1, 0xff, 0x30, 0x0, 0xe, 0xf5, 0x0,
    0x0, 0x0, 0x1, 0xff, 0x30, 0x0, 0xe, 0xf5,
    0x0, 0x0, 0x0, 0x1, 0xff, 0x30, 0x0, 0xe,
    0xf5, 0x0, 0x5, 0x0, 0x1, 0xff, 0x30, 0x0,
    0xe, 0xf5, 0x0, 0x9f, 0x70, 0x1, 0xff, 0x30,
    0x0, 0xe, 0xf5, 0xa, 0xff, 0xe0, 0x1, 0xff,
    0xff, 0xff, 0x4e, 0xf6, 0xcf, 0xfc, 0x10, 0x1,
    0xff, 0xff, 0xff, 0x4e, 0xff, 0xff, 0x90, 0x0,
    0x1, 0xff, 0x62, 0x22, 0xe, 0xff, 0xf5, 0x0,
    0x0, 0x1, 0xff, 0x30, 0x0, 0xe, 0xfc, 0x20,
    0x0, 0x0, 0x1, 0xff, 0x30, 0x0, 0xe, 0xf5,
    0x0, 0x0, 0x0, 0x1, 0xff, 0x30, 0x0, 0xe,
    0xf5, 0x0, 0x4, 0x0, 0x1, 0xff, 0x30, 0x0,
    0xe, 0xf5, 0x0, 0xf, 0xc1, 0x1, 0xff, 0x30,
    0x16, 0xe, 0xf5, 0x0, 0xf, 0xf1, 0x1, 0xff,
    0x7a, 0xff, 0x1e, 0xf5, 0x0, 0x1f, 0xf0, 0x4,
    0xff, 0xff, 0xff, 0x2d, 0xf9, 0x21, 0x7f, 0xc0,
    0xc, 0xff, 0xfc, 0x50, 0xa, 0xff, 0xff, 0xff,
    0x80, 0x6, 0xf9, 0x20, 0x0, 0x2, 0xcf, 0xff,
    0xfa, 0x0, 0x0, 0x20, 0x0, 0x0, 0x0, 0x0,
    0x0, 0x0, 0x0,

    /* U+6BEB "毫" */
    0x0, 0x0, 0x0, 0x1, 0x66, 0x0, 0x0, 0x0,
    0x0, 0x3, 0x33, 0x33, 0x37, 0xff, 0x43, 0x33,
    0x33, 0x30, 0x2f, 0xff, 0xff, 0xff, 0xff, 0xff,
    0xff, 0xff, 0xf2, 0x16, 0x66, 0x66, 0x66, 0x66,
    0x66, 0x66, 0x66, 0x61, 0x0, 0xa, 0xff, 0xff,
    0xff, 0xff, 0xff, 0xb0, 0x0, 0x0, 0xa, 0xf9,
    0x33, 0x33, 0x33, 0xaf, 0xc0, 0x0, 0x0, 0xa,
    0xfe, 0xdd, 0xdd, 0xdd, 0xef, 0xc0, 0x0, 0x0,
    0x3, 0x55, 0x55, 0x55, 0x55, 0x55, 0x40, 0x0,
    0xe, 0xff, 0xff, 0xff, 0xff, 0xff, 0xff, 0xff,
    0xf0, 0xf, 0xf7, 0x77, 0x77, 0x78, 0xad, 0xf8,
    0x7f, 0xf0, 0xf, 0xe2, 0xab, 0xde, 0xff, 0xfe,
    0xc4, 0xf, 0xf0, 0x3, 0x31, 0xa8, 0x7c, 0xf9,
    0x23, 0x45, 0x64, 0x10, 0x0, 0x9a, 0xcd, 0xef,
    0xff, 0xff, 0xfe, 0xd4, 0x0, 0x0, 0x78, 0x76,
    0x6c, 0xfb, 0x66, 0x78, 0x9a, 0x50, 0x9, 0xde,
    0xff, 0xff, 0xff, 0xfe, 0xdc, 0xbb, 0x60, 0x6,
    0x87, 0x65, 0x4b, 0xf8, 0x0, 0x0, 0x5, 0xf6,
    0x0, 0x0, 0x0, 0x7, 0xfe, 0x98, 0x88, 0x9e,
    0xf4, 0x0, 0x0, 0x0, 0x0, 0x9e, 0xff, 0xff,
    0xfe, 0x90,

    /* U+6E05 "清" */
    0x0, 0xa4, 0x0, 0x0, 0x0, 0xff, 0x20, 0x0,
    0x0, 0x7, 0xff, 0xb5, 0xee, 0xee, 0xff, 0xee,
    0xee, 0x70, 0x0, 0x5e, 0xd2, 0x66, 0x66, 0xff,
    0x76, 0x66, 0x30, 0x0, 0x1, 0x10, 0xbf, 0xff,
    0xff, 0xff, 0xff, 0x0, 0x3, 0x10, 0x0, 0x67,
    0x77, 0xff, 0x97, 0x77, 0x0, 0x3f, 0xf7, 0xb,
    0xbb, 0xbb, 0xff, 0xcb, 0xbb, 0xb2, 0x1b, 0xff,
    0x8b, 0xcc, 0xcc, 0xcc, 0xcc, 0xcc, 0xc3, 0x0,
    0x5d, 0x10, 0x58, 0x88, 0x88, 0x88, 0x87, 0x0,
    0x0, 0x0, 0x0, 0x9f, 0xff, 0xff, 0xff, 0xfd,
    0x0, 0x0, 0x7, 0x40, 0x9f, 0x71, 0x11, 0x14,
    0xfd, 0x0, 0x0, 0xe, 0xf3, 0x9f, 0xff, 0xff,
    0xff, 0xfd, 0x0, 0x0, 0x5f, 0xf0, 0x9f, 0xb7,
    0x77, 0x79, 0xfd, 0x0, 0x0, 0xbf, 0x90, 0x9f,
    0xb8, 0x88, 0x8a, 0xfd, 0x0, 0x2, 0xff, 0x30,
    0x9f, 0xff, 0xff, 0xff, 0xfd, 0x0, 0xa, 0xfc,
    0x0, 0x9f, 0x60, 0x0, 0x3, 0xfd, 0x0, 0x9,
    0xf6, 0x0, 0x9f, 0x60, 0x3, 0xde, 0xfb, 0x0,
    0x0, 0x41, 0x0, 0x9f, 0x60, 0x0, 0xef, 0xc3,
    0x0,

    /* U+6E38 "游" */
    0x0, 0x20, 0x0, 0x16, 0x30, 0x0, 0x63, 0x0,
    0x0, 0x5, 0xfb, 0x20, 0x9f, 0xd0, 0x3, 0xff,
    0x0, 0x0, 0x6, 0xff, 0xe0, 0x1f, 0xe3, 0x7,
    0xfd, 0x55, 0x52, 0x0, 0x1c, 0xae, 0xef, 0xee,
    0xec, 0xff, 0xff, 0xf6, 0x0, 0x0, 0x5f, 0xff,
    0xff, 0xff, 0xfa, 0xaa, 0xa4, 0x3, 0x20, 0x2,
    0xfe, 0x11, 0xaf, 0xb0, 0x0, 0x0, 0x2f, 0xf9,
    0x11, 0xfd, 0x0, 0x3c, 0xff, 0xff, 0xd2, 0x19,
    0xff, 0x41, 0xff, 0xdd, 0xc2, 0xdd, 0xff, 0xd1,
    0x0, 0x36, 0x2, 0xff, 0xff, 0xd0, 0x5, 0xfe,
    0x20, 0x0, 0x0, 0x4, 0xfa, 0x3f, 0xc0, 0x9,
    0xf6, 0x0, 0x0, 0x26, 0x5, 0xf7, 0x2f, 0xca,
    0xae, 0xfc, 0xa5, 0x0, 0x8f, 0x77, 0xf5, 0x3f,
    0xbe, 0xff, 0xff, 0xf7, 0x0, 0xdf, 0x4b, 0xf2,
    0x4f, 0xa3, 0x3b, 0xf8, 0x31, 0x2, 0xff, 0xf,
    0xf0, 0x5f, 0x90, 0x9, 0xf6, 0x0, 0x7, 0xfb,
    0x4f, 0xc0, 0x6f, 0x80, 0x9, 0xf6, 0x0, 0xd,
    0xf6, 0xcf, 0x60, 0xaf, 0x60, 0x9, 0xf6, 0x0,
    0x2f, 0xf6, 0xfe, 0x5e, 0xff, 0x37, 0xcf, 0xf4,
    0x0, 0x4, 0xa0, 0x95, 0x1f, 0xf8, 0x5, 0xff,
    0xb0, 0x0, 0x0, 0x0, 0x0, 0x0, 0x0, 0x0,
    0x20, 0x0, 0x0,

    /* U+70B9 "点" */
    0x0, 0x0, 0x0, 0x1, 0xff, 0x0, 0x0, 0x0,
    0x0, 0x0, 0x0, 0x0, 0x1, 0xff, 0xee, 0xee,
    0xee, 0x70, 0x0, 0x0, 0x0, 0x1, 0xff, 0xff,
    0xff, 0xff, 0x70, 0x0, 0x0, 0x0, 0x1, 0xff,
    0x21, 0x11, 0x11, 0x0, 0x0, 0x0, 0x0, 0x1,
    0xff, 0x0, 0x0, 0x0, 0x0, 0x0, 0x2f, 0xff,
    0xff, 0xff, 0xff, 0xff, 0xf4, 0x0, 0x0, 0x2f,
    0xff, 0xff, 0xff, 0xff, 0xff, 0xf4, 0x0, 0x0,
    0x2f, 0xe0, 0x0, 0x0, 0x0, 0xe, 0xf4, 0x0,
    0x0, 0x2f, 0xe0, 0x0, 0x0, 0x0, 0xe, 0xf4,
    0x0, 0x0, 0x2f, 0xfe, 0xee, 0xee, 0xee, 0xef,
    0xf4, 0x0, 0x0, 0x2f, 0xff, 0xff, 0xff, 0xff,
    0xff, 0xf4, 0x0, 0x0, 0x2, 0x11, 0x11, 0x11,
    0x11, 0x11, 0x31, 0x0, 0x0, 0x7f, 0x91, 0x9a,
    0x3, 0xb9, 0x9, 0xf9, 0x0, 0x0, 0xef, 0x60,
    0xff, 0x11, 0xff, 0x13, 0xff, 0x40, 0xb, 0xfd,
    0x0, 0xef, 0x40, 0xbf, 0x60, 0x9f, 0xd0, 0x2c,
    0xf3, 0x0, 0xdf, 0x50, 0x7f, 0x80, 0x1f, 0xd2,
    0x0, 0x20, 0x0, 0x21, 0x0, 0x0, 0x0, 0x1,
    0x0,

    /* U+7248 "版" */
    0x0, 0x0, 0x0, 0x0, 0x0, 0x0, 0x0, 0x0,
    0x0, 0x2, 0xfc, 0xf, 0xf0, 0x1e, 0xff, 0xff,
    0xff, 0xd1, 0x2, 0xfc, 0xf, 0xf0, 0x1f, 0xfd,
    0xba, 0x97, 0x52, 0x2, 0xfc, 0xf, 0xf0, 0x1f,
    0xe0, 0x0, 0x0, 0x0, 0x2, 0xfc, 0xf, 0xf0,
    0x1f, 0xe0, 0x0, 0x0, 0x0, 0x2, 0xfe, 0x6f,
    0xf6, 0x3f, 0xe1, 0x11, 0x11, 0x10, 0x2, 0xff,
    0xff, 0xff, 0x5f, 0xff, 0xff, 0xff, 0xf3, 0x2,
    0xfe, 0x99, 0x99, 0x4f, 0xff, 0xed, 0xdf, 0xf1,
    0x2, 0xfc, 0x0, 0x0, 0x2f, 0xff, 0xa0, 0x2f,
    0xd0, 0x3, 0xff, 0xdd, 0xd4, 0x2f, 0xdd, 0xf1,
    0x8f, 0xa0, 0x4, 0xff, 0xff, 0xf5, 0x3f, 0xc8,
    0xf7, 0xdf, 0x60, 0x4, 0xfb, 0xa, 0xf5, 0x5f,
    0xc3, 0xfe, 0xff, 0x0, 0x5, 0xf8, 0x9, 0xf5,
    0x6f, 0xa0, 0xcf, 0xf9, 0x0, 0x8, 0xf6, 0x9,
    0xf5, 0x9f, 0x70, 0x7f, 0xf3, 0x0, 0xa, 0xf4,
    0x9, 0xf5, 0xcf, 0x42, 0xef, 0xfc, 0x0, 0xe,
    0xf1, 0x9, 0xf7, 0xff, 0x6e, 0xfd, 0xff, 0xb1,
    0x3f, 0xb0, 0x9, 0xfd, 0xfd, 0xef, 0xe1, 0x6f,
    0xf7, 0x7, 0x50, 0x9, 0xf6, 0xb6, 0x6b, 0x10,
    0x6, 0xb0, 0x0, 0x0, 0x0, 0x0, 0x0, 0x0,
    0x0, 0x0, 0x0,

    /* U+73A9 "玩" */
    0x0, 0x0, 0x0, 0x0, 0x0, 0x0, 0x0, 0x0,
    0x0, 0x1, 0xff, 0xff, 0xff, 0x1f, 0xff, 0xff,
    0xff, 0xfc, 0x0, 0x1f, 0xff, 0xff, 0xf1, 0xff,
    0xff, 0xff, 0xff, 0xc0, 0x0, 0x0, 0xff, 0x20,
    0x0, 0x0, 0x0, 0x0, 0x0, 0x0, 0x0, 0xf,
    0xf1, 0x0, 0x0, 0x0, 0x0, 0x0, 0x0, 0x0,
    0x0, 0xff, 0x10, 0x11, 0x11, 0x11, 0x11, 0x11,
    0x10, 0xd, 0xef, 0xff, 0xdb, 0xff, 0xff, 0xff,
    0xff, 0xfb, 0x0, 0xef, 0xff, 0xfe, 0xbf, 0xff,
    0xff, 0xff, 0xff, 0xb0, 0x0, 0xf, 0xf2, 0x0,
    0xb, 0xf5, 0x3f, 0xe0, 0x0, 0x0, 0x0, 0xff,
    0x10, 0x0, 0xdf, 0x33, 0xfe, 0x0, 0x0, 0x0,
    0xf, 0xf1, 0x0, 0xe, 0xf2, 0x3f, 0xe0, 0x0,
    0x0, 0x0, 0xff, 0x8b, 0x52, 0xff, 0x3, 0xfe,
    0x0, 0x0, 0x27, 0xbf, 0xff, 0xf7, 0x7f, 0xa0,
    0x3f, 0xe0, 0x60, 0x4, 0xff, 0xff, 0xb6, 0x4f,
    0xf5, 0x3, 0xfe, 0xd, 0xf1, 0x1e, 0x94, 0x0,
    0x3d, 0xfb, 0x0, 0x3f, 0xe0, 0xef, 0x0, 0x0,
    0x0, 0x7f, 0xfd, 0x10, 0x1, 0xff, 0xff, 0xc0,
    0x0, 0x0, 0x1, 0xe8, 0x0, 0x0, 0x9, 0xff,
    0xe4, 0x0, 0x0, 0x0, 0x0, 0x0, 0x0, 0x0,
    0x0, 0x0, 0x0,

    /* U+7528 "用" */
    0x0, 0x1, 0x11, 0x11, 0x11, 0x11, 0x11, 0x11,
    0x0, 0x3, 0xff, 0xff, 0xff, 0xff, 0xff, 0xff,
    0xf3, 0x0, 0x3f, 0xff, 0xff, 0xff, 0xff, 0xff,
    0xff, 0x30, 0x3, 0xfe, 0x0, 0xe, 0xf4, 0x0,
    0xe, 0xf3, 0x0, 0x3f, 0xe0, 0x0, 0xef, 0x40,
    0x0, 0xef, 0x30, 0x3, 0xff, 0xff, 0xff, 0xff,
    0xff, 0xff, 0xf3, 0x0, 0x3f, 0xff, 0xff, 0xff,
    0xff, 0xff, 0xff, 0x30, 0x3, 0xfe, 0x0, 0xe,
    0xf5, 0x0, 0xe, 0xf3, 0x0, 0x3f, 0xd0, 0x0,
    0xef, 0x40, 0x0, 0xef, 0x30, 0x4, 0xff, 0xee,
    0xef, 0xfe, 0xee, 0xef, 0xf3, 0x0, 0x6f, 0xff,
    0xff, 0xff, 0xff, 0xff, 0xff, 0x30, 0x8, 0xf9,
    0x11, 0x1e, 0xf5, 0x11, 0x1e, 0xf3, 0x0, 0xbf,
    0x40, 0x0, 0xef, 0x40, 0x0, 0xef, 0x30, 0xf,
    0xf1, 0x0, 0xe, 0xf4, 0x0, 0xe, 0xf3, 0x7,
    0xfd, 0x0, 0x0, 0xef, 0x40, 0x0, 0xff, 0x32,
    0xff, 0x50, 0x0, 0xe, 0xf4, 0xae, 0xef, 0xf1,
    0x9, 0xc0, 0x0, 0x0, 0xef, 0x46, 0xff, 0xe7,
    0x0, 0x1, 0x0, 0x0, 0x0, 0x0, 0x1, 0x10,
    0x0,

    /* U+753B "画" */
    0xdf, 0xff, 0xff, 0xff, 0xff, 0xff, 0xff, 0xfe,
    0xdf, 0xff, 0xff, 0xff, 0xff, 0xff, 0xff, 0xfe,
    0x0, 0x0, 0x0, 0x0, 0x0, 0x0, 0x0, 0x0,
    0x0, 0x0, 0x0, 0x0, 0x0, 0x0, 0x0, 0x0,
    0x0, 0x3, 0xbb, 0xbb, 0xbb, 0xbb, 0x30, 0x0,
    0x11, 0x14, 0xff, 0xff, 0xff, 0xff, 0x41, 0x22,
    0xaf, 0x84, 0xf7, 0xf, 0xd0, 0x8f, 0x47, 0xfa,
    0xaf, 0x84, 0xfc, 0x9f, 0xf9, 0xdf, 0x47, 0xfa,
    0xaf, 0x84, 0xff, 0xff, 0xff, 0xff, 0x47, 0xfa,
    0xaf, 0x84, 0xf7, 0xf, 0xe0, 0x9f, 0x47, 0xfa,
    0xaf, 0x84, 0xf8, 0x1f, 0xe1, 0x9f, 0x47, 0xfa,
    0xaf, 0x84, 0xff, 0xff, 0xff, 0xff, 0x47, 0xfa,
    0xaf, 0x83, 0xaa, 0xaa, 0xaa, 0xaa, 0x37, 0xfa,
    0xaf, 0x90, 0x0, 0x0, 0x0, 0x0, 0x8, 0xfa,
    0xaf, 0xff, 0xff, 0xff, 0xff, 0xff, 0xff, 0xfa,
    0x9f, 0xff, 0xff, 0xff, 0xff, 0xff, 0xff, 0xfa,
    0x0, 0x0, 0x0, 0x0, 0x0, 0x0, 0x7, 0xfa,

    /* U+7684 "的" */
    0x0, 0x0, 0x0, 0x0, 0x0, 0x0, 0x0, 0x0,
    0x0, 0x6f, 0xb0, 0x0, 0xd, 0xc4, 0x0, 0x0,
    0x0, 0x9f, 0x90, 0x0, 0x2f, 0xf2, 0x0, 0x0,
    0x22, 0xcf, 0x52, 0x20, 0x8f, 0xe4, 0x44, 0x44,
    0xef, 0xff, 0xff, 0xe0, 0xef, 0xff, 0xff, 0xfd,
    0xef, 0xbb, 0xbf, 0xe7, 0xff, 0xaa, 0xab, 0xfd,
    0xef, 0x10, 0xf, 0xff, 0xf6, 0x0, 0x2, 0xfc,
    0xef, 0x10, 0xf, 0xe9, 0xb2, 0x20, 0x3, 0xfc,
    0xef, 0xcc, 0xcf, 0xe0, 0x4f, 0xd0, 0x3, 0xfb,
    0xef, 0xff, 0xff, 0xe0, 0xd, 0xf8, 0x4, 0xfb,
    0xef, 0x21, 0x2f, 0xe0, 0x4, 0xff, 0x25, 0xfa,
    0xef, 0x10, 0xf, 0xe0, 0x0, 0xbf, 0xa6, 0xf9,
    0xef, 0x10, 0xf, 0xe0, 0x0, 0x38, 0x7, 0xf8,
    0xef, 0x10, 0x1f, 0xe0, 0x0, 0x0, 0x9, 0xf7,
    0xef, 0xff, 0xff, 0xe0, 0x0, 0x0, 0xb, 0xf5,
    0xef, 0xdd, 0xdd, 0xc0, 0x1, 0x10, 0x3f, 0xf2,
    0xef, 0x10, 0x0, 0x0, 0x5, 0xff, 0xff, 0xd0,
    0x77, 0x0, 0x0, 0x0, 0x0, 0xff, 0xfc, 0x20,
    0x0, 0x0, 0x0, 0x0, 0x0, 0x0, 0x0, 0x0,

    /* U+786E "确" */
    0x0, 0x0, 0x0, 0x0, 0x9, 0x80, 0x0, 0x0,
    0x2, 0xff, 0xff, 0xff, 0x22, 0xff, 0x0, 0x0,
    0x0, 0x2e, 0xff, 0xfe, 0xe2, 0xaf, 0xfc, 0xcc,
    0xb4, 0x0, 0x6, 0xf9, 0x0, 0x3f, 0xff, 0xff,
    0xff, 0x20, 0x0, 0xaf, 0x50, 0x1e, 0xf9, 0x0,
    0xcf, 0x70, 0x0, 0xe, 0xf2, 0xb, 0xff, 0xdc,
    0xdf, 0xfc, 0xcb, 0x2, 0xfe, 0x0, 0x4f, 0xff,
    0xff, 0xff, 0xff, 0xe0, 0xaf, 0xff, 0xfb, 0x3f,
    0xc0, 0xdf, 0x12, 0xfe, 0x2f, 0xff, 0xef, 0xb2,
    0xfe, 0x9e, 0xf9, 0xaf, 0xe7, 0xff, 0xb0, 0xfb,
    0x2f, 0xff, 0xff, 0xff, 0xfe, 0x3f, 0xfb, 0xf,
    0xb3, 0xfb, 0xd, 0xf1, 0x2f, 0xe0, 0x8f, 0xb0,
    0xfb, 0x4f, 0xe9, 0xef, 0xaa, 0xfe, 0x0, 0xfb,
    0xf, 0xb6, 0xff, 0xff, 0xff, 0xff, 0xe0, 0xf,
    0xeb, 0xfb, 0x8f, 0x72, 0xdf, 0x33, 0xfe, 0x0,
    0xff, 0xff, 0xbd, 0xf2, 0xc, 0xf1, 0x1f, 0xe0,
    0xf, 0xc2, 0x26, 0xff, 0x0, 0xcf, 0x12, 0xfe,
    0x0, 0x96, 0x0, 0xaf, 0x90, 0x8, 0xa9, 0xef,
    0xd0, 0x0, 0x0, 0x0, 0xc1, 0x0, 0x0, 0x5f,
    0xd5, 0x0, 0x0, 0x0, 0x0, 0x0, 0x0, 0x0,
    0x0, 0x0,

    /* U+793A "示" */
    0x0, 0x1, 0x11, 0x11, 0x11, 0x11, 0x11, 0x10,
    0x0, 0x0, 0x6f, 0xff, 0xff, 0xff, 0xff, 0xff,
    0xf5, 0x0, 0x0, 0x6f, 0xff, 0xff, 0xff, 0xff,
    0xff, 0xf5, 0x0, 0x0, 0x0, 0x0, 0x0, 0x0,
    0x0, 0x0, 0x0, 0x0, 0x0, 0x0, 0x0, 0x0,
    0x0, 0x0, 0x0, 0x0, 0x0, 0xf, 0xff, 0xff,
    0xff, 0xff, 0xff, 0xff, 0xff, 0xf0, 0xf, 0xff,
    0xff, 0xff, 0xff, 0xff, 0xff, 0xff, 0xf0, 0x2,
    0x22, 0x22, 0x24, 0xff, 0x62, 0x22, 0x22, 0x20,
    0x0, 0x2, 0x10, 0x1, 0xff, 0x30, 0x2, 0x10,
    0x0, 0x0, 0xd, 0xf9, 0x1, 0xff, 0x30, 0x9f,
    0xa0, 0x0, 0x0, 0x4f, 0xf4, 0x1, 0xff, 0x30,
    0x5f, 0xf3, 0x0, 0x0, 0xcf, 0xc0, 0x1, 0xff,
    0x30, 0xc, 0xfd, 0x0, 0x7, 0xff, 0x50, 0x1,
    0xff, 0x30, 0x4, 0xff, 0x40, 0x4f, 0xfb, 0x0,
    0x1, 0xff, 0x30, 0x0, 0xdf, 0xb0, 0x1a, 0xe1,
    0x4, 0x35, 0xff, 0x30, 0x0, 0x6f, 0xa0, 0x0,
    0x10, 0xf, 0xff, 0xff, 0x0, 0x0, 0x12, 0x0,
    0x0, 0x0, 0xa, 0xff, 0xc4, 0x0, 0x0, 0x0,
    0x0, 0x0, 0x0, 0x0, 0x0, 0x0, 0x0, 0x0,
    0x0, 0x0,

    /* U+79D2 "秒" */
    0x0, 0x0, 0x49, 0x80, 0x0, 0xf, 0xf0, 0x0,
    0x0, 0x39, 0xcf, 0xff, 0xf3, 0x0, 0xf, 0xf0,
    0x0, 0x0, 0x2f, 0xff, 0xf8, 0x20, 0x0, 0xf,
    0xf0, 0x12, 0x0, 0x2, 0xe, 0xf3, 0x0, 0xac,
    0x2f, 0xf4, 0xfc, 0x0, 0x0, 0xe, 0xf3, 0x0,
    0xef, 0x1f, 0xf0, 0xef, 0x30, 0x9f, 0xff, 0xff,
    0xf7, 0xfe, 0xf, 0xf0, 0x8f, 0x90, 0x9f, 0xff,
    0xff, 0xfb, 0xfb, 0xf, 0xf0, 0x3f, 0xe0, 0x0,
    0x6f, 0xf7, 0x9, 0xf6, 0xf, 0xf0, 0xf, 0xc1,
    0x0, 0xdf, 0xff, 0x55, 0xd2, 0xf, 0xf0, 0x1,
    0x0, 0x5, 0xff, 0xff, 0xf3, 0x0, 0xf, 0xf0,
    0xad, 0x50, 0xe, 0xff, 0xf8, 0xe1, 0x0, 0xf,
    0xf3, 0xff, 0x20, 0x9f, 0x9e, 0xf3, 0x30, 0x0,
    0x2, 0x3c, 0xfa, 0x0, 0x9f, 0x2e, 0xf3, 0x0,
    0x0, 0x1, 0xcf, 0xe2, 0x0, 0x17, 0xe, 0xf3,
    0x0, 0x0, 0x7e, 0xfe, 0x30, 0x0, 0x0, 0xe,
    0xf3, 0x26, 0xae, 0xff, 0xd3, 0x0, 0x0, 0x0,
    0xe, 0xf3, 0x6f, 0xff, 0xe6, 0x0, 0x0, 0x0,
    0x0, 0xe, 0xf3, 0xb, 0x83, 0x0, 0x0, 0x0,
    0x0,

    /* U+79FB "移" */
    0x0, 0x0, 0x1, 0x0, 0x0, 0x4, 0x10, 0x0,
    0x0, 0x0, 0x36, 0xcf, 0x70, 0x0, 0x8f, 0xe1,
    0x0, 0x0, 0x1f, 0xff, 0xff, 0xb0, 0x9, 0xff,
    0xdb, 0xba, 0x20, 0xa, 0xaf, 0xf2, 0x3, 0xdf,
    0xff, 0xff, 0xff, 0x30, 0x0, 0xe, 0xf1, 0x3f,
    0xfd, 0x40, 0x1c, 0xf9, 0x0, 0x0, 0xe, 0xf2,
    0x7, 0x99, 0xfa, 0xbf, 0xe1, 0x0, 0x7f, 0xff,
    0xff, 0xf1, 0x4, 0xff, 0xfd, 0x10, 0x0, 0x7f,
    0xff, 0xff, 0xf5, 0x9e, 0xff, 0xf4, 0x0, 0x0,
    0x0, 0xbf, 0xf5, 0xd, 0xff, 0xad, 0xfd, 0x10,
    0x0, 0x1, 0xff, 0xff, 0x43, 0x50, 0x9f, 0xff,
    0xff, 0xd2, 0x7, 0xff, 0xfe, 0xf1, 0x1a, 0xff,
    0xbb, 0xdf, 0xe0, 0x1e, 0xde, 0xf6, 0xb7, 0xff,
    0xe3, 0x1, 0xef, 0x70, 0x8f, 0x7e, 0xf1, 0x19,
    0xfb, 0x8e, 0x6a, 0xfe, 0x0, 0x6f, 0x1e, 0xf1,
    0x0, 0x50, 0x7f, 0xff, 0xf3, 0x0, 0x6, 0xe,
    0xf1, 0x0, 0x0, 0x4e, 0xff, 0x40, 0x0, 0x0,
    0xe, 0xf1, 0x1, 0x5b, 0xff, 0xd3, 0x0, 0x0,
    0x0, 0xe, 0xf1, 0x4f, 0xff, 0xf7, 0x0, 0x0,
    0x0, 0x0, 0xe, 0xf1, 0xb, 0xb6, 0x0, 0x0,
    0x0, 0x0, 0x0, 0x0, 0x0, 0x0, 0x0, 0x0,
    0x0, 0x0, 0x0,

    /* U+7B2C "第" */
    0x0, 0x2, 0x40, 0x0, 0x0, 0x15, 0x20, 0x0,
    0x0, 0x0, 0xb, 0xf7, 0x0, 0x0, 0x7f, 0xe0,
    0x0, 0x0, 0x0, 0x3f, 0xff, 0xff, 0xf4, 0xef,
    0xff, 0xff, 0xf9, 0x0, 0xdf, 0xbf, 0xf9, 0x9b,
    0xfe, 0xaf, 0xfa, 0x96, 0xb, 0xfc, 0xc, 0xf5,
    0x5f, 0xf5, 0xb, 0xf9, 0x0, 0x5, 0xd3, 0x6,
    0xb4, 0x19, 0xb0, 0x3, 0xc5, 0x0, 0x0, 0x7f,
    0xff, 0xff, 0xff, 0xff, 0xff, 0xfe, 0x0, 0x0,
    0x5b, 0xbb, 0xbc, 0xff, 0xbb, 0xbc, 0xfe, 0x0,
    0x0, 0x4, 0x55, 0x57, 0xff, 0x55, 0x57, 0xfe,
    0x0, 0x0, 0xe, 0xff, 0xff, 0xff, 0xff, 0xff,
    0xfe, 0x0, 0x0, 0x1f, 0xf4, 0x46, 0xff, 0x44,
    0x44, 0x44, 0x0, 0x0, 0x3f, 0xfb, 0xbc, 0xff,
    0xbb, 0xbb, 0xbb, 0x80, 0x0, 0x6f, 0xff, 0xff,
    0xff, 0xff, 0xff, 0xff, 0xa0, 0x0, 0x0, 0x8,
    0xff, 0xfe, 0x0, 0x0, 0x9f, 0x90, 0x0, 0x2,
    0xcf, 0xf8, 0xfe, 0x0, 0x1, 0xdf, 0x60, 0x4,
    0xbf, 0xff, 0x43, 0xfe, 0x4, 0xff, 0xff, 0x20,
    0x5, 0xff, 0xb2, 0x3, 0xfe, 0x0, 0xdd, 0xc6,
    0x0, 0x0, 0x84, 0x0, 0x3, 0xfe, 0x0, 0x0,
    0x0, 0x0,

    /* U+7B80 "简" */
    0x0, 0x3, 0x20, 0x0, 0x0, 0x4, 0x0, 0x0,
    0x0, 0x0, 0xd, 0xf6, 0x0, 0x0, 0x5f, 0xe0,
    0x0, 0x0, 0x0, 0x6f, 0xff, 0xff, 0xf4, 0xcf,
    0xfe, 0xee, 0xe8, 0x2, 0xef, 0xdf, 0xfd, 0xca,
    0xff, 0xdf, 0xfd, 0xc7, 0xd, 0xfa, 0xd, 0xf7,
    0x1e, 0xf6, 0xc, 0xf8, 0x0, 0x4, 0xb1, 0x45,
    0xb3, 0x1, 0x70, 0x3, 0xc4, 0x0, 0x0, 0xd,
    0xf6, 0x2e, 0xee, 0xee, 0xee, 0xee, 0xd0, 0x0,
    0x5, 0xff, 0x5f, 0xff, 0xff, 0xff, 0xff, 0xe0,
    0x1, 0x98, 0x75, 0x0, 0x0, 0x0, 0x0, 0x3f,
    0xe0, 0x3, 0xfe, 0x1, 0xff, 0xff, 0xff, 0xc0,
    0x3f, 0xe0, 0x3, 0xfe, 0x1, 0xfe, 0x99, 0xaf,
    0xd0, 0x3f, 0xe0, 0x3, 0xfe, 0x1, 0xfd, 0x77,
    0x8f, 0xd0, 0x3f, 0xe0, 0x3, 0xfe, 0x1, 0xff,
    0xff, 0xff, 0xd0, 0x3f, 0xe0, 0x3, 0xfe, 0x1,
    0xfc, 0x0, 0x1f, 0xd0, 0x3f, 0xe0, 0x3, 0xfe,
    0x1, 0xff, 0xff, 0xff, 0xd0, 0x3f, 0xe0, 0x3,
    0xfe, 0x0, 0x88, 0x88, 0x88, 0x70, 0x3f, 0xe0,
    0x3, 0xfe, 0x0, 0x0, 0x0, 0x0, 0x7c, 0xdf,
    0xc0, 0x3, 0xfe, 0x0, 0x0, 0x0, 0x0, 0x4f,
    0xfc, 0x40, 0x0, 0x0, 0x0, 0x0, 0x0, 0x0,
    0x0, 0x0, 0x0,

    /* U+7EAA "纪" */
    0x0, 0x0, 0x0, 0x0, 0x0, 0x0, 0x0, 0x0,
    0x0, 0x0, 0x0, 0x9a, 0x30, 0x0, 0x0, 0x0,
    0x0, 0x0, 0x0, 0x1, 0xff, 0x70, 0x6f, 0xff,
    0xff, 0xff, 0xe0, 0x0, 0x8, 0xfe, 0x0, 0x6f,
    0xff, 0xff, 0xff, 0xe0, 0x0, 0xe, 0xf6, 0x0,
    0x2, 0x22, 0x22, 0x6f, 0xe0, 0x0, 0x8f, 0xc0,
    0x88, 0x0, 0x0, 0x0, 0x4f, 0xe0, 0x3, 0xff,
    0x31, 0xff, 0x50, 0x0, 0x0, 0x4f, 0xe0, 0x1e,
    0xff, 0xdf, 0xfb, 0x0, 0x0, 0x0, 0x4f, 0xe0,
    0xe, 0xff, 0xff, 0xd1, 0x14, 0x44, 0x44, 0x8f,
    0xe0, 0x7, 0x89, 0xfd, 0x10, 0x5f, 0xff, 0xff,
    0xff, 0xe0, 0x0, 0x8f, 0xf6, 0x43, 0x5f, 0xfb,
    0xbb, 0xbb, 0xa0, 0xe, 0xff, 0xff, 0xfe, 0x5f,
    0xe0, 0x0, 0x0, 0x0, 0xa, 0xfd, 0xa7, 0x42,
    0x5f, 0xe0, 0x0, 0x0, 0x0, 0x1, 0x0, 0x0,
    0x0, 0x5f, 0xe0, 0x0, 0x1, 0xc4, 0x0, 0x0,
    0x14, 0x7a, 0x5f, 0xe0, 0x0, 0x3, 0xfd, 0x9,
    0xce, 0xff, 0xff, 0x6f, 0xf0, 0x0, 0x7, 0xfb,
    0xe, 0xff, 0xfe, 0xb8, 0x3f, 0xff, 0xff, 0xff,
    0xf6, 0x8, 0x74, 0x10, 0x0, 0x8, 0xff, 0xff,
    0xff, 0xa0, 0x0, 0x0, 0x0, 0x0, 0x0, 0x0,
    0x0, 0x0, 0x0,

    /* U+7EC3 "练" */
    0x0, 0x1, 0x0, 0x0, 0x0, 0x10, 0x0, 0x0,
    0x0, 0x0, 0xf, 0xa1, 0x0, 0x4, 0xfd, 0x0,
    0x0, 0x0, 0x0, 0x5f, 0xe0, 0x3, 0x39, 0xfc,
    0x33, 0x33, 0x30, 0x0, 0xaf, 0x70, 0x3f, 0xff,
    0xff, 0xff, 0xff, 0xe0, 0x1, 0xff, 0x10, 0x2b,
    0xbf, 0xfb, 0xbb, 0xbb, 0xa0, 0x8, 0xf8, 0x5e,
    0x50, 0x3f, 0xd0, 0x0, 0x0, 0x0, 0x3f, 0xf7,
    0xdf, 0x5f, 0xff, 0xff, 0xf4, 0x0, 0x0, 0x3f,
    0xff, 0xfa, 0xe, 0xff, 0xef, 0xf4, 0x0, 0x0,
    0x7, 0x6f, 0xe1, 0x4, 0xfb, 0xd, 0xf4, 0x0,
    0x0, 0x0, 0xbf, 0x62, 0x2e, 0xff, 0xef, 0xfe,
    0xee, 0x90, 0x9, 0xff, 0xff, 0x6c, 0xff, 0xff,
    0xff, 0xff, 0xa0, 0x2f, 0xff, 0xfc, 0x32, 0x20,
    0xd, 0xf4, 0x0, 0x0, 0xa, 0x83, 0x0, 0x1,
    0xfb, 0xd, 0xf4, 0x8c, 0x0, 0x0, 0x2, 0x8e,
    0x28, 0xf9, 0xd, 0xf4, 0xcf, 0x50, 0x5, 0xbf,
    0xff, 0x5f, 0xf2, 0xd, 0xf4, 0x5f, 0xd0, 0x3f,
    0xff, 0x92, 0xbf, 0x80, 0xd, 0xf4, 0xe, 0xf4,
    0xe, 0x92, 0x0, 0xac, 0xc, 0xef, 0xf2, 0x8,
    0xc3, 0x1, 0x0, 0x0, 0x1, 0x8, 0xfe, 0x70,
    0x0, 0x0, 0x0, 0x0, 0x0, 0x0, 0x0, 0x0,
    0x0, 0x0, 0x0,

    /* U+7EDF "统" */
    0x0, 0x3, 0x0, 0x0, 0x0, 0x2, 0x20, 0x0,
    0x0, 0x0, 0xd, 0xf6, 0x0, 0x0, 0x7f, 0xc0,
    0x0, 0x0, 0x0, 0x3f, 0xf4, 0x0, 0x0, 0x1f,
    0xf2, 0x0, 0x0, 0x0, 0xaf, 0xc0, 0xd, 0xee,
    0xef, 0xfe, 0xee, 0xe2, 0x1, 0xff, 0x46, 0x1e,
    0xff, 0xff, 0xff, 0xff, 0xf2, 0xa, 0xfa, 0x3f,
    0xe1, 0x6, 0xff, 0x20, 0x60, 0x0, 0x7f, 0xfa,
    0xdf, 0xb0, 0x2f, 0xf6, 0xa, 0xf7, 0x0, 0x7f,
    0xff, 0xff, 0x30, 0xcf, 0xc0, 0x16, 0xff, 0x10,
    0x2e, 0xbf, 0xf9, 0x2e, 0xff, 0xff, 0xff, 0xff,
    0x90, 0x0, 0x7f, 0xe1, 0x1f, 0xff, 0xff, 0xfd,
    0xbf, 0xf1, 0x3, 0xff, 0xa9, 0x89, 0x9d, 0xa0,
    0x68, 0x2a, 0x80, 0x4e, 0xff, 0xff, 0xa0, 0x4f,
    0xd0, 0xcf, 0x40, 0x0, 0x3f, 0xfe, 0xa6, 0x20,
    0x5f, 0xc0, 0xcf, 0x40, 0x0, 0x7, 0x20, 0x3,
    0x50, 0x9f, 0xa0, 0xcf, 0x42, 0x10, 0x0, 0x28,
    0xdf, 0xe0, 0xef, 0x50, 0xcf, 0x46, 0xf4, 0x3d,
    0xff, 0xfd, 0x7a, 0xfe, 0x10, 0xcf, 0x47, 0xf5,
    0x3f, 0xfa, 0x31, 0xdf, 0xf5, 0x0, 0xbf, 0xee,
    0xf2, 0x6, 0x10, 0x0, 0x9f, 0x60, 0x0, 0x4e,
    0xff, 0x90, 0x0, 0x0, 0x0, 0x1, 0x0, 0x0,
    0x0, 0x0, 0x0,

    /* U+7EE7 "继" */
    0x0, 0x2, 0x0, 0x0, 0x0, 0x0, 0x0, 0x0,
    0x0, 0x0, 0xd, 0xf4, 0xe, 0xf1, 0x10, 0xaf,
    0x12, 0x0, 0x0, 0x3f, 0xe0, 0xe, 0xf6, 0xf2,
    0xaf, 0x1c, 0xe0, 0x0, 0x9f, 0x70, 0xe, 0xf2,
    0xf6, 0xaf, 0x2f, 0x90, 0x1, 0xfe, 0x6, 0x1e,
    0xf1, 0xda, 0xaf, 0x7f, 0x20, 0x9, 0xf6, 0x3f,
    0xde, 0xf1, 0x54, 0xaf, 0x47, 0x0, 0x5f, 0xf9,
    0xdf, 0x6e, 0xf8, 0xdd, 0xff, 0xdd, 0xd2, 0x5f,
    0xff, 0xfc, 0xe, 0xfa, 0xff, 0xff, 0xff, 0xf3,
    0x6, 0x5f, 0xf2, 0xe, 0xf1, 0x7, 0xff, 0xc0,
    0x0, 0x0, 0xbf, 0x60, 0xe, 0xf1, 0x1e, 0xff,
    0xf9, 0x0, 0x9, 0xff, 0xbe, 0x8e, 0xf1, 0xaf,
    0xdf, 0xaf, 0x50, 0x5f, 0xff, 0xff, 0x6e, 0xf7,
    0xfa, 0xaf, 0x2e, 0xf1, 0x1e, 0x96, 0x20, 0xe,
    0xf5, 0xf2, 0xaf, 0x16, 0x90, 0x0, 0x0, 0x4,
    0x3e, 0xf1, 0x30, 0xaf, 0x10, 0x0, 0x27, 0xad,
    0xff, 0xae, 0xf1, 0x0, 0x8c, 0x0, 0x0, 0x4f,
    0xff, 0xb7, 0x2e, 0xff, 0xff, 0xff, 0xff, 0xf6,
    0x17, 0x30, 0x0, 0xd, 0xee, 0xee, 0xee, 0xee,
    0xe5,

    /* U+7EED "续" */
    0x0, 0x7, 0xb3, 0x0, 0x0, 0x1f, 0xf0, 0x0,
    0x0, 0x0, 0xe, 0xf2, 0x2, 0xdd, 0xdf, 0xfd,
    0xdd, 0x10, 0x0, 0x4f, 0xb0, 0x2, 0xff, 0xff,
    0xff, 0xff, 0x10, 0x0, 0xcf, 0x24, 0x0, 0x0,
    0x1f, 0xf0, 0x0, 0x0, 0x5, 0xf8, 0x2f, 0xbc,
    0xff, 0xff, 0xff, 0xff, 0xe0, 0x3e, 0xf9, 0xdf,
    0x4a, 0xdd, 0xdd, 0xdd, 0xdf, 0xd0, 0x4f, 0xff,
    0xfa, 0x0, 0x3b, 0x37, 0xa3, 0x5f, 0x80, 0x7,
    0x4e, 0xe1, 0x1, 0x4d, 0xfd, 0xf4, 0x7f, 0x30,
    0x0, 0x9f, 0x75, 0x2b, 0xf6, 0x5b, 0xf4, 0x0,
    0x0, 0x7, 0xff, 0xff, 0x51, 0xbd, 0xd, 0xf2,
    0x0, 0x0, 0x3f, 0xff, 0xc8, 0x4d, 0xee, 0xdf,
    0xfe, 0xdd, 0xc0, 0xb, 0x61, 0x1, 0x4f, 0xff,
    0xff, 0xff, 0xff, 0xe0, 0x0, 0x16, 0xcf, 0x70,
    0x2, 0xef, 0x68, 0x20, 0x0, 0x2b, 0xff, 0xfc,
    0x40, 0x2e, 0xfb, 0x5f, 0xf6, 0x0, 0x3f, 0xfa,
    0x30, 0x7, 0xff, 0xc1, 0x4, 0xef, 0x90, 0x6,
    0x10, 0x0, 0x4f, 0xfa, 0x0, 0x0, 0x2e, 0xf2,
    0x0, 0x0, 0x0, 0x5, 0x30, 0x0, 0x0, 0x2,
    0x30,

    /* U+7F6E "置" */
    0x1, 0xff, 0xff, 0xff, 0xff, 0xff, 0xff, 0xff,
    0x30, 0x1, 0xff, 0x67, 0xff, 0x66, 0xff, 0x66,
    0xff, 0x30, 0x1, 0xff, 0x23, 0xff, 0x22, 0xff,
    0x22, 0xff, 0x30, 0x1, 0xff, 0xff, 0xff, 0xff,
    0xff, 0xff, 0xff, 0x30, 0x0, 0x44, 0x44, 0x47,
    0xff, 0x44, 0x44, 0x44, 0x10, 0xd, 0xff, 0xff,
    0xff, 0xff, 0xff, 0xff, 0xff, 0x90, 0x5, 0x66,
    0x66, 0x6b, 0xfc, 0x66, 0x66, 0x66, 0x40, 0x0,
    0xe, 0xee, 0xef, 0xff, 0xee, 0xee, 0xd0, 0x0,
    0x0, 0xf, 0xf6, 0x66, 0x66, 0x66, 0x8f, 0xe0,
    0x0, 0x0, 0xf, 0xfe, 0xee, 0xee, 0xee, 0xef,
    0xe0, 0x0, 0x0, 0xf, 0xf5, 0x44, 0x44, 0x44,
    0x6f, 0xe0, 0x0, 0x0, 0xf, 0xff, 0xff, 0xff,
    0xff, 0xff, 0xe0, 0x0, 0x0, 0xf, 0xf5, 0x44,
    0x44, 0x44, 0x7f, 0xe0, 0x0, 0x0, 0xf, 0xfd,
    0xdd, 0xdd, 0xdd, 0xef, 0xe0, 0x0, 0x7, 0x7f,
    0xf8, 0x77, 0x77, 0x77, 0x9f, 0xf7, 0x71, 0x1f,
    0xff, 0xff, 0xff, 0xff, 0xff, 0xff, 0xff, 0xf2,
    0x0, 0x0, 0x0, 0x0, 0x0, 0x0, 0x0, 0x0,
    0x0,

    /* U+8005 "者" */
    0x0, 0x0, 0x0, 0x4f, 0xd0, 0x0, 0x0, 0x41,
    0x0, 0x0, 0x12, 0x22, 0x6f, 0xd2, 0x22, 0x13,
    0xff, 0x20, 0x0, 0x8f, 0xff, 0xff, 0xff, 0xff,
    0xde, 0xf6, 0x0, 0x0, 0x6b, 0xbb, 0xdf, 0xfb,
    0xbd, 0xff, 0x70, 0x0, 0x0, 0x0, 0x0, 0x4f,
    0xd0, 0x5f, 0xf8, 0x0, 0x0, 0x1d, 0xdd, 0xdd,
    0xef, 0xfd, 0xff, 0xfd, 0xdd, 0xd1, 0x1f, 0xff,
    0xff, 0xff, 0xff, 0xff, 0xff, 0xff, 0xf1, 0x0,
    0x0, 0x4, 0xbf, 0xfa, 0x20, 0x0, 0x0, 0x0,
    0x0, 0x4, 0xbf, 0xff, 0xeb, 0xbb, 0xbb, 0xb0,
    0x0, 0x29, 0xef, 0xff, 0xff, 0xff, 0xff, 0xff,
    0xf0, 0x0, 0x3f, 0xfe, 0xdf, 0x90, 0x0, 0x0,
    0x4f, 0xf0, 0x0, 0x7, 0x60, 0x9f, 0xd9, 0x99,
    0x99, 0xaf, 0xf0, 0x0, 0x0, 0x0, 0x9f, 0xff,
    0xff, 0xff, 0xff, 0xf0, 0x0, 0x0, 0x0, 0x9f,
    0x90, 0x0, 0x0, 0x4f, 0xf0, 0x0, 0x0, 0x0,
    0x9f, 0xec, 0xcc, 0xcc, 0xdf, 0xf0, 0x0, 0x0,
    0x0, 0x9f, 0xff, 0xff, 0xff, 0xff, 0xf0, 0x0,
    0x0, 0x0, 0x9f, 0x90, 0x0, 0x0, 0x3e, 0xe0,
    0x0,

    /* U+81F4 "致" */
    0x0, 0x0, 0x0, 0x0, 0x0, 0x0, 0x0, 0x0,
    0x0, 0x0, 0x0, 0x0, 0x0, 0x0, 0x4d, 0x90,
    0x0, 0x0, 0x5f, 0xff, 0xff, 0xff, 0xe0, 0x8f,
    0xb0, 0x0, 0x0, 0x5f, 0xff, 0xff, 0xff, 0xe0,
    0xbf, 0x80, 0x0, 0x0, 0x0, 0x9f, 0xb0, 0x0,
    0x0, 0xff, 0x50, 0x0, 0x0, 0x0, 0xff, 0x33,
    0xc4, 0x4, 0xff, 0xff, 0xff, 0xf4, 0x7, 0xfc,
    0x3, 0xfd, 0xa, 0xff, 0xff, 0xff, 0xf4, 0x2f,
    0xfe, 0xde, 0xff, 0x7f, 0xf9, 0x0, 0xff, 0x20,
    0xf, 0xff, 0xfe, 0xdf, 0xff, 0xfd, 0x3, 0xff,
    0x0, 0x4, 0x33, 0x98, 0x5, 0xff, 0xff, 0x26,
    0xfb, 0x0, 0x0, 0x3, 0xfe, 0x0, 0x7c, 0xbf,
    0x7b, 0xf8, 0x0, 0xd, 0xee, 0xff, 0xee, 0x91,
    0x4f, 0xdf, 0xf3, 0x0, 0xf, 0xff, 0xff, 0xff,
    0xa0, 0xe, 0xff, 0xc0, 0x0, 0x0, 0x4, 0xff,
    0x0, 0x0, 0x8, 0xff, 0x60, 0x0, 0x0, 0x3,
    0xff, 0x25, 0x60, 0x1d, 0xff, 0xb0, 0x0, 0x38,
    0xad, 0xff, 0xff, 0xe2, 0xdf, 0xff, 0xfb, 0x10,
    0x6f, 0xff, 0xff, 0xec, 0xff, 0xff, 0x47, 0xff,
    0xe4, 0x3a, 0x86, 0x31, 0x0, 0x6f, 0xd3, 0x0,
    0x6f, 0xd1, 0x0, 0x0, 0x0, 0x0, 0x6, 0x0,
    0x0, 0x2, 0x30,

    /* U+85CF "藏" */
    0xf, 0xff, 0xff, 0xff, 0xff, 0xff, 0xff, 0xff,
    0xf0, 0xf, 0xff, 0xff, 0xff, 0xff, 0xff, 0xff,
    0xff, 0xf0, 0x7, 0x77, 0x8f, 0xf8, 0x77, 0x8f,
    0xf8, 0x8e, 0x80, 0x0, 0x0, 0xc, 0xc1, 0x0,
    0x1e, 0xf6, 0x9f, 0x80, 0xc, 0xc2, 0xdd, 0xdd,
    0xdd, 0xde, 0xfe, 0xef, 0xf3, 0xc, 0xc2, 0xff,
    0xff, 0xff, 0xff, 0xff, 0xff, 0xf3, 0xc, 0xc4,
    0xfa, 0x45, 0x55, 0x56, 0xf8, 0x4, 0x10, 0xc,
    0xff, 0xfa, 0xcf, 0xff, 0xf8, 0xf9, 0x4f, 0xb0,
    0x4, 0x57, 0xfa, 0xcb, 0x4f, 0x42, 0xfa, 0x9f,
    0x60, 0x25, 0x56, 0xfa, 0xcf, 0xff, 0xf7, 0xfc,
    0xdf, 0x20, 0x6f, 0xff, 0xf9, 0xcc, 0x33, 0xf7,
    0xef, 0xfd, 0x0, 0x2c, 0xf8, 0xf8, 0xcf, 0xcd,
    0xf7, 0xbf, 0xf7, 0x0, 0xb, 0xd5, 0xf7, 0xcd,
    0x9f, 0x93, 0x8f, 0xf0, 0x10, 0xd, 0xb6, 0xf6,
    0xcc, 0x8f, 0x84, 0xcf, 0xa0, 0xe3, 0x5f, 0x6a,
    0xf3, 0xbf, 0xff, 0xff, 0xff, 0xe3, 0xf4, 0x2b,
    0x1f, 0xf0, 0x0, 0x0, 0xaf, 0xe9, 0xff, 0xf1,
    0x0, 0x6, 0x90, 0x0, 0x0, 0x1c, 0x20, 0x9f,
    0x80, 0x0, 0x0, 0x0, 0x0, 0x0, 0x0, 0x0,
    0x0, 0x0,

    /* U+8BA1 "计" */
    0x0, 0x0, 0x0, 0x0, 0x0, 0x0, 0x0, 0x0,
    0x0, 0x0, 0x5c, 0x10, 0x0, 0x0, 0x6f, 0xe0,
    0x0, 0x0, 0x0, 0xdf, 0xe2, 0x0, 0x0, 0x6f,
    0xe0, 0x0, 0x0, 0x0, 0xb, 0xfe, 0x0, 0x0,
    0x6f, 0xe0, 0x0, 0x0, 0x0, 0x0, 0xa5, 0x0,
    0x0, 0x6f, 0xe0, 0x0, 0x0, 0x0, 0x0, 0x0,
    0x0, 0x0, 0x6f, 0xe0, 0x0, 0x0, 0x8f, 0xff,
    0xf4, 0x9d, 0xdd, 0xef, 0xfd, 0xdd, 0xd1, 0x8f,
    0xff, 0xf4, 0xbf, 0xff, 0xff, 0xff, 0xff, 0xf1,
    0x12, 0x2e, 0xf4, 0x46, 0x66, 0xaf, 0xf6, 0x66,
    0x60, 0x0, 0xe, 0xf4, 0x0, 0x0, 0x6f, 0xe0,
    0x0, 0x0, 0x0, 0xe, 0xf4, 0x0, 0x0, 0x6f,
    0xe0, 0x0, 0x0, 0x0, 0xe, 0xf4, 0x0, 0x0,
    0x6f, 0xe0, 0x0, 0x0, 0x0, 0xe, 0xf5, 0xa2,
    0x0, 0x6f, 0xe0, 0x0, 0x0, 0x0, 0xe, 0xfe,
    0xf7, 0x0, 0x6f, 0xe0, 0x0, 0x0, 0x0, 0x1f,
    0xff, 0xe3, 0x0, 0x6f, 0xe0, 0x0, 0x0, 0x0,
    0x9f, 0xfc, 0x10, 0x0, 0x6f, 0xe0, 0x0, 0x0,
    0x0, 0x7f, 0x80, 0x0, 0x0, 0x6f, 0xe0, 0x0,
    0x0, 0x0, 0x5, 0x0, 0x0, 0x0, 0x6f, 0xe0,
    0x0, 0x0,

    /* U+8BBE "设" */
    0x0, 0x2, 0x0, 0x0, 0x0, 0x0, 0x0, 0x0,
    0x0, 0x0, 0xaf, 0x50, 0x0, 0x4f, 0xff, 0xff,
    0xf0, 0x0, 0x0, 0x9f, 0xf5, 0x0, 0x4f, 0xff,
    0xff, 0xf0, 0x0, 0x0, 0x9, 0xff, 0x10, 0x5f,
    0xa0, 0xf, 0xf0, 0x0, 0x0, 0x0, 0xb3, 0x0,
    0x8f, 0x90, 0xf, 0xf0, 0x0, 0x0, 0x0, 0x0,
    0x2, 0xff, 0x40, 0xf, 0xf1, 0x10, 0x3b, 0xbb,
    0xa0, 0x7f, 0xfc, 0x0, 0xe, 0xff, 0xf3, 0x4f,
    0xff, 0xe0, 0x4f, 0xd1, 0x0, 0x5, 0xde, 0xe4,
    0x28, 0x9f, 0xe0, 0x8, 0x43, 0x33, 0x33, 0x43,
    0x0, 0x0, 0x2f, 0xe0, 0xf, 0xff, 0xff, 0xff,
    0xff, 0x50, 0x0, 0x2f, 0xe0, 0xb, 0xff, 0xbb,
    0xbd, 0xff, 0x0, 0x0, 0x2f, 0xe0, 0x1, 0xff,
    0x20, 0xa, 0xf9, 0x0, 0x0, 0x2f, 0xe2, 0xa0,
    0x7f, 0xd1, 0x6f, 0xe1, 0x0, 0x0, 0x2f, 0xff,
    0xf3, 0xb, 0xfe, 0xff, 0x40, 0x0, 0x0, 0x4f,
    0xff, 0x90, 0x4, 0xff, 0xfb, 0x10, 0x0, 0x0,
    0xcf, 0xf6, 0x47, 0xcf, 0xff, 0xff, 0xf9, 0x51,
    0x0, 0x8e, 0x40, 0xdf, 0xfe, 0x70, 0x4d, 0xff,
    0xf3, 0x0, 0x3, 0x0, 0x49, 0x40, 0x0, 0x0,
    0x49, 0x70,

    /* U+8BD5 "试" */
    0x0, 0x0, 0x0, 0x0, 0x0, 0x0, 0x0, 0x0,
    0x0, 0x0, 0x7a, 0x0, 0x0, 0x0, 0x5, 0xfd,
    0x7b, 0x0, 0x1, 0xdf, 0xb0, 0x0, 0x0, 0x5,
    0xfd, 0x8f, 0x90, 0x0, 0x1d, 0xf9, 0x0, 0x0,
    0x4, 0xfd, 0xc, 0xa0, 0x0, 0x1, 0xb1, 0xdf,
    0xff, 0xff, 0xff, 0xff, 0xf2, 0x0, 0x0, 0x0,
    0xef, 0xff, 0xff, 0xff, 0xff, 0xf2, 0x1d, 0xdd,
    0xd0, 0x11, 0x11, 0x14, 0xff, 0x11, 0x10, 0x1f,
    0xff, 0xf0, 0x0, 0x0, 0x2, 0xff, 0x0, 0x0,
    0x1, 0x1f, 0xf0, 0x5e, 0xee, 0xe7, 0xff, 0x0,
    0x0, 0x0, 0xf, 0xf0, 0x5f, 0xff, 0xf7, 0xff,
    0x10, 0x0, 0x0, 0xf, 0xf0, 0x0, 0xef, 0x20,
    0xff, 0x30, 0x0, 0x0, 0xf, 0xf0, 0x0, 0xef,
    0x10, 0xdf, 0x40, 0x0, 0x0, 0xf, 0xf0, 0x0,
    0xef, 0x10, 0xbf, 0x63, 0x20, 0x0, 0xf, 0xf8,
    0x90, 0xef, 0x36, 0x8f, 0x96, 0xe3, 0x0, 0x1f,
    0xff, 0xd3, 0xff, 0xff, 0x5f, 0xd8, 0xf3, 0x0,
    0x9f, 0xfe, 0xbf, 0xff, 0xfb, 0x2f, 0xff, 0xf0,
    0x0, 0x9f, 0xa0, 0x4e, 0x95, 0x0, 0xa, 0xff,
    0xa0, 0x0, 0x16, 0x0, 0x0, 0x0, 0x0, 0x1,
    0xce, 0x20, 0x0, 0x0, 0x0, 0x0, 0x0, 0x0,
    0x0, 0x0, 0x0,

    /* U+8BF7 "请" */
    0x0, 0x0, 0x0, 0x0, 0x0, 0x0, 0x0, 0x0,
    0x0, 0x0, 0xa6, 0x0, 0x0, 0x0, 0x7f, 0xb0,
    0x0, 0x0, 0x3, 0xff, 0x70, 0x5f, 0xff, 0xff,
    0xff, 0xff, 0xb0, 0x0, 0x3f, 0xf6, 0x27, 0x77,
    0xbf, 0xd7, 0x77, 0x50, 0x0, 0x3, 0xc0, 0xb,
    0xdd, 0xef, 0xfd, 0xdd, 0x20, 0x0, 0x0, 0x0,
    0x6, 0x77, 0xbf, 0xd7, 0x77, 0x10, 0x5f, 0xff,
    0xe0, 0xbc, 0xcc, 0xef, 0xfc, 0xcc, 0xc3, 0x5f,
    0xff, 0xe0, 0xab, 0xbb, 0xbb, 0xbb, 0xbb, 0xb3,
    0x1, 0x3f, 0xe0, 0x6, 0x88, 0x88, 0x88, 0x88,
    0x0, 0x0, 0x2f, 0xe0, 0xb, 0xff, 0xff, 0xff,
    0xff, 0x0, 0x0, 0x2f, 0xe0, 0xb, 0xf5, 0x11,
    0x11, 0xff, 0x0, 0x0, 0x2f, 0xe0, 0xb, 0xff,
    0xff, 0xff, 0xff, 0x0, 0x0, 0x2f, 0xe4, 0x6b,
    0xf9, 0x66, 0x67, 0xff, 0x0, 0x0, 0x2f, 0xff,
    0xcb, 0xf9, 0x77, 0x77, 0xff, 0x0, 0x0, 0x4f,
    0xff, 0x6b, 0xff, 0xff, 0xff, 0xff, 0x0, 0x0,
    0xbf, 0xf4, 0xb, 0xf4, 0x0, 0x0, 0xff, 0x0,
    0x0, 0xae, 0x30, 0xb, 0xf4, 0x0, 0xdd, 0xfe,
    0x0, 0x0, 0x23, 0x0, 0xb, 0xf4, 0x0, 0xbf,
    0xd5, 0x0,

    /* U+8C03 "调" */
    0x0, 0x10, 0x0, 0x0, 0x0, 0x0, 0x0, 0x0,
    0x0, 0x2e, 0xc1, 0x0, 0xff, 0xff, 0xff, 0xff,
    0xfd, 0x1, 0xef, 0xd0, 0xf, 0xfd, 0xdd, 0xdd,
    0xef, 0xd0, 0x2, 0xef, 0xa0, 0xfc, 0x0, 0x64,
    0x0, 0xfd, 0x0, 0x5, 0xf3, 0xf, 0xc0, 0xf,
    0xa0, 0xf, 0xd0, 0x0, 0x2, 0x0, 0xfc, 0x6f,
    0xff, 0xf3, 0xfd, 0x28, 0x88, 0x80, 0xf, 0xc3,
    0x7f, 0xd7, 0x2f, 0xd4, 0xff, 0xfe, 0x0, 0xfc,
    0x57, 0xfd, 0x74, 0xfd, 0x15, 0x7f, 0xe0, 0xf,
    0xcb, 0xff, 0xff, 0x9f, 0xd0, 0x2, 0xfe, 0x1,
    0xfc, 0x0, 0x0, 0x1, 0xfd, 0x0, 0x2f, 0xe0,
    0x1f, 0xb8, 0xff, 0xff, 0x3f, 0xd0, 0x2, 0xfe,
    0x3, 0xfa, 0x9f, 0x8b, 0xf3, 0xfd, 0x0, 0x2f,
    0xe9, 0x9f, 0x89, 0xe0, 0x5f, 0x3f, 0xd0, 0x3,
    0xff, 0xff, 0xf6, 0x9f, 0xff, 0xf3, 0xfd, 0x0,
    0x5f, 0xfe, 0xff, 0x29, 0xf8, 0x88, 0x2f, 0xd0,
    0xb, 0xfe, 0x7f, 0xe0, 0x35, 0x0, 0x1, 0xfd,
    0x1, 0xee, 0x2b, 0xf8, 0x0, 0x0, 0xd, 0xef,
    0xb0, 0x3, 0x30, 0x1b, 0x10, 0x0, 0x0, 0xaf,
    0xc3, 0x0, 0x0, 0x0, 0x0, 0x0, 0x0, 0x0,
    0x0, 0x0,

    /* U+8DC3 "跃" */
    0x0, 0x0, 0x0, 0x0, 0x0, 0x0, 0x1, 0x62,
    0x0, 0xb, 0xff, 0xff, 0xf1, 0x24, 0x7a, 0xdf,
    0xfe, 0x10, 0xb, 0xfd, 0xdf, 0xf1, 0xff, 0xff,
    0xfe, 0xa6, 0x10, 0xb, 0xf0, 0xc, 0xf1, 0x8a,
    0x7e, 0xf4, 0x0, 0x0, 0xb, 0xf0, 0xc, 0xf1,
    0x0, 0xd, 0xf4, 0x0, 0x0, 0xb, 0xfb, 0xaf,
    0xf1, 0x0, 0xd, 0xf4, 0x0, 0x0, 0xb, 0xff,
    0xff, 0xf1, 0x11, 0x1d, 0xf5, 0x11, 0x10, 0x1,
    0x29, 0xf6, 0x24, 0xff, 0xff, 0xff, 0xff, 0xf0,
    0x4, 0x47, 0xf5, 0x3, 0xee, 0xef, 0xff, 0xee,
    0xe0, 0xd, 0xd7, 0xfe, 0xc3, 0x0, 0xf, 0xf9,
    0x0, 0x0, 0xd, 0xd7, 0xff, 0xf4, 0x0, 0x2f,
    0xfd, 0x0, 0x0, 0xd, 0xd7, 0xf6, 0x0, 0x0,
    0x7f, 0xff, 0x30, 0x0, 0xd, 0xd7, 0xf5, 0x0,
    0x0, 0xdf, 0xcf, 0xa0, 0x0, 0xd, 0xd7, 0xfb,
    0xc3, 0x8, 0xfe, 0x1e, 0xf4, 0x0, 0x2e, 0xff,
    0xff, 0xf6, 0x5f, 0xf5, 0x7, 0xfe, 0x20, 0x7f,
    0xff, 0xc7, 0x38, 0xff, 0x90, 0x0, 0xdf, 0xf2,
    0x2a, 0x51, 0x0, 0x9, 0xf9, 0x0, 0x0, 0x1d,
    0xb0, 0x0, 0x0, 0x0, 0x0, 0x40, 0x0, 0x0,
    0x1, 0x10,

    /* U+8DF3 "跳" */
    0x8, 0xff, 0xff, 0xe0, 0xc, 0xf2, 0xdf, 0x10,
    0x0, 0x8, 0xfd, 0xcf, 0xe0, 0x2c, 0xf2, 0xdf,
    0x15, 0x0, 0x8, 0xf2, 0xd, 0xfe, 0xac, 0xf2,
    0xdf, 0x3f, 0xd1, 0x8, 0xf2, 0xd, 0xfd, 0xfc,
    0xf2, 0xdf, 0x7f, 0xd0, 0x8, 0xf3, 0xe, 0xe8,
    0xff, 0xf2, 0xdf, 0xcf, 0x50, 0x8, 0xff, 0xff,
    0xe3, 0xff, 0xf2, 0xdf, 0xfd, 0x0, 0x6, 0xbd,
    0xfd, 0xa0, 0xce, 0xf2, 0xdf, 0xa5, 0x0, 0x2,
    0x45, 0xf5, 0x0, 0xc, 0xf2, 0xdf, 0x40, 0x0,
    0x8, 0xe5, 0xfe, 0xd0, 0x3e, 0xf2, 0xdf, 0xf8,
    0x0, 0x8, 0xe5, 0xff, 0xfa, 0xff, 0xf1, 0xdf,
    0xff, 0xa0, 0x8, 0xe5, 0xf6, 0x8f, 0xff, 0xf0,
    0xdf, 0x6f, 0xf4, 0x8, 0xe5, 0xf5, 0x1e, 0x7f,
    0xd0, 0xdf, 0x16, 0x80, 0x8, 0xe5, 0xf8, 0x74,
    0x7f, 0xb0, 0xdf, 0x10, 0x0, 0x9, 0xfb, 0xff,
    0xf5, 0xbf, 0x60, 0xdf, 0x15, 0xb2, 0x5f, 0xff,
    0xfe, 0xa7, 0xfe, 0x0, 0xdf, 0x26, 0xf5, 0x3f,
    0xd8, 0x30, 0x2f, 0xf7, 0x0, 0xcf, 0xff, 0xf2,
    0x1, 0x0, 0x0, 0xa, 0x90, 0x0, 0x5e, 0xff,
    0x90, 0x0, 0x0, 0x0, 0x0, 0x0, 0x0, 0x0,
    0x0, 0x0,

    /* U+8FD4 "返" */
    0x0, 0x0, 0x0, 0x0, 0x0, 0x0, 0x0, 0x0,
    0x0, 0x1, 0xa2, 0x0, 0x2, 0x34, 0x56, 0x8b,
    0xee, 0x30, 0xb, 0xfd, 0x10, 0x3f, 0xff, 0xff,
    0xff, 0xff, 0xb0, 0x1, 0xdf, 0xd0, 0x3f, 0xfb,
    0x98, 0x75, 0x20, 0x0, 0x0, 0x2e, 0x80, 0x3f,
    0xf0, 0x0, 0x0, 0x0, 0x0, 0x0, 0x0, 0x0,
    0x3f, 0xff, 0xff, 0xff, 0xff, 0x50, 0x0, 0x0,
    0x0, 0x3f, 0xfd, 0xdd, 0xdd, 0xff, 0x30, 0x3f,
    0xff, 0xe0, 0x4f, 0xd1, 0x60, 0x6, 0xfe, 0x0,
    0x3f, 0xff, 0xe0, 0x6f, 0xcd, 0xf9, 0xe, 0xf9,
    0x0, 0x1, 0x4f, 0xe0, 0x7f, 0x95, 0xff, 0xef,
    0xf1, 0x0, 0x0, 0x3f, 0xe0, 0xaf, 0x70, 0x4f,
    0xff, 0x70, 0x0, 0x0, 0x3f, 0xe0, 0xff, 0x40,
    0x5f, 0xff, 0xc0, 0x0, 0x0, 0x3f, 0xe7, 0xff,
    0x19, 0xff, 0xef, 0xfc, 0x0, 0x0, 0x3f, 0xec,
    0xf9, 0xbf, 0xfc, 0x16, 0xff, 0x70, 0x4, 0xcf,
    0xf3, 0x91, 0x2f, 0x70, 0x0, 0x8b, 0x0, 0x6f,
    0xf7, 0xcf, 0xb6, 0x22, 0x10, 0x12, 0x24, 0x53,
    0x1f, 0xa0, 0x9, 0xff, 0xff, 0xff, 0xff, 0xff,
    0xf3, 0x9, 0x30, 0x0, 0x18, 0xce, 0xff, 0xff,
    0xfe, 0xd0, 0x0, 0x0, 0x0, 0x0, 0x0, 0x0,
    0x0, 0x0, 0x0,

    /* U+8FDB "进" */
    0x0, 0x0, 0x0, 0x0, 0x0, 0x0, 0x0, 0x0,
    0x0, 0x3, 0xd3, 0x0, 0x0, 0xaf, 0x70, 0x7f,
    0xa0, 0x0, 0x9, 0xff, 0x30, 0x0, 0xaf, 0x70,
    0x7f, 0xa0, 0x0, 0x0, 0xaf, 0xe2, 0x22, 0xbf,
    0x82, 0x8f, 0xb2, 0x10, 0x0, 0xc, 0xc1, 0xef,
    0xff, 0xff, 0xff, 0xff, 0xb0, 0x0, 0x1, 0x0,
    0xef, 0xff, 0xff, 0xff, 0xff, 0xb0, 0x0, 0x0,
    0x0, 0x0, 0xaf, 0x70, 0x7f, 0xa0, 0x0, 0x2d,
    0xdd, 0xd0, 0x0, 0xaf, 0x70, 0x7f, 0xa0, 0x0,
    0x3f, 0xff, 0xf0, 0xdd, 0xff, 0xed, 0xef, 0xfd,
    0xd1, 0x0, 0x2f, 0xf0, 0xff, 0xff, 0xff, 0xff,
    0xff, 0xf1, 0x0, 0x2f, 0xf0, 0x36, 0xff, 0x43,
    0x9f, 0xb3, 0x30, 0x0, 0x2f, 0xf0, 0x9, 0xfc,
    0x0, 0x7f, 0xa0, 0x0, 0x0, 0x2f, 0xf0, 0x5f,
    0xf6, 0x0, 0x7f, 0xa0, 0x0, 0x0, 0x5f, 0xf0,
    0x6f, 0xd0, 0x0, 0x7f, 0xa0, 0x0, 0x8, 0xff,
    0xfc, 0x8, 0x20, 0x0, 0x24, 0x30, 0x0, 0x6f,
    0xf9, 0xcf, 0xd5, 0x10, 0x0, 0x0, 0x24, 0x84,
    0x2f, 0xc0, 0x9, 0xff, 0xff, 0xfe, 0xff, 0xff,
    0xf2, 0x9, 0x40, 0x0, 0x4a, 0xef, 0xff, 0xff,
    0xff, 0xe0, 0x1, 0x0, 0x0, 0x0, 0x0, 0x11,
    0x10, 0x0, 0x0,

    /* U+9009 "选" */
    0x1, 0x80, 0x0, 0x3, 0x63, 0x3f, 0xe0, 0x0,
    0x0, 0xd, 0xfc, 0x10, 0xc, 0xf8, 0x3f, 0xe0,
    0x0, 0x0, 0x3, 0xef, 0xc0, 0x2f, 0xff, 0xff,
    0xff, 0xff, 0xa0, 0x0, 0x4f, 0xb1, 0xdf, 0xec,
    0xdf, 0xfc, 0xcc, 0x80, 0x0, 0x3, 0x4, 0xff,
    0x10, 0x3f, 0xe0, 0x0, 0x0, 0x0, 0x0, 0x0,
    0x25, 0x0, 0x3f, 0xe0, 0x0, 0x0, 0x2, 0x22,
    0x23, 0xff, 0xff, 0xff, 0xff, 0xff, 0xf6, 0x2f,
    0xff, 0xe3, 0xee, 0xff, 0xff, 0xff, 0xfe, 0xe6,
    0x1d, 0xef, 0xe0, 0x0, 0x6f, 0xe0, 0xdf, 0x40,
    0x0, 0x0, 0x2f, 0xe0, 0x0, 0xcf, 0xa0, 0xdf,
    0x40, 0x0, 0x0, 0x2f, 0xe0, 0x9, 0xff, 0x30,
    0xdf, 0x44, 0xf7, 0x0, 0x2f, 0xe4, 0xef, 0xf8,
    0x0, 0xcf, 0xdd, 0xf7, 0x0, 0x2f, 0xf3, 0xdf,
    0x70, 0x0, 0x7f, 0xff, 0xf2, 0x0, 0xaf, 0xff,
    0x61, 0x0, 0x0, 0x2, 0x33, 0x10, 0xb, 0xff,
    0xff, 0xf8, 0x20, 0x0, 0x0, 0x12, 0x54, 0x2f,
    0xfa, 0x4, 0xef, 0xff, 0xfe, 0xff, 0xff, 0xf5,
    0x8, 0xc0, 0x0, 0x17, 0xdf, 0xff, 0xff, 0xff,
    0xf2, 0x0, 0x10, 0x0, 0x0, 0x0, 0x1, 0x10,
    0x0, 0x0,

    /* U+901A "通" */
    0x0, 0x0, 0x0, 0x0, 0x0, 0x0, 0x0, 0x0,
    0x0, 0x3, 0xa0, 0x0, 0x1f, 0xff, 0xff, 0xff,
    0xff, 0x60, 0xe, 0xfd, 0x10, 0x1a, 0xac, 0xaa,
    0xaf, 0xff, 0x40, 0x2, 0xef, 0xd1, 0x0, 0x5f,
    0xc5, 0xbf, 0xe2, 0x0, 0x0, 0x3f, 0xf5, 0x0,
    0x4d, 0xff, 0xfe, 0x10, 0x0, 0x0, 0x5, 0x60,
    0x29, 0x99, 0xef, 0xff, 0xb9, 0x80, 0x0, 0x0,
    0x0, 0x4f, 0xff, 0xff, 0xff, 0xff, 0xe0, 0x13,
    0x33, 0x30, 0x4f, 0xc1, 0x4f, 0xc1, 0x3f, 0xe0,
    0x6f, 0xff, 0xe0, 0x4f, 0xff, 0xff, 0xff, 0xff,
    0xe0, 0x4b, 0xcf, 0xe0, 0x4f, 0xd6, 0x8f, 0xd6,
    0x7f, 0xe0, 0x0, 0x2f, 0xe0, 0x4f, 0xe9, 0xbf,
    0xe9, 0xaf, 0xe0, 0x0, 0x2f, 0xe0, 0x4f, 0xff,
    0xff, 0xff, 0xff, 0xe0, 0x0, 0x2f, 0xe0, 0x4f,
    0xb0, 0x3f, 0xb0, 0x2f, 0xe0, 0x0, 0x2f, 0xf0,
    0x4f, 0xb0, 0x3f, 0xb9, 0xff, 0xc0, 0x3, 0xdf,
    0xfb, 0x78, 0x50, 0x16, 0x42, 0x86, 0x10, 0x4f,
    0xf9, 0x9f, 0xff, 0xdc, 0xbb, 0xbc, 0xde, 0xf9,
    0x1d, 0x80, 0x2, 0x8d, 0xff, 0xff, 0xff, 0xff,
    0xf4, 0x2, 0x0, 0x0, 0x0, 0x1, 0x11, 0x11,
    0x0, 0x0,

    /* U+91CD "重" */
    0x0, 0x0, 0x0, 0x0, 0x12, 0x45, 0x79, 0x70,
    0x0, 0x0, 0x8d, 0xef, 0xff, 0xff, 0xff, 0xff,
    0xf2, 0x0, 0x0, 0x5d, 0xcc, 0xbc, 0xff, 0x86,
    0x53, 0x10, 0x0, 0x7, 0x77, 0x77, 0x79, 0xff,
    0x77, 0x77, 0x77, 0x70, 0xf, 0xff, 0xff, 0xff,
    0xff, 0xff, 0xff, 0xff, 0xf1, 0x5, 0x55, 0x55,
    0x57, 0xff, 0x55, 0x55, 0x55, 0x50, 0x0, 0x3e,
    0xee, 0xef, 0xff, 0xee, 0xee, 0xe5, 0x0, 0x0,
    0x3f, 0xe7, 0x79, 0xff, 0x77, 0x7e, 0xf5, 0x0,
    0x0, 0x3f, 0xfa, 0xab, 0xff, 0xaa, 0xaf, 0xf5,
    0x0, 0x0, 0x3f, 0xfb, 0xbc, 0xff, 0xbb, 0xbf,
    0xf5, 0x0, 0x0, 0x3f, 0xe6, 0x68, 0xff, 0x66,
    0x6e, 0xf5, 0x0, 0x0, 0x3f, 0xff, 0xff, 0xff,
    0xff, 0xff, 0xf5, 0x0, 0x0, 0x23, 0x33, 0x35,
    0xff, 0x33, 0x33, 0x33, 0x0, 0x0, 0xdf, 0xff,
    0xff, 0xff, 0xff, 0xff, 0xff, 0x0, 0x0, 0x56,
    0x66, 0x68, 0xff, 0x66, 0x66, 0x66, 0x0, 0x1a,
    0xaa, 0xaa, 0xab, 0xff, 0xaa, 0xaa, 0xaa, 0xa2,
    0x2f, 0xff, 0xff, 0xff, 0xff, 0xff, 0xff, 0xff,
    0xf3, 0x0, 0x0, 0x0, 0x0, 0x0, 0x0, 0x0,
    0x0, 0x0,

    /* U+91CF "量" */
    0x0, 0xe, 0xff, 0xff, 0xff, 0xff, 0xff, 0xd0,
    0x0, 0x0, 0xe, 0xf4, 0x11, 0x11, 0x11, 0x6f,
    0xd0, 0x0, 0x0, 0xe, 0xff, 0xff, 0xff, 0xff,
    0xff, 0xd0, 0x0, 0x0, 0xe, 0xf7, 0x55, 0x55,
    0x55, 0x8f, 0xd0, 0x0, 0x0, 0xb, 0xdd, 0xdd,
    0xdd, 0xdd, 0xdd, 0xb0, 0x0, 0x19, 0x99, 0x99,
    0x99, 0x99, 0x99, 0x99, 0x99, 0x92, 0x2f, 0xff,
    0xff, 0xff, 0xff, 0xff, 0xff, 0xff, 0xf3, 0x0,
    0x18, 0x88, 0x88, 0x88, 0x88, 0x88, 0x82, 0x0,
    0x0, 0x3f, 0xe7, 0x78, 0xff, 0x77, 0x7e, 0xf4,
    0x0, 0x0, 0x3f, 0xff, 0xff, 0xff, 0xff, 0xff,
    0xf4, 0x0, 0x0, 0x3f, 0xd5, 0x55, 0xff, 0x55,
    0x5e, 0xf4, 0x0, 0x0, 0x3f, 0xff, 0xff, 0xff,
    0xff, 0xff, 0xf4, 0x0, 0x0, 0x46, 0x66, 0x67,
    0xff, 0x66, 0x66, 0x64, 0x0, 0x0, 0x9f, 0xff,
    0xff, 0xff, 0xff, 0xff, 0xf9, 0x0, 0x0, 0x0,
    0x0, 0x0, 0xff, 0x0, 0x0, 0x0, 0x0, 0x18,
    0x88, 0x88, 0x89, 0xff, 0x98, 0x88, 0x88, 0x82,
    0x3f, 0xff, 0xff, 0xff, 0xff, 0xff, 0xff, 0xff,
    0xf4,

    /* U+949F "钟" */
    0x0, 0x4d, 0x70, 0x0, 0x0, 0xc, 0xf4, 0x0,
    0x0, 0x0, 0xcf, 0xdb, 0xb6, 0x0, 0xc, 0xf4,
    0x0, 0x0, 0x7, 0xff, 0xff, 0xf8, 0x0, 0xc,
    0xf4, 0x0, 0x0, 0x5f, 0xf6, 0x33, 0x33, 0xee,
    0xef, 0xfe, 0xee, 0xe1, 0x4f, 0xb0, 0x0, 0x1,
    0xff, 0xff, 0xff, 0xff, 0xf1, 0xb, 0xff, 0xff,
    0xf4, 0xfe, 0x8e, 0xfa, 0x8f, 0xf1, 0x0, 0xdf,
    0xfe, 0xd4, 0xfb, 0xc, 0xf4, 0xe, 0xf1, 0x0,
    0xb, 0xf5, 0x1, 0xfb, 0xc, 0xf4, 0xe, 0xf1,
    0x5, 0x5d, 0xf9, 0x54, 0xfc, 0x1c, 0xf6, 0x1e,
    0xf1, 0xf, 0xff, 0xff, 0xf9, 0xff, 0xff, 0xff,
    0xff, 0xf1, 0x9, 0x9d, 0xfb, 0x95, 0xff, 0xff,
    0xff, 0xff, 0xf1, 0x0, 0xb, 0xf5, 0x1, 0xeb,
    0xc, 0xf4, 0xb, 0xc1, 0x0, 0xb, 0xf5, 0x35,
    0x0, 0xc, 0xf4, 0x0, 0x0, 0x0, 0xc, 0xfd,
    0xfa, 0x0, 0xc, 0xf4, 0x0, 0x0, 0x0, 0x2f,
    0xff, 0xe6, 0x0, 0xc, 0xf4, 0x0, 0x0, 0x0,
    0x8f, 0xf8, 0x10, 0x0, 0xc, 0xf4, 0x0, 0x0,
    0x0, 0xa, 0x20, 0x0, 0x0, 0xc, 0xf4, 0x0,
    0x0,

    /* U+952E "键" */
    0x0, 0x11, 0x0, 0x0, 0x0, 0x0, 0x0, 0x0,
    0x0, 0x0, 0xbf, 0x30, 0xbf, 0xfc, 0x46, 0xdf,
    0x66, 0x20, 0x1, 0xff, 0xdd, 0xbf, 0xff, 0x7e,
    0xff, 0xef, 0x70, 0xa, 0xff, 0xff, 0x2, 0xfc,
    0x0, 0xbe, 0xf, 0x70, 0x5f, 0xe1, 0x11, 0x7,
    0xf7, 0xcc, 0xff, 0xdf, 0xe5, 0x5f, 0x70, 0x0,
    0xc, 0xf2, 0xff, 0xff, 0xff, 0xf6, 0xb, 0xff,
    0xff, 0x4f, 0xa0, 0x11, 0xbe, 0x1f, 0x80, 0x6,
    0xef, 0xed, 0xef, 0xff, 0x7f, 0xff, 0xff, 0x70,
    0x0, 0x5f, 0x60, 0xab, 0xef, 0x37, 0xdf, 0x77,
    0x30, 0x17, 0xaf, 0xb7, 0x10, 0xbe, 0x4a, 0xef,
    0xaa, 0x60, 0x2f, 0xff, 0xff, 0xa9, 0xed, 0x7f,
    0xff, 0xff, 0x90, 0x17, 0xaf, 0xa7, 0xae, 0xfa,
    0x0, 0xbe, 0x0, 0x0, 0x0, 0x5f, 0x60, 0x4f,
    0xf6, 0xef, 0xff, 0xff, 0xf0, 0x0, 0x5f, 0x7a,
    0xd, 0xf3, 0x88, 0xdf, 0x88, 0x80, 0x0, 0x5f,
    0xff, 0x6f, 0xfc, 0x0, 0xbe, 0x0, 0x0, 0x0,
    0x9f, 0xf8, 0x8f, 0xef, 0xc3, 0x23, 0x0, 0x0,
    0x1, 0xff, 0x65, 0xfd, 0xa, 0xff, 0xec, 0xbb,
    0xb5, 0x0, 0xa5, 0x6, 0xf3, 0x0, 0x4a, 0xdf,
    0xff, 0xf2, 0x0, 0x0, 0x0, 0x30, 0x0, 0x0,
    0x0, 0x0, 0x0,

    /* U+957F "长" */
    0x0, 0x0, 0xff, 0x40, 0x0, 0x0, 0x8, 0x40,
    0x0, 0x0, 0x0, 0xff, 0x40, 0x0, 0x1, 0xcf,
    0xf5, 0x0, 0x0, 0x0, 0xff, 0x40, 0x0, 0x6f,
    0xff, 0x60, 0x0, 0x0, 0x0, 0xff, 0x40, 0x7e,
    0xff, 0xd3, 0x0, 0x0, 0x0, 0x0, 0xff, 0x48,
    0xff, 0xf7, 0x0, 0x0, 0x0, 0x0, 0x0, 0xff,
    0x40, 0x99, 0x10, 0x0, 0x0, 0x0, 0x4, 0x44,
    0xff, 0x74, 0x44, 0x44, 0x44, 0x44, 0x40, 0x1f,
    0xff, 0xff, 0xff, 0xff, 0xff, 0xff, 0xff, 0xf1,
    0x1d, 0xdd, 0xff, 0xed, 0xef, 0xfd, 0xdd, 0xdd,
    0xd1, 0x0, 0x0, 0xff, 0x40, 0x2f, 0xf3, 0x0,
    0x0, 0x0, 0x0, 0x0, 0xff, 0x40, 0xa, 0xfc,
    0x0, 0x0, 0x0, 0x0, 0x0, 0xff, 0x40, 0x2,
    0xff, 0xb0, 0x0, 0x0, 0x0, 0x0, 0xff, 0x40,
    0x1, 0x6f, 0xfc, 0x20, 0x0, 0x0, 0x0, 0xff,
    0xaa, 0xef, 0x38, 0xff, 0xf9, 0x30, 0x0, 0x7,
    0xff, 0xff, 0xff, 0x40, 0x5f, 0xff, 0xf3, 0x0,
    0x7, 0xff, 0xc8, 0x40, 0x0, 0x2, 0x9f, 0x70,
    0x0, 0x1, 0x61, 0x0, 0x0, 0x0, 0x0, 0x1,
    0x0,

    /* U+95ED "闭" */
    0x7, 0x60, 0x0, 0x0, 0x0, 0x0, 0x0, 0x0,
    0x6f, 0xf5, 0xc, 0xff, 0xff, 0xff, 0xff, 0xfc,
    0xc, 0xff, 0x2c, 0xff, 0xff, 0xff, 0xff, 0xfc,
    0x3, 0xfd, 0x10, 0x0, 0x0, 0x0, 0x5, 0xfc,
    0x0, 0x81, 0x0, 0x0, 0x3b, 0xa0, 0x5, 0xfc,
    0x88, 0x20, 0x0, 0x0, 0x4f, 0xe0, 0x5, 0xfc,
    0xef, 0x32, 0x22, 0x22, 0x6f, 0xe2, 0x25, 0xfc,
    0xef, 0x3d, 0xff, 0xff, 0xff, 0xff, 0xe5, 0xfc,
    0xef, 0x3b, 0xdd, 0xdf, 0xff, 0xfd, 0xc5, 0xfc,
    0xef, 0x30, 0x0, 0x4f, 0xff, 0xe0, 0x5, 0xfc,
    0xef, 0x30, 0x4, 0xff, 0xdf, 0xe0, 0x5, 0xfc,
    0xef, 0x30, 0x8f, 0xf9, 0x5f, 0xe0, 0x5, 0xfc,
    0xef, 0x7e, 0xff, 0x90, 0x4f, 0xe0, 0x5, 0xfc,
    0xef, 0x5d, 0xe5, 0x0, 0x5f, 0xe0, 0x5, 0xfc,
    0xef, 0x31, 0x10, 0xcf, 0xff, 0xc0, 0x5, 0xfc,
    0xef, 0x30, 0x0, 0x7f, 0xfd, 0x40, 0x6, 0xfc,
    0xef, 0x30, 0x0, 0x1, 0x0, 0x6, 0xef, 0xfa,
    0xef, 0x30, 0x0, 0x0, 0x0, 0x1, 0xff, 0xb1,
    0x0, 0x0, 0x0, 0x0, 0x0, 0x0, 0x0, 0x0,

    /* U+9664 "除" */
    0x0, 0x0, 0x0, 0x0, 0x0, 0x99, 0x10, 0x0,
    0xd, 0xff, 0xff, 0x70, 0x0, 0x4f, 0xf2, 0x0,
    0x0, 0xdf, 0xef, 0xfa, 0x0, 0x2f, 0xff, 0xd1,
    0x0, 0xd, 0xf0, 0x9f, 0x60, 0x2e, 0xf6, 0xaf,
    0xd2, 0x0, 0xdf, 0xc, 0xf2, 0x4e, 0xf8, 0x0,
    0xcf, 0xf7, 0xd, 0xf1, 0xfd, 0x7f, 0xf9, 0x0,
    0x1, 0xcf, 0xf6, 0xdf, 0x5f, 0x82, 0xff, 0xdd,
    0xdd, 0xdd, 0xeb, 0xd, 0xf4, 0xfc, 0x1, 0xdf,
    0xff, 0xff, 0xf7, 0x0, 0xdf, 0xa, 0xf4, 0x0,
    0x0, 0xef, 0x20, 0x0, 0xd, 0xf0, 0x5f, 0x86,
    0x66, 0x6f, 0xf7, 0x66, 0x61, 0xdf, 0x3, 0xfb,
    0xff, 0xff, 0xff, 0xff, 0xff, 0x2d, 0xf3, 0x8f,
    0xaa, 0xaa, 0xaf, 0xfb, 0xaa, 0xa2, 0xdf, 0xbf,
    0xf4, 0x9, 0x50, 0xef, 0x27, 0x70, 0xd, 0xf6,
    0xa5, 0x7, 0xfa, 0xe, 0xf3, 0xef, 0x30, 0xdf,
    0x0, 0x2, 0xff, 0x20, 0xef, 0x25, 0xfd, 0xd,
    0xf0, 0x0, 0xcf, 0x80, 0xe, 0xf2, 0xc, 0xf6,
    0xdf, 0x0, 0x4, 0xb0, 0xde, 0xff, 0x0, 0x39,
    0x1d, 0xf0, 0x0, 0x0, 0x9, 0xfd, 0x60, 0x0,
    0x0,

    /* U+9690 "隐" */
    0x0, 0x0, 0x0, 0x0, 0x86, 0x0, 0x0, 0x0,
    0xc, 0xff, 0xfe, 0x30, 0x8f, 0xb0, 0x0, 0x0,
    0x0, 0xcf, 0xef, 0xfb, 0x3f, 0xff, 0xff, 0xfb,
    0x0, 0xc, 0xf1, 0x9f, 0x8e, 0xfb, 0x99, 0xef,
    0x80, 0x0, 0xcf, 0x1d, 0xfa, 0xf9, 0x0, 0x4f,
    0xd0, 0x0, 0xc, 0xf3, 0xfd, 0xf, 0xff, 0xff,
    0xff, 0xff, 0x10, 0xcf, 0x7f, 0x80, 0x99, 0x99,
    0x99, 0x9f, 0xf1, 0xc, 0xf7, 0xfa, 0x4, 0x77,
    0x77, 0x77, 0xef, 0x10, 0xcf, 0x1c, 0xf3, 0x9f,
    0xff, 0xff, 0xff, 0xf1, 0xc, 0xf1, 0x6f, 0x80,
    0x0, 0x0, 0x0, 0xef, 0x10, 0xcf, 0x13, 0xfb,
    0xdd, 0xdd, 0xdd, 0xdf, 0xf1, 0xc, 0xf3, 0x8f,
    0xaf, 0xff, 0xff, 0xff, 0xff, 0x10, 0xcf, 0xcf,
    0xf5, 0x0, 0x1e, 0xe3, 0x0, 0x0, 0xc, 0xf7,
    0xa5, 0x33, 0x46, 0xbf, 0xf4, 0x9a, 0x0, 0xcf,
    0x10, 0xa, 0xfc, 0xf2, 0x9d, 0x1c, 0xf3, 0xc,
    0xf1, 0x1, 0xfc, 0xbf, 0x20, 0x1c, 0xbf, 0xa0,
    0xcf, 0x10, 0x7f, 0x5a, 0xfd, 0xbc, 0xfc, 0xef,
    0xc, 0xf1, 0x0, 0x70, 0x3d, 0xff, 0xfe, 0x44,
    0x10,

    /* U+96BE "难" */
    0x0, 0x0, 0x0, 0x0, 0x0, 0x0, 0x0, 0x0,
    0x0, 0x0, 0x0, 0x0, 0x0, 0x7, 0xf9, 0x9f,
    0x40, 0x0, 0x5, 0x55, 0x55, 0x50, 0xd, 0xf7,
    0x8f, 0xc0, 0x0, 0x1f, 0xff, 0xff, 0xf8, 0x3f,
    0xf2, 0x2f, 0xc1, 0x0, 0x8, 0x88, 0x8e, 0xf5,
    0xbf, 0xff, 0xff, 0xff, 0xf4, 0x4, 0x60, 0xe,
    0xf6, 0xff, 0xee, 0xef, 0xfe, 0xe3, 0x1f, 0xf4,
    0x2f, 0xfd, 0xff, 0x60, 0x6f, 0x80, 0x0, 0x7,
    0xfe, 0x9f, 0xdf, 0xff, 0xdc, 0xdf, 0xec, 0x90,
    0x0, 0xcf, 0xff, 0x6b, 0xcf, 0xff, 0xff, 0xff,
    0xc0, 0x0, 0x1f, 0xff, 0x10, 0x9f, 0x72, 0x8f,
    0x92, 0x10, 0x0, 0xa, 0xff, 0x20, 0x9f, 0x60,
    0x7f, 0x80, 0x0, 0x0, 0x3f, 0xff, 0xc0, 0x9f,
    0xff, 0xff, 0xff, 0xc0, 0x0, 0xcf, 0xdf, 0xf6,
    0x9f, 0xed, 0xef, 0xfd, 0xb0, 0xb, 0xff, 0x27,
    0xf8, 0x9f, 0x60, 0x6f, 0x80, 0x0, 0x6f, 0xf6,
    0x0, 0x50, 0x9f, 0xdc, 0xdf, 0xec, 0xc6, 0x9,
    0x70, 0x0, 0x0, 0x9f, 0xff, 0xff, 0xff, 0xf7,
    0x0, 0x0, 0x0, 0x0, 0x9f, 0x83, 0x33, 0x33,
    0x31, 0x0, 0x0, 0x0, 0x0, 0x9f, 0x60, 0x0,
    0x0, 0x0,

    /* U+9759 "静" */
    0x0, 0x1, 0xfd, 0x0, 0x0, 0x8d, 0x40, 0x0,
    0x0, 0xc, 0xcc, 0xff, 0xcc, 0x90, 0xff, 0xa9,
    0x92, 0x0, 0xa, 0xab, 0xff, 0xaa, 0x89, 0xff,
    0xff, 0xfa, 0x0, 0x5, 0xbb, 0xff, 0xbb, 0xaf,
    0xd0, 0x7f, 0xd0, 0x0, 0x5, 0x9a, 0xff, 0x99,
    0x7d, 0xdb, 0xff, 0xdb, 0x90, 0x2a, 0xab, 0xff,
    0xaa, 0xa6, 0xff, 0xff, 0xff, 0xd0, 0x3d, 0xdd,
    0xdd, 0xdd, 0xc0, 0xe, 0xf2, 0x1f, 0xd0, 0x2,
    0x88, 0x88, 0x88, 0x4a, 0xaf, 0xfb, 0xaf, 0xf9,
    0x4, 0xff, 0xff, 0xff, 0x6f, 0xff, 0xff, 0xff,
    0xfd, 0x4, 0xfa, 0x33, 0xdf, 0x21, 0x1e, 0xf3,
    0x3f, 0xe1, 0x4, 0xff, 0xff, 0xff, 0x14, 0x7e,
    0xf8, 0x8f, 0xd0, 0x4, 0xfa, 0x33, 0xdf, 0x18,
    0xff, 0xff, 0xff, 0xd0, 0x4, 0xff, 0xff, 0xff,
    0x12, 0x4e, 0xf5, 0x5f, 0xd0, 0x4, 0xfc, 0x77,
    0xef, 0x10, 0xd, 0xf1, 0x0, 0x0, 0x4, 0xf9,
    0x0, 0xcf, 0x10, 0xe, 0xf1, 0x0, 0x0, 0x4,
    0xf9, 0x2b, 0xff, 0x5, 0xef, 0xf0, 0x0, 0x0,
    0x4, 0xf9, 0xe, 0xe8, 0x1, 0xfe, 0x60, 0x0,
    0x0, 0x0, 0x10, 0x0, 0x0, 0x0, 0x0, 0x0,
    0x0, 0x0,

    /* U+975E "非" */
    0x0, 0x0, 0x0, 0x0, 0x0, 0x0, 0x0, 0x0,
    0x0, 0x0, 0x0, 0x2, 0xff, 0x10, 0xef, 0x50,
    0x0, 0x0, 0x0, 0x0, 0x2, 0xff, 0x10, 0xef,
    0x50, 0x0, 0x0, 0xb, 0xff, 0xff, 0xff, 0x10,
    0xef, 0xff, 0xff, 0xf1, 0xc, 0xff, 0xff, 0xff,
    0x10, 0xef, 0xff, 0xff, 0xf1, 0x1, 0x22, 0x24,
    0xff, 0x10, 0xef, 0x72, 0x22, 0x20, 0x0, 0x0,
    0x2, 0xff, 0x10, 0xef, 0x50, 0x0, 0x0, 0x8,
    0xff, 0xff, 0xff, 0x10, 0xef, 0xfe, 0xee, 0xa0,
    0x8, 0xff, 0xff, 0xff, 0x10, 0xef, 0xff, 0xff,
    0xa0, 0x0, 0x11, 0x14, 0xff, 0x10, 0xef, 0x71,
    0x11, 0x10, 0x0, 0x0, 0x2, 0xff, 0x10, 0xef,
    0x50, 0x0, 0x0, 0x3, 0x33, 0x36, 0xff, 0x10,
    0xef, 0x95, 0x55, 0x52, 0x2f, 0xff, 0xff, 0xff,
    0x10, 0xef, 0xff, 0xff, 0xf6, 0x2d, 0xdd, 0xde,
    0xff, 0x10, 0xef, 0xdc, 0xcc, 0xc4, 0x0, 0x0,
    0x2, 0xff, 0x10, 0xef, 0x50, 0x0, 0x0, 0x0,
    0x0, 0x2, 0xff, 0x10, 0xef, 0x50, 0x0, 0x0,
    0x0, 0x0, 0x2, 0xff, 0x10, 0xef, 0x50, 0x0,
    0x0, 0x0, 0x0, 0x2, 0xff, 0x10, 0xef, 0x50,
    0x0, 0x0,

    /* U+9762 "面" */
    0x1f, 0xff, 0xff, 0xff, 0xff, 0xff, 0xff, 0xff,
    0xf2, 0x1f, 0xff, 0xff, 0xff, 0xff, 0xff, 0xff,
    0xff, 0xf2, 0x0, 0x0, 0x0, 0x9, 0xfd, 0x0,
    0x0, 0x0, 0x0, 0x0, 0x0, 0x0, 0xb, 0xfa,
    0x0, 0x0, 0x0, 0x0, 0x4, 0xdd, 0xdd, 0xdf,
    0xfe, 0xdd, 0xdd, 0xdd, 0x40, 0x5, 0xff, 0xff,
    0xff, 0xff, 0xff, 0xff, 0xff, 0x50, 0x5, 0xfc,
    0x28, 0xf9, 0x22, 0xcf, 0x52, 0xdf, 0x50, 0x5,
    0xfb, 0x6, 0xfc, 0x99, 0xef, 0x30, 0xdf, 0x50,
    0x5, 0xfb, 0x6, 0xff, 0xff, 0xff, 0x30, 0xdf,
    0x50, 0x5, 0xfb, 0x6, 0xf8, 0x11, 0xcf, 0x30,
    0xdf, 0x50, 0x5, 0xfb, 0x6, 0xf8, 0x11, 0xcf,
    0x30, 0xdf, 0x50, 0x5, 0xfb, 0x6, 0xff, 0xff,
    0xff, 0x30, 0xdf, 0x50, 0x5, 0xfb, 0x6, 0xfc,
    0x99, 0xef, 0x30, 0xdf, 0x50, 0x5, 0xfc, 0x17,
    0xf8, 0x11, 0xcf, 0x41, 0xdf, 0x50, 0x5, 0xff,
    0xff, 0xff, 0xff, 0xff, 0xff, 0xff, 0x50, 0x5,
    0xff, 0xee, 0xee, 0xee, 0xee, 0xee, 0xff, 0x50,
    0x5, 0xfb, 0x0, 0x0, 0x0, 0x0, 0x0, 0xdf,
    0x50,

    /* U+97F3 "音" */
    0x0, 0x0, 0x0, 0x1, 0x56, 0x0, 0x0, 0x0,
    0x0, 0x0, 0x0, 0x0, 0x4, 0xff, 0x20, 0x0,
    0x0, 0x0, 0x1, 0xdd, 0xdd, 0xdd, 0xff, 0xed,
    0xdd, 0xdd, 0x40, 0x1, 0xff, 0xff, 0xff, 0xff,
    0xff, 0xff, 0xff, 0x40, 0x0, 0x0, 0x9e, 0x80,
    0x0, 0x7, 0xfc, 0x10, 0x0, 0x0, 0x0, 0x6f,
    0xe0, 0x0, 0xc, 0xfa, 0x0, 0x0, 0x1d, 0xdd,
    0xef, 0xfe, 0xdd, 0xef, 0xfe, 0xdd, 0xd1, 0x1f,
    0xff, 0xff, 0xff, 0xff, 0xff, 0xff, 0xff, 0xf1,
    0x0, 0x0, 0x0, 0x0, 0x0, 0x0, 0x0, 0x0,
    0x0, 0x0, 0xa, 0xbb, 0xbb, 0xbb, 0xbb, 0xbb,
    0xb0, 0x0, 0x0, 0xd, 0xff, 0xff, 0xff, 0xff,
    0xff, 0xf1, 0x0, 0x0, 0xd, 0xf5, 0x0, 0x0,
    0x0, 0x3f, 0xf1, 0x0, 0x0, 0xd, 0xfc, 0xaa,
    0xaa, 0xaa, 0xbf, 0xf1, 0x0, 0x0, 0xd, 0xff,
    0xff, 0xff, 0xff, 0xff, 0xf1, 0x0, 0x0, 0xd,
    0xf4, 0x0, 0x0, 0x0, 0x2f, 0xf1, 0x0, 0x0,
    0xd, 0xfd, 0xcc, 0xcc, 0xcc, 0xdf, 0xf1, 0x0,
    0x0, 0xd, 0xff, 0xff, 0xff, 0xff, 0xff, 0xf1,
    0x0, 0x0, 0xd, 0xf5, 0x0, 0x0, 0x0, 0x3f,
    0xf1, 0x0,

    /* U+9898 "题" */
    0x5, 0xff, 0xff, 0xff, 0x4f, 0xff, 0xff, 0xff,
    0xf5, 0x5, 0xfb, 0x77, 0xef, 0x4b, 0xbb, 0xff,
    0xbb, 0xb4, 0x5, 0xfd, 0xaa, 0xef, 0x30, 0x4,
    0xfb, 0x0, 0x0, 0x5, 0xff, 0xee, 0xff, 0x36,
    0xce, 0xfe, 0xcc, 0x80, 0x5, 0xf9, 0x11, 0xdf,
    0x38, 0xff, 0xff, 0xff, 0xa0, 0x5, 0xff, 0xff,
    0xff, 0x38, 0xf3, 0x0, 0x2f, 0xa0, 0x2, 0x55,
    0x55, 0x55, 0x18, 0xf3, 0x79, 0x1f, 0xa0, 0x19,
    0x99, 0x99, 0x99, 0x88, 0xf3, 0xde, 0x1f, 0xa0,
    0x3f, 0xff, 0xff, 0xff, 0xf8, 0xf3, 0xed, 0x1f,
    0xa0, 0x1, 0x51, 0xdf, 0x0, 0x8, 0xf4, 0xfc,
    0x1f, 0xa0, 0x6, 0xf6, 0xdf, 0x88, 0x58, 0xf7,
    0xf9, 0x2d, 0x90, 0x7, 0xf5, 0xdf, 0xff, 0x90,
    0xc, 0xfa, 0xe4, 0x0, 0x8, 0xf9, 0xdf, 0x0,
    0x2, 0xbf, 0xc5, 0xff, 0x60, 0xa, 0xff, 0xff,
    0x0, 0x7f, 0xfe, 0x10, 0x5f, 0xf3, 0xd, 0xfe,
    0xff, 0x10, 0x2f, 0xa1, 0x0, 0x7, 0xb0, 0x3f,
    0x93, 0xef, 0xfd, 0xcc, 0xbb, 0xbb, 0xbb, 0xc4,
    0x5f, 0x30, 0x6, 0xbe, 0xff, 0xff, 0xff, 0xff,
    0xf0, 0x1, 0x0, 0x0, 0x0, 0x0, 0x0, 0x0,
    0x0, 0x0,

    /* U+9996 "首" */
    0x0, 0x0, 0x5, 0x0, 0x0, 0x0, 0x41, 0x0,
    0x0, 0x0, 0x1, 0xef, 0x80, 0x0, 0x5, 0xff,
    0x40, 0x0, 0x0, 0x0, 0x6f, 0xf2, 0x0, 0xe,
    0xf8, 0x0, 0x0, 0x2f, 0xff, 0xff, 0xff, 0xff,
    0xff, 0xff, 0xff, 0xf2, 0x2f, 0xff, 0xff, 0xff,
    0xff, 0xff, 0xff, 0xff, 0xf2, 0x0, 0x0, 0x0,
    0x6, 0xff, 0x20, 0x0, 0x0, 0x0, 0x0, 0x4d,
    0xdd, 0xde, 0xff, 0xdd, 0xdd, 0xd3, 0x0, 0x0,
    0x5f, 0xff, 0xff, 0xff, 0xff, 0xff, 0xf4, 0x0,
    0x0, 0x5f, 0xc0, 0x0, 0x0, 0x0, 0xf, 0xf4,
    0x0, 0x0, 0x5f, 0xfb, 0xbb, 0xbb, 0xbb, 0xbf,
    0xf4, 0x0, 0x0, 0x5f, 0xff, 0xff, 0xff, 0xff,
    0xff, 0xf4, 0x0, 0x0, 0x5f, 0xc0, 0x0, 0x0,
    0x0, 0xf, 0xf4, 0x0, 0x0, 0x5f, 0xff, 0xff,
    0xff, 0xff, 0xff, 0xf4, 0x0, 0x0, 0x5f, 0xea,
    0xaa, 0xaa, 0xaa, 0xaf, 0xf4, 0x0, 0x0, 0x5f,
    0xc0, 0x0, 0x0, 0x0, 0xf, 0xf4, 0x0, 0x0,
    0x5f, 0xff, 0xff, 0xff, 0xff, 0xff, 0xf4, 0x0,
    0x0, 0x5f, 0xfd, 0xdd, 0xdd, 0xdd, 0xdf, 0xf4,
    0x0, 0x0, 0x5f, 0xc0, 0x0, 0x0, 0x0, 0xf,
    0xf4, 0x0,

    /* U+9AD8 "高" */
    0x0, 0x0, 0x0, 0x0, 0x24, 0x0, 0x0, 0x0,
    0x0, 0x0, 0x0, 0x0, 0x5f, 0xf1, 0x0, 0x0,
    0x0, 0x9, 0x99, 0x99, 0x9a, 0xff, 0xc9, 0x99,
    0x99, 0x90, 0xff, 0xff, 0xff, 0xff, 0xff, 0xff,
    0xff, 0xff, 0x3, 0x34, 0x44, 0x44, 0x44, 0x44,
    0x44, 0x43, 0x30, 0x0, 0x9f, 0xff, 0xff, 0xff,
    0xff, 0xfc, 0x0, 0x0, 0x9, 0xfb, 0x55, 0x55,
    0x55, 0xaf, 0xc0, 0x0, 0x0, 0x9f, 0xc7, 0x77,
    0x77, 0x7b, 0xfc, 0x0, 0x0, 0x9, 0xff, 0xff,
    0xff, 0xff, 0xff, 0xc0, 0x0, 0x35, 0x55, 0x55,
    0x55, 0x55, 0x55, 0x55, 0x53, 0x8, 0xff, 0xff,
    0xff, 0xff, 0xff, 0xff, 0xff, 0x80, 0x8f, 0xb5,
    0x55, 0x55, 0x55, 0x55, 0x4c, 0xf8, 0x8, 0xf9,
    0xf, 0xff, 0xff, 0xff, 0xc0, 0xaf, 0x80, 0x8f,
    0x90, 0xff, 0x77, 0x77, 0xfc, 0xa, 0xf8, 0x8,
    0xf9, 0xf, 0xf8, 0x88, 0x9f, 0xc0, 0xaf, 0x80,
    0x8f, 0x90, 0xff, 0xff, 0xff, 0xfc, 0xa, 0xf8,
    0x8, 0xf9, 0xb, 0xb0, 0x0, 0x0, 0xa8, 0xef,
    0x70, 0x8f, 0x90, 0x0, 0x0, 0x0, 0x6, 0xff,
    0xb1, 0x1, 0x21, 0x0, 0x0, 0x0, 0x0, 0x0,
    0x0, 0x0
};


/*---------------------
 *  GLYPH DESCRIPTION
 *--------------------*/

static const lv_font_fmt_txt_glyph_dsc_t glyph_dsc[] = {
    {.bitmap_index = 0, .adv_w = 0, .box_w = 0, .box_h = 0, .ofs_x = 0, .ofs_y = 0} /* id = 0 reserved */,
    {.bitmap_index = 0, .adv_w = 65, .box_w = 0, .box_h = 0, .ofs_x = 0, .ofs_y = 0},
    {.bitmap_index = 0, .adv_w = 107, .box_w = 4, .box_h = 13, .ofs_x = 1, .ofs_y = 0},
    {.bitmap_index = 26, .adv_w = 165, .box_w = 8, .box_h = 7, .ofs_x = 1, .ofs_y = 7},
    {.bitmap_index = 54, .adv_w = 170, .box_w = 11, .box_h = 13, .ofs_x = 0, .ofs_y = 0},
    {.bitmap_index = 126, .adv_w = 170, .box_w = 10, .box_h = 17, .ofs_x = 0, .ofs_y = -2},
    {.bitmap_index = 211, .adv_w = 277, .box_w = 17, .box_h = 13, .ofs_x = 0, .ofs_y = 0},
    {.bitmap_index = 322, .adv_w = 213, .box_w = 13, .box_h = 13, .ofs_x = 0, .ofs_y = 0},
    {.bitmap_index = 407, .adv_w = 94, .box_w = 4, .box_h = 7, .ofs_x = 1, .ofs_y = 7},
    {.bitmap_index = 421, .adv_w = 109, .box_w = 5, .box_h = 19, .ofs_x = 1, .ofs_y = -4},
    {.bitmap_index = 469, .adv_w = 109, .box_w = 6, .box_h = 19, .ofs_x = 0, .ofs_y = -4},
    {.bitmap_index = 526, .adv_w = 146, .box_w = 9, .box_h = 7, .ofs_x = 0, .ofs_y = 7},
    {.bitmap_index = 558, .adv_w = 170, .box_w = 10, .box_h = 10, .ofs_x = 0, .ofs_y = 2},
    {.bitmap_index = 608, .adv_w = 94, .box_w = 5, .box_h = 8, .ofs_x = 0, .ofs_y = -4},
    {.bitmap_index = 628, .adv_w = 107, .box_w = 6, .box_h = 2, .ofs_x = 0, .ofs_y = 4},
    {.bitmap_index = 634, .adv_w = 94, .box_w = 4, .box_h = 4, .ofs_x = 1, .ofs_y = 0},
    {.bitmap_index = 642, .adv_w = 111, .box_w = 7, .box_h = 17, .ofs_x = 0, .ofs_y = -3},
    {.bitmap_index = 702, .adv_w = 170, .box_w = 10, .box_h = 13, .ofs_x = 0, .ofs_y = 0},
    {.bitmap_index = 767, .adv_w = 170, .box_w = 9, .box_h = 13, .ofs_x = 1, .ofs_y = 0},
    {.bitmap_index = 826, .adv_w = 170, .box_w = 10, .box_h = 13, .ofs_x = 0, .ofs_y = 0},
    {.bitmap_index = 891, .adv_w = 170, .box_w = 10, .box_h = 13, .ofs_x = 0, .ofs_y = 0},
    {.bitmap_index = 956, .adv_w = 170, .box_w = 11, .box_h = 13, .ofs_x = 0, .ofs_y = 0},
    {.bitmap_index = 1028, .adv_w = 170, .box_w = 10, .box_h = 13, .ofs_x = 0, .ofs_y = 0},
    {.bitmap_index = 1093, .adv_w = 170, .box_w = 10, .box_h = 13, .ofs_x = 0, .ofs_y = 0},
    {.bitmap_index = 1158, .adv_w = 170, .box_w = 10, .box_h = 13, .ofs_x = 0, .ofs_y = 0},
    {.bitmap_index = 1223, .adv_w = 170, .box_w = 10, .box_h = 13, .ofs_x = 0, .ofs_y = 0},
    {.bitmap_index = 1288, .adv_w = 170, .box_w = 10, .box_h = 13, .ofs_x = 0, .ofs_y = 0},
    {.bitmap_index = 1353, .adv_w = 94, .box_w = 4, .box_h = 10, .ofs_x = 1, .ofs_y = 0},
    {.bitmap_index = 1373, .adv_w = 94, .box_w = 5, .box_h = 14, .ofs_x = 0, .ofs_y = -4},
    {.bitmap_index = 1408, .adv_w = 170, .box_w = 10, .box_h = 9, .ofs_x = 0, .ofs_y = 2},
    {.bitmap_index = 1453, .adv_w = 170, .box_w = 10, .box_h = 6, .ofs_x = 0, .ofs_y = 4},
    {.bitmap_index = 1483, .adv_w = 170, .box_w = 10, .box_h = 9, .ofs_x = 0, .ofs_y = 2},
    {.bitmap_index = 1528, .adv_w = 148, .box_w = 9, .box_h = 13, .ofs_x = 0, .ofs_y = 0},
    {.bitmap_index = 1587, .adv_w = 290, .box_w = 18, .box_h = 17, .ofs_x = 0, .ofs_y = -4},
    {.bitmap_index = 1740, .adv_w = 185, .box_w = 13, .box_h = 13, .ofs_x = -1, .ofs_y = 0},
    {.bitmap_index = 1825, .adv_w = 196, .box_w = 11, .box_h = 13, .ofs_x = 1, .ofs_y = 0},
    {.bitmap_index = 1897, .adv_w = 189, .box_w = 12, .box_h = 13, .ofs_x = 0, .ofs_y = 0},
    {.bitmap_index = 1975, .adv_w = 206, .box_w = 11, .box_h = 13, .ofs_x = 1, .ofs_y = 0},
    {.bitmap_index = 2047, .adv_w = 177, .box_w = 10, .box_h = 13, .ofs_x = 1, .ofs_y = 0},
    {.bitmap_index = 2112, .adv_w = 168, .box_w = 9, .box_h = 13, .ofs_x = 1, .ofs_y = 0},
    {.bitmap_index = 2171, .adv_w = 206, .box_w = 12, .box_h = 13, .ofs_x = 0, .ofs_y = 0},
    {.bitmap_index = 2249, .adv_w = 218, .box_w = 11, .box_h = 13, .ofs_x = 1, .ofs_y = 0},
    {.bitmap_index = 2321, .adv_w = 95, .box_w = 4, .box_h = 13, .ofs_x = 1, .ofs_y = 0},
    {.bitmap_index = 2347, .adv_w = 164, .box_w = 9, .box_h = 13, .ofs_x = 0, .ofs_y = 0},
    {.bitmap_index = 2406, .adv_w = 198, .box_w = 12, .box_h = 13, .ofs_x = 1, .ofs_y = 0},
    {.bitmap_index = 2484, .adv_w = 166, .box_w = 9, .box_h = 13, .ofs_x = 1, .ofs_y = 0},
    {.bitmap_index = 2543, .adv_w = 246, .box_w = 13, .box_h = 13, .ofs_x = 1, .ofs_y = 0},
    {.bitmap_index = 2628, .adv_w = 216, .box_w = 11, .box_h = 13, .ofs_x = 1, .ofs_y = 0},
    {.bitmap_index = 2700, .adv_w = 222, .box_w = 13, .box_h = 13, .ofs_x = 0, .ofs_y = 0},
    {.bitmap_index = 2785, .adv_w = 192, .box_w = 11, .box_h = 13, .ofs_x = 1, .ofs_y = 0},
    {.bitmap_index = 2857, .adv_w = 222, .box_w = 14, .box_h = 17, .ofs_x = 0, .ofs_y = -4},
    {.bitmap_index = 2976, .adv_w = 196, .box_w = 11, .box_h = 13, .ofs_x = 1, .ofs_y = 0},
    {.bitmap_index = 3048, .adv_w = 180, .box_w = 11, .box_h = 13, .ofs_x = 0, .ofs_y = 0},
    {.bitmap_index = 3120, .adv_w = 180, .box_w = 11, .box_h = 13, .ofs_x = 0, .ofs_y = 0},
    {.bitmap_index = 3192, .adv_w = 215, .box_w = 11, .box_h = 13, .ofs_x = 1, .ofs_y = 0},
    {.bitmap_index = 3264, .adv_w = 178, .box_w = 13, .box_h = 13, .ofs_x = -1, .ofs_y = 0},
    {.bitmap_index = 3349, .adv_w = 264, .box_w = 17, .box_h = 13, .ofs_x = 0, .ofs_y = 0},
    {.bitmap_index = 3460, .adv_w = 181, .box_w = 12, .box_h = 13, .ofs_x = 0, .ofs_y = 0},
    {.bitmap_index = 3538, .adv_w = 167, .box_w = 12, .box_h = 13, .ofs_x = -1, .ofs_y = 0},
    {.bitmap_index = 3616, .adv_w = 177, .box_w = 11, .box_h = 13, .ofs_x = 0, .ofs_y = 0},
    {.bitmap_index = 3688, .adv_w = 109, .box_w = 5, .box_h = 18, .ofs_x = 1, .ofs_y = -4},
    {.bitmap_index = 3733, .adv_w = 111, .box_w = 7, .box_h = 17, .ofs_x = 0, .ofs_y = -3},
    {.bitmap_index = 3793, .adv_w = 109, .box_w = 5, .box_h = 18, .ofs_x = 0, .ofs_y = -4},
    {.bitmap_index = 3838, .adv_w = 170, .box_w = 9, .box_h = 8, .ofs_x = 1, .ofs_y = 5},
    {.bitmap_index = 3874, .adv_w = 163, .box_w = 10, .box_h = 3, .ofs_x = 0, .ofs_y = -3},
    {.bitmap_index = 3889, .adv_w = 180, .box_w = 7, .box_h = 4, .ofs_x = 1, .ofs_y = 11},
    {.bitmap_index = 3903, .adv_w = 170, .box_w = 10, .box_h = 10, .ofs_x = 0, .ofs_y = 0},
    {.bitmap_index = 3953, .adv_w = 185, .box_w = 10, .box_h = 14, .ofs_x = 1, .ofs_y = 0},
    {.bitmap_index = 4023, .adv_w = 152, .box_w = 9, .box_h = 10, .ofs_x = 0, .ofs_y = 0},
    {.bitmap_index = 4068, .adv_w = 185, .box_w = 11, .box_h = 14, .ofs_x = 0, .ofs_y = 0},
    {.bitmap_index = 4145, .adv_w = 167, .box_w = 10, .box_h = 10, .ofs_x = 0, .ofs_y = 0},
    {.bitmap_index = 4195, .adv_w = 107, .box_w = 8, .box_h = 14, .ofs_x = 0, .ofs_y = 0},
    {.bitmap_index = 4251, .adv_w = 172, .box_w = 11, .box_h = 14, .ofs_x = 0, .ofs_y = -4},
    {.bitmap_index = 4328, .adv_w = 184, .box_w = 10, .box_h = 14, .ofs_x = 1, .ofs_y = 0},
    {.bitmap_index = 4398, .adv_w = 88, .box_w = 4, .box_h = 14, .ofs_x = 1, .ofs_y = 0},
    {.bitmap_index = 4426, .adv_w = 88, .box_w = 6, .box_h = 18, .ofs_x = -1, .ofs_y = -4},
    {.bitmap_index = 4480, .adv_w = 174, .box_w = 10, .box_h = 14, .ofs_x = 1, .ofs_y = 0},
    {.bitmap_index = 4550, .adv_w = 91, .box_w = 5, .box_h = 14, .ofs_x = 1, .ofs_y = 0},
    {.bitmap_index = 4585, .adv_w = 278, .box_w = 16, .box_h = 10, .ofs_x = 1, .ofs_y = 0},
    {.bitmap_index = 4665, .adv_w = 185, .box_w = 10, .box_h = 10, .ofs_x = 1, .ofs_y = 0},
    {.bitmap_index = 4715, .adv_w = 180, .box_w = 11, .box_h = 10, .ofs_x = 0, .ofs_y = 0},
    {.bitmap_index = 4770, .adv_w = 185, .box_w = 10, .box_h = 14, .ofs_x = 1, .ofs_y = -4},
    {.bitmap_index = 4840, .adv_w = 185, .box_w = 11, .box_h = 14, .ofs_x = 0, .ofs_y = -4},
    {.bitmap_index = 4917, .adv_w = 126, .box_w = 7, .box_h = 10, .ofs_x = 1, .ofs_y = 0},
    {.bitmap_index = 4952, .adv_w = 143, .box_w = 9, .box_h = 10, .ofs_x = 0, .ofs_y = 0},
    {.bitmap_index = 4997, .adv_w = 121, .box_w = 8, .box_h = 13, .ofs_x = 0, .ofs_y = 0},
    {.bitmap_index = 5049, .adv_w = 183, .box_w = 10, .box_h = 10, .ofs_x = 1, .ofs_y = 0},
    {.bitmap_index = 5099, .adv_w = 166, .box_w = 11, .box_h = 10, .ofs_x = 0, .ofs_y = 0},
    {.bitmap_index = 5154, .adv_w = 249, .box_w = 16, .box_h = 10, .ofs_x = 0, .ofs_y = 0},
    {.bitmap_index = 5234, .adv_w = 162, .box_w = 10, .box_h = 10, .ofs_x = 0, .ofs_y = 0},
    {.bitmap_index = 5284, .adv_w = 165, .box_w = 11, .box_h = 14, .ofs_x = 0, .ofs_y = -4},
    {.bitmap_index = 5361, .adv_w = 147, .box_w = 9, .box_h = 10, .ofs_x = 0, .ofs_y = 0},
    {.bitmap_index = 5406, .adv_w = 109, .box_w = 6, .box_h = 18, .ofs_x = 0, .ofs_y = -4},
    {.bitmap_index = 5460, .adv_w = 85, .box_w = 3, .box_h = 20, .ofs_x = 1, .ofs_y = -5},
    {.bitmap_index = 5490, .adv_w = 109, .box_w = 7, .box_h = 18, .ofs_x = 0, .ofs_y = -4},
    {.bitmap_index = 5553, .adv_w = 170, .box_w = 10, .box_h = 3, .ofs_x = 0, .ofs_y = 5},
    {.bitmap_index = 5568, .adv_w = 288, .box_w = 6, .box_h = 5, .ofs_x = 6, .ofs_y = 4},
    {.bitmap_index = 5583, .adv_w = 288, .box_w = 16, .box_h = 3, .ofs_x = 1, .ofs_y = 5},
    {.bitmap_index = 5607, .adv_w = 288, .box_w = 18, .box_h = 15, .ofs_x = 0, .ofs_y = 0},
    {.bitmap_index = 5742, .adv_w = 288, .box_w = 15, .box_h = 18, .ofs_x = 2, .ofs_y = -2},
    {.bitmap_index = 5877, .adv_w = 288, .box_w = 18, .box_h = 16, .ofs_x = 0, .ofs_y = -2},
    {.bitmap_index = 6021, .adv_w = 288, .box_w = 15, .box_h = 18, .ofs_x = 1, .ofs_y = -2},
    {.bitmap_index = 6156, .adv_w = 288, .box_w = 18, .box_h = 18, .ofs_x = 0, .ofs_y = -2},
    {.bitmap_index = 6318, .adv_w = 288, .box_w = 18, .box_h = 17, .ofs_x = 0, .ofs_y = -2},
    {.bitmap_index = 6471, .adv_w = 288, .box_w = 18, .box_h = 4, .ofs_x = 0, .ofs_y = 5},
    {.bitmap_index = 6507, .adv_w = 288, .box_w = 18, .box_h = 16, .ofs_x = 0, .ofs_y = -1},
    {.bitmap_index = 6651, .adv_w = 288, .box_w = 18, .box_h = 16, .ofs_x = 0, .ofs_y = -2},
    {.bitmap_index = 6795, .adv_w = 288, .box_w = 17, .box_h = 18, .ofs_x = 0, .ofs_y = -3},
    {.bitmap_index = 6948, .adv_w = 288, .box_w = 18, .box_h = 17, .ofs_x = 0, .ofs_y = -2},
    {.bitmap_index = 7101, .adv_w = 288, .box_w = 16, .box_h = 17, .ofs_x = 1, .ofs_y = -2},
    {.bitmap_index = 7237, .adv_w = 288, .box_w = 17, .box_h = 18, .ofs_x = 0, .ofs_y = -3},
    {.bitmap_index = 7390, .adv_w = 288, .box_w = 18, .box_h = 19, .ofs_x = 0, .ofs_y = -3},
    {.bitmap_index = 7561, .adv_w = 288, .box_w = 16, .box_h = 18, .ofs_x = 1, .ofs_y = -3},
    {.bitmap_index = 7705, .adv_w = 288, .box_w = 18, .box_h = 18, .ofs_x = 0, .ofs_y = -3},
    {.bitmap_index = 7867, .adv_w = 288, .box_w = 18, .box_h = 19, .ofs_x = 0, .ofs_y = -3},
    {.bitmap_index = 8038, .adv_w = 288, .box_w = 18, .box_h = 17, .ofs_x = 0, .ofs_y = -2},
    {.bitmap_index = 8191, .adv_w = 288, .box_w = 18, .box_h = 17, .ofs_x = 0, .ofs_y = -2},
    {.bitmap_index = 8344, .adv_w = 288, .box_w = 18, .box_h = 18, .ofs_x = 0, .ofs_y = -2},
    {.bitmap_index = 8506, .adv_w = 288, .box_w = 18, .box_h = 19, .ofs_x = 0, .ofs_y = -3},
    {.bitmap_index = 8677, .adv_w = 288, .box_w = 18, .box_h = 18, .ofs_x = 0, .ofs_y = -2},
    {.bitmap_index = 8839, .adv_w = 288, .box_w = 18, .box_h = 19, .ofs_x = 0, .ofs_y = -3},
    {.bitmap_index = 9010, .adv_w = 288, .box_w = 18, .box_h = 18, .ofs_x = 0, .ofs_y = -2},
    {.bitmap_index = 9172, .adv_w = 288, .box_w = 18, .box_h = 17, .ofs_x = 0, .ofs_y = -2},
    {.bitmap_index = 9325, .adv_w = 288, .box_w = 18, .box_h = 18, .ofs_x = 0, .ofs_y = -2},
    {.bitmap_index = 9487, .adv_w = 288, .box_w = 18, .box_h = 18, .ofs_x = 0, .ofs_y = -2},
    {.bitmap_index = 9649, .adv_w = 288, .box_w = 18, .box_h = 19, .ofs_x = 0, .ofs_y = -3},
    {.bitmap_index = 9820, .adv_w = 288, .box_w = 18, .box_h = 18, .ofs_x = 0, .ofs_y = -2},
    {.bitmap_index = 9982, .adv_w = 288, .box_w = 18, .box_h = 18, .ofs_x = 0, .ofs_y = -2},
    {.bitmap_index = 10144, .adv_w = 288, .box_w = 16, .box_h = 17, .ofs_x = 1, .ofs_y = -2},
    {.bitmap_index = 10280, .adv_w = 288, .box_w = 18, .box_h = 17, .ofs_x = 0, .ofs_y = -2},
    {.bitmap_index = 10433, .adv_w = 288, .box_w = 17, .box_h = 17, .ofs_x = 0, .ofs_y = -2},
    {.bitmap_index = 10578, .adv_w = 288, .box_w = 18, .box_h = 18, .ofs_x = 0, .ofs_y = -3},
    {.bitmap_index = 10740, .adv_w = 288, .box_w = 18, .box_h = 18, .ofs_x = 0, .ofs_y = -3},
    {.bitmap_index = 10902, .adv_w = 288, .box_w = 18, .box_h = 19, .ofs_x = 0, .ofs_y = -3},
    {.bitmap_index = 11073, .adv_w = 288, .box_w = 17, .box_h = 19, .ofs_x = 0, .ofs_y = -3},
    {.bitmap_index = 11235, .adv_w = 288, .box_w = 17, .box_h = 19, .ofs_x = 0, .ofs_y = -3},
    {.bitmap_index = 11397, .adv_w = 288, .box_w = 17, .box_h = 18, .ofs_x = 0, .ofs_y = -3},
    {.bitmap_index = 11550, .adv_w = 288, .box_w = 17, .box_h = 19, .ofs_x = 0, .ofs_y = -3},
    {.bitmap_index = 11712, .adv_w = 288, .box_w = 18, .box_h = 18, .ofs_x = 0, .ofs_y = -2},
    {.bitmap_index = 11874, .adv_w = 288, .box_w = 18, .box_h = 17, .ofs_x = 0, .ofs_y = -2},
    {.bitmap_index = 12027, .adv_w = 288, .box_w = 18, .box_h = 17, .ofs_x = 0, .ofs_y = -2},
    {.bitmap_index = 12180, .adv_w = 288, .box_w = 18, .box_h = 18, .ofs_x = 0, .ofs_y = -2},
    {.bitmap_index = 12342, .adv_w = 288, .box_w = 18, .box_h = 18, .ofs_x = 0, .ofs_y = -2},
    {.bitmap_index = 12504, .adv_w = 288, .box_w = 16, .box_h = 17, .ofs_x = 1, .ofs_y = -2},
    {.bitmap_index = 12640, .adv_w = 288, .box_w = 18, .box_h = 18, .ofs_x = 0, .ofs_y = -2},
    {.bitmap_index = 12802, .adv_w = 288, .box_w = 16, .box_h = 17, .ofs_x = 1, .ofs_y = -2},
    {.bitmap_index = 12938, .adv_w = 288, .box_w = 16, .box_h = 17, .ofs_x = 1, .ofs_y = -2},
    {.bitmap_index = 13074, .adv_w = 288, .box_w = 16, .box_h = 17, .ofs_x = 1, .ofs_y = -2},
    {.bitmap_index = 13210, .adv_w = 288, .box_w = 17, .box_h = 18, .ofs_x = 0, .ofs_y = -2},
    {.bitmap_index = 13363, .adv_w = 288, .box_w = 18, .box_h = 18, .ofs_x = 0, .ofs_y = -2},
    {.bitmap_index = 13525, .adv_w = 288, .box_w = 18, .box_h = 17, .ofs_x = 0, .ofs_y = -2},
    {.bitmap_index = 13678, .adv_w = 288, .box_w = 18, .box_h = 18, .ofs_x = 0, .ofs_y = -2},
    {.bitmap_index = 13840, .adv_w = 288, .box_w = 18, .box_h = 19, .ofs_x = 0, .ofs_y = -3},
    {.bitmap_index = 14011, .adv_w = 288, .box_w = 18, .box_h = 19, .ofs_x = 0, .ofs_y = -3},
    {.bitmap_index = 14182, .adv_w = 288, .box_w = 16, .box_h = 18, .ofs_x = 1, .ofs_y = -2},
    {.bitmap_index = 14326, .adv_w = 288, .box_w = 17, .box_h = 19, .ofs_x = 0, .ofs_y = -3},
    {.bitmap_index = 14488, .adv_w = 288, .box_w = 18, .box_h = 18, .ofs_x = 0, .ofs_y = -3},
    {.bitmap_index = 14650, .adv_w = 288, .box_w = 18, .box_h = 17, .ofs_x = 0, .ofs_y = -2},
    {.bitmap_index = 14803, .adv_w = 288, .box_w = 17, .box_h = 17, .ofs_x = 0, .ofs_y = -2},
    {.bitmap_index = 14948, .adv_w = 288, .box_w = 18, .box_h = 19, .ofs_x = 0, .ofs_y = -3},
    {.bitmap_index = 15119, .adv_w = 288, .box_w = 18, .box_h = 18, .ofs_x = 0, .ofs_y = -3},
    {.bitmap_index = 15281, .adv_w = 288, .box_w = 18, .box_h = 18, .ofs_x = 0, .ofs_y = -2},
    {.bitmap_index = 15443, .adv_w = 288, .box_w = 17, .box_h = 17, .ofs_x = 1, .ofs_y = -2},
    {.bitmap_index = 15588, .adv_w = 288, .box_w = 18, .box_h = 17, .ofs_x = 0, .ofs_y = -2},
    {.bitmap_index = 15741, .adv_w = 288, .box_w = 18, .box_h = 18, .ofs_x = 0, .ofs_y = -2},
    {.bitmap_index = 15903, .adv_w = 288, .box_w = 18, .box_h = 18, .ofs_x = 0, .ofs_y = -3},
    {.bitmap_index = 16065, .adv_w = 288, .box_w = 18, .box_h = 18, .ofs_x = 0, .ofs_y = -2},
    {.bitmap_index = 16227, .adv_w = 288, .box_w = 16, .box_h = 18, .ofs_x = 1, .ofs_y = -3},
    {.bitmap_index = 16371, .adv_w = 288, .box_w = 18, .box_h = 19, .ofs_x = 0, .ofs_y = -3},
    {.bitmap_index = 16542, .adv_w = 288, .box_w = 18, .box_h = 18, .ofs_x = 0, .ofs_y = -2},
    {.bitmap_index = 16704, .adv_w = 288, .box_w = 18, .box_h = 18, .ofs_x = 0, .ofs_y = -3},
    {.bitmap_index = 16866, .adv_w = 288, .box_w = 18, .box_h = 18, .ofs_x = 0, .ofs_y = -2},
    {.bitmap_index = 17028, .adv_w = 288, .box_w = 18, .box_h = 19, .ofs_x = 0, .ofs_y = -3},
    {.bitmap_index = 17199, .adv_w = 288, .box_w = 18, .box_h = 18, .ofs_x = 0, .ofs_y = -2},
    {.bitmap_index = 17361, .adv_w = 288, .box_w = 18, .box_h = 19, .ofs_x = 0, .ofs_y = -3},
    {.bitmap_index = 17532, .adv_w = 288, .box_w = 18, .box_h = 18, .ofs_x = 0, .ofs_y = -2},
    {.bitmap_index = 17694, .adv_w = 288, .box_w = 18, .box_h = 18, .ofs_x = 0, .ofs_y = -3},
    {.bitmap_index = 17856, .adv_w = 288, .box_w = 18, .box_h = 18, .ofs_x = 0, .ofs_y = -2},
    {.bitmap_index = 18018, .adv_w = 288, .box_w = 18, .box_h = 19, .ofs_x = 0, .ofs_y = -3},
    {.bitmap_index = 18189, .adv_w = 288, .box_w = 17, .box_h = 18, .ofs_x = 1, .ofs_y = -3},
    {.bitmap_index = 18342, .adv_w = 288, .box_w = 18, .box_h = 18, .ofs_x = 0, .ofs_y = -3},
    {.bitmap_index = 18504, .adv_w = 288, .box_w = 18, .box_h = 16, .ofs_x = 0, .ofs_y = -1},
    {.bitmap_index = 18648, .adv_w = 288, .box_w = 18, .box_h = 18, .ofs_x = 0, .ofs_y = -2},
    {.bitmap_index = 18810, .adv_w = 288, .box_w = 18, .box_h = 19, .ofs_x = 0, .ofs_y = -2},
    {.bitmap_index = 18981, .adv_w = 288, .box_w = 18, .box_h = 17, .ofs_x = 0, .ofs_y = -2},
    {.bitmap_index = 19134, .adv_w = 288, .box_w = 18, .box_h = 17, .ofs_x = 0, .ofs_y = -2},
    {.bitmap_index = 19287, .adv_w = 288, .box_w = 19, .box_h = 18, .ofs_x = -1, .ofs_y = -3},
    {.bitmap_index = 19458, .adv_w = 288, .box_w = 18, .box_h = 18, .ofs_x = 0, .ofs_y = -2},
    {.bitmap_index = 19620, .adv_w = 288, .box_w = 18, .box_h = 17, .ofs_x = 0, .ofs_y = -2},
    {.bitmap_index = 19773, .adv_w = 288, .box_w = 18, .box_h = 18, .ofs_x = 0, .ofs_y = -3},
    {.bitmap_index = 19935, .adv_w = 288, .box_w = 18, .box_h = 17, .ofs_x = 0, .ofs_y = -2},
    {.bitmap_index = 20088, .adv_w = 288, .box_w = 18, .box_h = 18, .ofs_x = 0, .ofs_y = -2},
    {.bitmap_index = 20250, .adv_w = 288, .box_w = 18, .box_h = 18, .ofs_x = 0, .ofs_y = -3},
    {.bitmap_index = 20412, .adv_w = 288, .box_w = 18, .box_h = 18, .ofs_x = 0, .ofs_y = -2},
    {.bitmap_index = 20574, .adv_w = 288, .box_w = 18, .box_h = 19, .ofs_x = 0, .ofs_y = -3},
    {.bitmap_index = 20745, .adv_w = 288, .box_w = 18, .box_h = 18, .ofs_x = 0, .ofs_y = -2},
    {.bitmap_index = 20907, .adv_w = 288, .box_w = 18, .box_h = 17, .ofs_x = 0, .ofs_y = -2},
    {.bitmap_index = 21060, .adv_w = 288, .box_w = 18, .box_h = 19, .ofs_x = 0, .ofs_y = -3},
    {.bitmap_index = 21231, .adv_w = 288, .box_w = 18, .box_h = 17, .ofs_x = 0, .ofs_y = -2},
    {.bitmap_index = 21384, .adv_w = 288, .box_w = 18, .box_h = 19, .ofs_x = 0, .ofs_y = -3},
    {.bitmap_index = 21555, .adv_w = 288, .box_w = 19, .box_h = 18, .ofs_x = 0, .ofs_y = -3},
    {.bitmap_index = 21726, .adv_w = 288, .box_w = 17, .box_h = 18, .ofs_x = 0, .ofs_y = -3},
    {.bitmap_index = 21879, .adv_w = 288, .box_w = 16, .box_h = 17, .ofs_x = 1, .ofs_y = -2},
    {.bitmap_index = 22015, .adv_w = 288, .box_w = 16, .box_h = 19, .ofs_x = 1, .ofs_y = -3},
    {.bitmap_index = 22167, .adv_w = 288, .box_w = 17, .box_h = 19, .ofs_x = 0, .ofs_y = -3},
    {.bitmap_index = 22329, .adv_w = 288, .box_w = 18, .box_h = 18, .ofs_x = 0, .ofs_y = -3},
    {.bitmap_index = 22491, .adv_w = 288, .box_w = 18, .box_h = 17, .ofs_x = 0, .ofs_y = -2},
    {.bitmap_index = 22644, .adv_w = 288, .box_w = 18, .box_h = 19, .ofs_x = 0, .ofs_y = -3},
    {.bitmap_index = 22815, .adv_w = 288, .box_w = 18, .box_h = 18, .ofs_x = 0, .ofs_y = -2},
    {.bitmap_index = 22977, .adv_w = 288, .box_w = 18, .box_h = 19, .ofs_x = 0, .ofs_y = -3},
    {.bitmap_index = 23148, .adv_w = 288, .box_w = 18, .box_h = 19, .ofs_x = 0, .ofs_y = -2},
    {.bitmap_index = 23319, .adv_w = 288, .box_w = 18, .box_h = 19, .ofs_x = 0, .ofs_y = -3},
    {.bitmap_index = 23490, .adv_w = 288, .box_w = 18, .box_h = 19, .ofs_x = 0, .ofs_y = -3},
    {.bitmap_index = 23661, .adv_w = 288, .box_w = 18, .box_h = 17, .ofs_x = 0, .ofs_y = -1},
    {.bitmap_index = 23814, .adv_w = 288, .box_w = 18, .box_h = 17, .ofs_x = 0, .ofs_y = -2},
    {.bitmap_index = 23967, .adv_w = 288, .box_w = 18, .box_h = 17, .ofs_x = 0, .ofs_y = -2},
    {.bitmap_index = 24120, .adv_w = 288, .box_w = 18, .box_h = 17, .ofs_x = 0, .ofs_y = -2},
    {.bitmap_index = 24273, .adv_w = 288, .box_w = 18, .box_h = 19, .ofs_x = 0, .ofs_y = -2},
    {.bitmap_index = 24444, .adv_w = 288, .box_w = 18, .box_h = 18, .ofs_x = 0, .ofs_y = -3},
    {.bitmap_index = 24606, .adv_w = 288, .box_w = 18, .box_h = 18, .ofs_x = 0, .ofs_y = -2},
    {.bitmap_index = 24768, .adv_w = 288, .box_w = 18, .box_h = 18, .ofs_x = 0, .ofs_y = -2},
    {.bitmap_index = 24930, .adv_w = 288, .box_w = 18, .box_h = 19, .ofs_x = 0, .ofs_y = -3},
    {.bitmap_index = 25101, .adv_w = 288, .box_w = 18, .box_h = 18, .ofs_x = 0, .ofs_y = -2},
    {.bitmap_index = 25263, .adv_w = 288, .box_w = 17, .box_h = 19, .ofs_x = 0, .ofs_y = -3},
    {.bitmap_index = 25425, .adv_w = 288, .box_w = 18, .box_h = 18, .ofs_x = 0, .ofs_y = -2},
    {.bitmap_index = 25587, .adv_w = 288, .box_w = 18, .box_h = 18, .ofs_x = 0, .ofs_y = -3},
    {.bitmap_index = 25749, .adv_w = 288, .box_w = 18, .box_h = 19, .ofs_x = 0, .ofs_y = -3},
    {.bitmap_index = 25920, .adv_w = 288, .box_w = 18, .box_h = 19, .ofs_x = 0, .ofs_y = -3},
    {.bitmap_index = 26091, .adv_w = 288, .box_w = 18, .box_h = 18, .ofs_x = 0, .ofs_y = -3},
    {.bitmap_index = 26253, .adv_w = 288, .box_w = 18, .box_h = 18, .ofs_x = 0, .ofs_y = -2},
    {.bitmap_index = 26415, .adv_w = 288, .box_w = 18, .box_h = 18, .ofs_x = 0, .ofs_y = -2},
    {.bitmap_index = 26577, .adv_w = 288, .box_w = 18, .box_h = 17, .ofs_x = 0, .ofs_y = -2},
    {.bitmap_index = 26730, .adv_w = 288, .box_w = 18, .box_h = 17, .ofs_x = 0, .ofs_y = -2},
    {.bitmap_index = 26883, .adv_w = 288, .box_w = 18, .box_h = 19, .ofs_x = 0, .ofs_y = -3},
    {.bitmap_index = 27054, .adv_w = 288, .box_w = 18, .box_h = 17, .ofs_x = 0, .ofs_y = -2},
    {.bitmap_index = 27207, .adv_w = 288, .box_w = 16, .box_h = 19, .ofs_x = 1, .ofs_y = -3},
    {.bitmap_index = 27359, .adv_w = 288, .box_w = 17, .box_h = 18, .ofs_x = 1, .ofs_y = -2},
    {.bitmap_index = 27512, .adv_w = 288, .box_w = 17, .box_h = 18, .ofs_x = 1, .ofs_y = -2},
    {.bitmap_index = 27665, .adv_w = 288, .box_w = 18, .box_h = 18, .ofs_x = 0, .ofs_y = -2},
    {.bitmap_index = 27827, .adv_w = 288, .box_w = 18, .box_h = 18, .ofs_x = 0, .ofs_y = -3},
    {.bitmap_index = 27989, .adv_w = 288, .box_w = 18, .box_h = 18, .ofs_x = 0, .ofs_y = -2},
    {.bitmap_index = 28151, .adv_w = 288, .box_w = 18, .box_h = 17, .ofs_x = 0, .ofs_y = -2},
    {.bitmap_index = 28304, .adv_w = 288, .box_w = 18, .box_h = 18, .ofs_x = 0, .ofs_y = -2},
    {.bitmap_index = 28466, .adv_w = 288, .box_w = 18, .box_h = 18, .ofs_x = 0, .ofs_y = -3},
    {.bitmap_index = 28628, .adv_w = 288, .box_w = 18, .box_h = 18, .ofs_x = 0, .ofs_y = -2},
    {.bitmap_index = 28790, .adv_w = 288, .box_w = 17, .box_h = 19, .ofs_x = 0, .ofs_y = -3}
};

/*---------------------
 *  CHARACTER MAPPING
 *--------------------*/

static const uint16_t unicode_list_1[] = {
    0x0, 0x1f6f, 0x24fb, 0x24ff, 0x2505, 0x2509, 0x250f, 0x254e,
    0x4d49, 0x4d53, 0x4d54, 0x4d57, 0x4d73, 0x4d76, 0x4d83, 0x4d99,
    0x4da9, 0x4dd7, 0x4df7, 0x4e03, 0x4e0e, 0x4e3f, 0x4e97, 0x4e98,
    0x4e9e, 0x4ea5, 0x4ebc, 0x4ec8, 0x4ee4, 0x4f98, 0x4fa5, 0x50bc,
    0x50ce, 0x50d6, 0x50fb, 0x5118, 0x5129, 0x514f, 0x5164, 0x5183,
    0x51e9, 0x5248, 0x529e, 0x52aa, 0x52e8, 0x531a, 0x533c, 0x540a,
    0x548f, 0x5627, 0x5639, 0x5643, 0x57e7, 0x5850, 0x5870, 0x5914,
    0x5aa1, 0x5ad5, 0x5ae1, 0x5ae3, 0x5b58, 0x5b5a, 0x5b66, 0x5b7a,
    0x5b98, 0x5d2f, 0x5d3b, 0x5d9e, 0x5def, 0x5e49, 0x5e58, 0x5e9b,
    0x5e9e, 0x5f84, 0x60ab, 0x6158, 0x6159, 0x6232, 0x6252, 0x6491,
    0x64b5, 0x64f9, 0x6502, 0x653f, 0x6578, 0x6587, 0x65b7, 0x65cb,
    0x6649, 0x6673, 0x668c, 0x66aa, 0x672e, 0x6750, 0x67ac, 0x6809,
    0x696a, 0x6a6a, 0x6b1d, 0x6b34, 0x6d4e, 0x6d81, 0x7002, 0x7191,
    0x72f2, 0x7471, 0x7484, 0x75cd, 0x77b7, 0x7883, 0x791b, 0x7944,
    0x7a75, 0x7ac9, 0x7df3, 0x7e0c, 0x7e28, 0x7e30, 0x7e36, 0x7eb7,
    0x7f4e, 0x813d, 0x8518, 0x8aea, 0x8b07, 0x8b1e, 0x8b40, 0x8b4c,
    0x8d0c, 0x8d3c, 0x8f1d, 0x8f24, 0x8f52, 0x8f63, 0x9116, 0x9118,
    0x93e8, 0x9477, 0x94c8, 0x9536, 0x95ad, 0x95d9, 0x9607, 0x96a2,
    0x96a7, 0x96ab, 0x973c, 0x97e1, 0x98df, 0x9a21
};

/*Collect the unicode lists and glyph_id offsets*/
static const lv_font_fmt_txt_cmap_t cmaps[] =
{
    {
        .range_start = 32, .range_length = 95, .glyph_id_start = 1,
        .unicode_list = NULL, .glyph_id_ofs_list = NULL, .list_length = 0, .type = LV_FONT_FMT_TXT_CMAP_FORMAT0_TINY
    },
    {
        .range_start = 183, .range_length = 39458, .glyph_id_start = 96,
        .unicode_list = unicode_list_1, .glyph_id_ofs_list = NULL, .list_length = 150, .type = LV_FONT_FMT_TXT_CMAP_SPARSE_TINY
    }
};



/*--------------------
 *  ALL CUSTOM DATA
 *--------------------*/

#if LVGL_VERSION_MAJOR == 8
/*Store all the custom data of the font*/
static  lv_font_fmt_txt_glyph_cache_t cache;
#endif

#if LVGL_VERSION_MAJOR >= 8
static const lv_font_fmt_txt_dsc_t font_dsc = {
#else
static lv_font_fmt_txt_dsc_t font_dsc = {
#endif
    .glyph_bitmap = glyph_bitmap,
    .glyph_dsc = glyph_dsc,
    .cmaps = cmaps,
    .kern_dsc = NULL,
    .kern_scale = 0,
    .cmap_num = 2,
    .bpp = 4,
    .kern_classes = 0,
    .bitmap_format = 0,
#if LVGL_VERSION_MAJOR == 8
    .cache = &cache
#endif
};



/*-----------------
 *  PUBLIC FONT
 *----------------*/

/*Initialize a public general font descriptor*/
#if LVGL_VERSION_MAJOR >= 8
const lv_font_t gd_zh18 = {
#else
lv_font_t gd_zh18 = {
#endif
    .get_glyph_dsc = lv_font_get_glyph_dsc_fmt_txt,    /*Function pointer to get glyph's data*/
    .get_glyph_bitmap = lv_font_get_bitmap_fmt_txt,    /*Function pointer to get glyph's bitmap*/
    .line_height = 22,          /*The maximum line height required by the font*/
    .base_line = 5,             /*Baseline measured from the bottom of the line*/
#if !(LVGL_VERSION_MAJOR == 6 && LVGL_VERSION_MINOR == 0)
    .subpx = LV_FONT_SUBPX_NONE,
#endif
#if LV_VERSION_CHECK(7, 4, 0) || LVGL_VERSION_MAJOR >= 8
    .underline_position = -2,
    .underline_thickness = 1,
#endif
    .dsc = &font_dsc,          /*The custom font data. Will be accessed by `get_glyph_bitmap/dsc` */
#if LV_VERSION_CHECK(8, 2, 0) || LVGL_VERSION_MAJOR >= 9
    .fallback = NULL,
#endif
    .user_data = NULL,
};



#endif /*#if GD_ZH18*/

