/*******************************************************************************
 * Size: 14 px
 * Bpp: 4
 * Opts: --font SourceHanSansSC-Bold.otf --range 0x20-0x7E,0xB7,0x2026,0x25B2,0x25B6,0x25BC,0x25C0,0x25C6,0x2605,0x3001,0x4E00,0x4E0A-0x4E0B,0x4E0E,0x4E2D,0x4E3A,0x4E50,0x4E60,0x4E8E,0x4EAE,0x4EF6,0x4F4E-0x4F4F,0x4F55,0x4F5C,0x4F73,0x504F,0x505C,0x5173,0x5185,0x518D,0x51B2,0x51CF,0x51E0,0x5206,0x521B,0x523A,0x52A0,0x5355,0x5361,0x539F,0x53D1,0x53F3,0x5408,0x54C1,0x5546,0x56DE,0x56F0,0x56FA,0x5747,0x589E,0x5927,0x59CB,0x5B58,0x5B8C,0x5B98,0x5B9A,0x5C0F,0x5C11,0x5C1D,0x5C31,0x5C4F,0x5DE6,0x5DF2,0x5E55,0x5E8F,0x5EA6,0x5F00,0x5F0F,0x5F55,0x603B,0x6162,0x620F-0x6210,0x62E9,0x6309,0x6548,0x656C,0x65B0,0x65B9,0x65F6,0x662F,0x663E,0x666E,0x6682,0x66F2,0x6700,0x672A,0x6761,0x67E5,0x6807,0x6863,0x68C0,0x6A21,0x6B21,0x6BD4,0x6BEB,0x6E05,0x6E38,0x70B9,0x73A9,0x7528,0x7531,0x753B,0x7684,0x786E,0x793A,0x79D2,0x79FB,0x7A0B,0x7B2C,0x7B80,0x7EAA,0x7EC3,0x7EDF,0x7EE7,0x7EED,0x7F6E,0x81F4,0x85CF,0x8BA1,0x8BBE,0x8BD5,0x8C03,0x8DC3,0x8DF3,0x8FD4,0x8FDB,0x9009,0x901A,0x914D,0x91CD,0x91CF,0x949F,0x952E,0x957F,0x95ED,0x9664,0x968F-0x9690,0x96BE,0x9759,0x975E,0x9762,0x97F3,0x9898,0x9996,0x9AD8 --size 14 --bpp 4 --format lvgl --lv-font-name gd_zh14 --lv-include lvgl.h --no-compress --no-kerning --output gd_zh14.c
 ******************************************************************************/

#ifdef LV_LVGL_H_INCLUDE_SIMPLE
#include "lvgl.h"
#else
#include "lvgl.h"
#endif

#ifndef GD_ZH14
#define GD_ZH14 1
#endif

#if GD_ZH14

/*-----------------
 *    BITMAPS
 *----------------*/

/*Store the image of the glyphs*/
static LV_ATTRIBUTE_LARGE_CONST const uint8_t glyph_bitmap[] = {
    /* U+0020 " " */

    /* U+0021 "!" */
    0x6f, 0x96, 0xf9, 0x5f, 0x84, 0xf7, 0x3f, 0x62,
    0xf5, 0x1f, 0x42, 0xa3, 0x9f, 0xc4, 0xe6,

    /* U+0022 "\"" */
    0xcf, 0x44, 0xfc, 0xbf, 0x43, 0xfc, 0xaf, 0x22,
    0xfa, 0x8f, 0x0, 0xf8, 0x5d, 0x0, 0xd6,

    /* U+0023 "#" */
    0x0, 0x7c, 0x7, 0xc0, 0x0, 0x99, 0x9, 0x90,
    0x1f, 0xff, 0xff, 0xfc, 0x4, 0xe8, 0x4e, 0x83,
    0x0, 0xf4, 0xf, 0x40, 0x1, 0xf3, 0x2f, 0x30,
    0x7f, 0xff, 0xff, 0xf7, 0x17, 0xf3, 0x7e, 0x31,
    0x6, 0xc0, 0x6c, 0x0, 0x8, 0xa0, 0x8a, 0x0,

    /* U+0024 "$" */
    0x0, 0x1, 0x20, 0x0, 0x0, 0x8, 0xd0, 0x0,
    0x0, 0x3c, 0xe6, 0x0, 0x5, 0xff, 0xff, 0xd0,
    0xc, 0xf6, 0x16, 0x60, 0xe, 0xf2, 0x0, 0x0,
    0x9, 0xfd, 0x40, 0x0, 0x0, 0x9f, 0xfb, 0x10,
    0x0, 0x3, 0xcf, 0xe0, 0x0, 0x0, 0xd, 0xf3,
    0xb, 0x84, 0x6f, 0xf2, 0x1b, 0xff, 0xff, 0x80,
    0x0, 0x3b, 0xe2, 0x0, 0x0, 0x8, 0xd0, 0x0,

    /* U+0025 "%" */
    0x7, 0xee, 0x60, 0x0, 0x5d, 0x0, 0x0, 0x3f,
    0x78, 0xf2, 0x0, 0xd4, 0x0, 0x0, 0x7f, 0x0,
    0xf6, 0x7, 0xb0, 0x0, 0x0, 0x7e, 0x0, 0xf6,
    0x1e, 0x4a, 0xea, 0x10, 0x4f, 0x45, 0xf3, 0x99,
    0x9d, 0x4d, 0x90, 0x9, 0xff, 0x82, 0xf1, 0xe8,
    0x8, 0xe0, 0x0, 0x11, 0xb, 0x70, 0xf7, 0x7,
    0xf0, 0x0, 0x0, 0x4e, 0x0, 0xe8, 0x8, 0xe0,
    0x0, 0x0, 0xd5, 0x0, 0x9d, 0x3d, 0x90, 0x0,
    0x6, 0xc0, 0x0, 0x1b, 0xfb, 0x10,

    /* U+0026 "&" */
    0x0, 0x4d, 0xfc, 0x20, 0x0, 0x0, 0x1f, 0xe7,
    0xfb, 0x0, 0x0, 0x3, 0xf8, 0xe, 0xb0, 0x0,
    0x0, 0x1f, 0xb8, 0xf4, 0x0, 0x0, 0x0, 0xdf,
    0xe3, 0x0, 0x98, 0x0, 0xcf, 0xff, 0x50, 0x7f,
    0x80, 0x6f, 0xa2, 0xdf, 0x8e, 0xe1, 0x8, 0xf9,
    0x1, 0xdf, 0xf8, 0x0, 0x3f, 0xfb, 0xbf, 0xff,
    0xfc, 0x0, 0x4c, 0xfe, 0xb3, 0x3a, 0xa0,

    /* U+0027 "'" */
    0xcf, 0x4b, 0xf4, 0xaf, 0x28, 0xf0, 0x5d, 0x0,

    /* U+0028 "(" */
    0x0, 0x61, 0x3, 0xf5, 0xa, 0xe0, 0x2f, 0x80,
    0x6f, 0x30, 0xaf, 0x10, 0xbf, 0x0, 0xce, 0x0,
    0xbf, 0x0, 0xaf, 0x10, 0x7f, 0x30, 0x3f, 0x70,
    0xc, 0xd0, 0x5, 0xf4, 0x0, 0x93,

    /* U+0029 ")" */
    0x6, 0x10, 0x1, 0xf8, 0x0, 0xa, 0xe0, 0x0,
    0x3f, 0x60, 0x0, 0xfb, 0x0, 0xd, 0xe0, 0x0,
    0xbf, 0x0, 0x9, 0xf1, 0x0, 0xaf, 0x0, 0xc,
    0xf0, 0x0, 0xec, 0x0, 0x2f, 0x80, 0x8, 0xf1,
    0x0, 0xe9, 0x0, 0x19, 0x20, 0x0,

    /* U+002A "*" */
    0x0, 0xf, 0x20, 0x0, 0x75, 0xf6, 0x61, 0x1d,
    0xff, 0xfd, 0x20, 0xd, 0xfe, 0x0, 0x5, 0xf5,
    0xe7, 0x0, 0x2, 0x2, 0x0,

    /* U+002B "+" */
    0x0, 0x4, 0x50, 0x0, 0x0, 0xa, 0xe0, 0x0,
    0x0, 0xa, 0xe0, 0x0, 0x12, 0x2b, 0xe2, 0x21,
    0x7f, 0xff, 0xff, 0xfb, 0x25, 0x5c, 0xe5, 0x53,
    0x0, 0xa, 0xe0, 0x0, 0x0, 0xa, 0xe0, 0x0,

    /* U+002C "," */
    0x1, 0x50, 0xd, 0xf8, 0x9, 0xfc, 0x0, 0xca,
    0x9, 0xf3, 0x1d, 0x40, 0x0, 0x0,

    /* U+002D "-" */
    0x2, 0x22, 0x14, 0xff, 0xf8, 0x15, 0x55, 0x20,

    /* U+002E "." */
    0x48, 0x1e, 0xf7, 0x8e, 0x30,

    /* U+002F "/" */
    0x0, 0x7, 0xe0, 0x0, 0xa, 0xa0, 0x0, 0xe,
    0x60, 0x0, 0x2f, 0x20, 0x0, 0x6e, 0x0, 0x0,
    0xaa, 0x0, 0x0, 0xe6, 0x0, 0x2, 0xf2, 0x0,
    0x6, 0xe0, 0x0, 0xa, 0xa0, 0x0, 0xe, 0x60,
    0x0, 0x2f, 0x20, 0x0, 0x6e, 0x0, 0x0, 0xaa,
    0x0, 0x0,

    /* U+0030 "0" */
    0x0, 0x8d, 0xea, 0x10, 0x8, 0xfc, 0xbf, 0xc0,
    0xf, 0xe0, 0xb, 0xf3, 0x3f, 0xa0, 0x6, 0xf7,
    0x5f, 0x90, 0x5, 0xf9, 0x5f, 0x90, 0x5, 0xf9,
    0x3f, 0xb0, 0x7, 0xf7, 0xe, 0xe0, 0xb, 0xf3,
    0x8, 0xfd, 0xbf, 0xc0, 0x0, 0x7d, 0xea, 0x0,

    /* U+0031 "1" */
    0x16, 0xcf, 0x60, 0x7, 0xff, 0xf6, 0x0, 0x0,
    0xaf, 0x60, 0x0, 0x9, 0xf6, 0x0, 0x0, 0x9f,
    0x60, 0x0, 0x9, 0xf6, 0x0, 0x0, 0x9f, 0x60,
    0x0, 0x9, 0xf6, 0x0, 0x9a, 0xdf, 0xda, 0x4d,
    0xff, 0xff, 0xf5,

    /* U+0032 "2" */
    0x3, 0xbe, 0xe9, 0x0, 0x2f, 0xeb, 0xff, 0xa0,
    0x5, 0x10, 0x2f, 0xf0, 0x0, 0x0, 0xf, 0xf0,
    0x0, 0x0, 0x5f, 0xa0, 0x0, 0x1, 0xef, 0x20,
    0x0, 0x1d, 0xf5, 0x0, 0x1, 0xdf, 0x60, 0x0,
    0x2e, 0xfd, 0xab, 0xb6, 0x6f, 0xff, 0xff, 0xf8,

    /* U+0033 "3" */
    0x4, 0xbe, 0xea, 0x20, 0x1e, 0xea, 0xdf, 0xd0,
    0x1, 0x0, 0x1f, 0xf1, 0x0, 0x13, 0x8f, 0xb0,
    0x0, 0x6f, 0xfc, 0x0, 0x0, 0x26, 0xaf, 0xc0,
    0x0, 0x0, 0xb, 0xf5, 0x7, 0x0, 0xd, 0xf5,
    0x6f, 0xeb, 0xef, 0xe1, 0x6, 0xbe, 0xea, 0x20,

    /* U+0034 "4" */
    0x0, 0x2, 0xff, 0xa0, 0x0, 0xc, 0xff, 0xa0,
    0x0, 0x6f, 0x9f, 0xa0, 0x1, 0xfd, 0x4f, 0xa0,
    0xa, 0xf4, 0x4f, 0xa0, 0x4f, 0x90, 0x4f, 0xa0,
    0xbf, 0xff, 0xff, 0xfd, 0x68, 0x88, 0xaf, 0xd7,
    0x0, 0x0, 0x4f, 0xa0, 0x0, 0x0, 0x4f, 0xa0,

    /* U+0035 "5" */
    0x9, 0xff, 0xff, 0xf0, 0xa, 0xfc, 0xbb, 0xb0,
    0xb, 0xf2, 0x10, 0x0, 0xc, 0xff, 0xfe, 0x40,
    0x6, 0xa5, 0x8f, 0xf1, 0x0, 0x0, 0xd, 0xf5,
    0x0, 0x0, 0x9, 0xf6, 0x8, 0x0, 0xd, 0xf3,
    0x6f, 0xeb, 0xef, 0xb0, 0x5, 0xbe, 0xe9, 0x0,

    /* U+0036 "6" */
    0x0, 0x3c, 0xfd, 0x80, 0x3, 0xff, 0xbc, 0xe2,
    0xc, 0xf2, 0x0, 0x0, 0x1f, 0xcb, 0xff, 0x70,
    0x3f, 0xfa, 0x6e, 0xf4, 0x3f, 0xc0, 0x5, 0xf8,
    0x1f, 0xc0, 0x3, 0xf9, 0xd, 0xf2, 0x7, 0xf7,
    0x5, 0xfe, 0x9f, 0xe1, 0x0, 0x5d, 0xfc, 0x20,

    /* U+0037 "7" */
    0x4f, 0xff, 0xff, 0xf9, 0x3b, 0xbb, 0xbe, 0xf6,
    0x0, 0x0, 0x2f, 0xb0, 0x0, 0x0, 0xcf, 0x10,
    0x0, 0x3, 0xf9, 0x0, 0x0, 0xa, 0xf4, 0x0,
    0x0, 0xe, 0xf0, 0x0, 0x0, 0x2f, 0xd0, 0x0,
    0x0, 0x4f, 0xc0, 0x0, 0x0, 0x5f, 0xb0, 0x0,

    /* U+0038 "8" */
    0x0, 0x9e, 0xfb, 0x20, 0xa, 0xfb, 0x9f, 0xe0,
    0xe, 0xf0, 0x9, 0xf2, 0xa, 0xf3, 0x9, 0xe0,
    0x1, 0xdf, 0x9f, 0x30, 0x5, 0xf9, 0xef, 0xa0,
    0x2f, 0x90, 0xa, 0xf6, 0x4f, 0x80, 0x6, 0xf8,
    0x1e, 0xfa, 0x8e, 0xf4, 0x2, 0xae, 0xfc, 0x40,

    /* U+0039 "9" */
    0x2, 0xbe, 0xd8, 0x0, 0xd, 0xfb, 0xcf, 0x90,
    0x4f, 0xb0, 0xc, 0xf2, 0x6f, 0x80, 0x7, 0xf5,
    0x3f, 0xe4, 0x4e, 0xf7, 0x8, 0xff, 0xfb, 0xf7,
    0x0, 0x24, 0x18, 0xf4, 0x1, 0x0, 0x1e, 0xf1,
    0xd, 0xeb, 0xef, 0x70, 0x5, 0xcf, 0xc5, 0x0,

    /* U+003A ":" */
    0x8e, 0x3e, 0xf7, 0x48, 0x10, 0x0, 0x0, 0x4,
    0x81, 0xef, 0x78, 0xe3,

    /* U+003B ";" */
    0x8, 0xe3, 0xe, 0xf7, 0x4, 0x81, 0x0, 0x0,
    0x0, 0x0, 0x1, 0x50, 0xd, 0xf8, 0x9, 0xfc,
    0x0, 0xca, 0x9, 0xf3, 0x1d, 0x40, 0x0, 0x0,

    /* U+003C "<" */
    0x0, 0x0, 0x0, 0x47, 0x0, 0x2, 0x8e, 0xfb,
    0x5, 0xbf, 0xfb, 0x50, 0x7f, 0xe6, 0x10, 0x0,
    0x4d, 0xfe, 0x93, 0x0, 0x0, 0x39, 0xff, 0xd6,
    0x0, 0x0, 0x6, 0xcb, 0x0, 0x0, 0x0, 0x1,

    /* U+003D "=" */
    0x7f, 0xff, 0xff, 0xfb, 0x37, 0x77, 0x77, 0x75,
    0x0, 0x0, 0x0, 0x0, 0x12, 0x22, 0x22, 0x21,
    0x7f, 0xff, 0xff, 0xfb, 0x25, 0x55, 0x55, 0x53,

    /* U+003E ">" */
    0x46, 0x0, 0x0, 0x0, 0x7f, 0xf9, 0x30, 0x0,
    0x4, 0x9e, 0xfd, 0x71, 0x0, 0x0, 0x5d, 0xfb,
    0x0, 0x27, 0xdf, 0xe7, 0x3c, 0xff, 0xb5, 0x0,
    0x7d, 0x71, 0x0, 0x0, 0x10, 0x0, 0x0, 0x0,

    /* U+003F "?" */
    0x4, 0xbf, 0xd7, 0x1, 0xfd, 0xbf, 0xf4, 0x1,
    0x0, 0x9f, 0x60, 0x0, 0x1e, 0xf1, 0x0, 0xc,
    0xf4, 0x0, 0x5, 0xf8, 0x0, 0x0, 0x37, 0x20,
    0x0, 0x3, 0x81, 0x0, 0x0, 0xcf, 0x80, 0x0,
    0x7, 0xe4, 0x0,

    /* U+0040 "@" */
    0x0, 0x0, 0x29, 0xdf, 0xda, 0x40, 0x0, 0x0,
    0x6, 0xfc, 0x74, 0x6a, 0xf9, 0x0, 0x0, 0x7f,
    0x70, 0x0, 0x0, 0x4f, 0x50, 0x2, 0xf7, 0x0,
    0x0, 0x0, 0x9, 0xe0, 0xb, 0xd0, 0x4, 0xce,
    0xbd, 0x3, 0xf1, 0xf, 0x80, 0x3f, 0x94, 0xfa,
    0x0, 0xf3, 0x2f, 0x50, 0xbe, 0x0, 0xf7, 0x1,
    0xf2, 0x2f, 0x30, 0xea, 0x3, 0xf4, 0x5, 0xf0,
    0xf, 0x60, 0xdd, 0x1a, 0xf6, 0x2d, 0x70, 0xd,
    0xb0, 0x5f, 0xf8, 0xaf, 0xf8, 0x0, 0x5, 0xf6,
    0x0, 0x0, 0x1, 0x0, 0x0, 0x0, 0x9f, 0xa4,
    0x11, 0x43, 0x0, 0x0, 0x0, 0x5, 0xdf, 0xff,
    0xe6, 0x0, 0x0, 0x0, 0x0, 0x0, 0x32, 0x0,
    0x0, 0x0,

    /* U+0041 "A" */
    0x0, 0x0, 0xef, 0xe0, 0x0, 0x0, 0x0, 0x3f,
    0xef, 0x30, 0x0, 0x0, 0x9, 0xf6, 0xf8, 0x0,
    0x0, 0x0, 0xee, 0xf, 0xd0, 0x0, 0x0, 0x3f,
    0xa0, 0xbf, 0x30, 0x0, 0x9, 0xf5, 0x7, 0xf8,
    0x0, 0x0, 0xef, 0xff, 0xff, 0xd0, 0x0, 0x3f,
    0xe9, 0x99, 0xef, 0x30, 0x9, 0xf7, 0x0, 0x9,
    0xf8, 0x0, 0xef, 0x30, 0x0, 0x4f, 0xd0,

    /* U+0042 "B" */
    0xbf, 0xff, 0xec, 0x50, 0xbf, 0xb9, 0xcf, 0xf3,
    0xbf, 0x50, 0xb, 0xf6, 0xbf, 0x50, 0x2e, 0xf2,
    0xbf, 0xff, 0xff, 0x60, 0xbf, 0xa8, 0x9e, 0xf6,
    0xbf, 0x50, 0x2, 0xfe, 0xbf, 0x50, 0x3, 0xfd,
    0xbf, 0xb9, 0xaf, 0xf7, 0xbf, 0xff, 0xfc, 0x60,

    /* U+0043 "C" */
    0x0, 0x7, 0xcf, 0xc7, 0x0, 0xd, 0xff, 0xde,
    0xf5, 0x9, 0xfc, 0x10, 0x4, 0x0, 0xff, 0x30,
    0x0, 0x0, 0x2f, 0xf0, 0x0, 0x0, 0x2, 0xff,
    0x0, 0x0, 0x0, 0xf, 0xf3, 0x0, 0x0, 0x0,
    0xaf, 0xc1, 0x0, 0x60, 0x1, 0xef, 0xfd, 0xef,
    0x80, 0x0, 0x8d, 0xfc, 0x70,

    /* U+0044 "D" */
    0xbf, 0xff, 0xc8, 0x10, 0xb, 0xfc, 0xbe, 0xfe,
    0x10, 0xbf, 0x50, 0xb, 0xfb, 0xb, 0xf5, 0x0,
    0x2f, 0xf0, 0xbf, 0x50, 0x0, 0xff, 0x2b, 0xf5,
    0x0, 0xf, 0xf2, 0xbf, 0x50, 0x2, 0xff, 0xb,
    0xf5, 0x1, 0xbf, 0xa0, 0xbf, 0xcb, 0xff, 0xe1,
    0xb, 0xff, 0xfc, 0x80, 0x0,

    /* U+0045 "E" */
    0xbf, 0xff, 0xff, 0x9b, 0xfd, 0xbb, 0xb7, 0xbf,
    0x50, 0x0, 0xb, 0xf5, 0x0, 0x0, 0xbf, 0xff,
    0xff, 0xb, 0xfd, 0xbb, 0xb0, 0xbf, 0x50, 0x0,
    0xb, 0xf5, 0x0, 0x0, 0xbf, 0xdb, 0xbb, 0x9b,
    0xff, 0xff, 0xfc,

    /* U+0046 "F" */
    0xbf, 0xff, 0xff, 0xab, 0xfd, 0xbb, 0xb7, 0xbf,
    0x50, 0x0, 0xb, 0xf5, 0x0, 0x0, 0xbf, 0xff,
    0xff, 0xb, 0xfd, 0xbb, 0xb0, 0xbf, 0x50, 0x0,
    0xb, 0xf5, 0x0, 0x0, 0xbf, 0x50, 0x0, 0xb,
    0xf5, 0x0, 0x0,

    /* U+0047 "G" */
    0x0, 0x7, 0xcf, 0xd9, 0x10, 0x0, 0xdf, 0xfd,
    0xdf, 0x90, 0x9, 0xfc, 0x10, 0x2, 0x0, 0xf,
    0xf3, 0x0, 0x0, 0x0, 0x2f, 0xf0, 0x9, 0xff,
    0xf1, 0x2f, 0xf0, 0x6, 0xae, 0xf1, 0xf, 0xf3,
    0x0, 0xc, 0xf1, 0xa, 0xfc, 0x10, 0xc, 0xf1,
    0x1, 0xdf, 0xfd, 0xef, 0xf1, 0x0, 0x8, 0xcf,
    0xda, 0x20,

    /* U+0048 "H" */
    0xbf, 0x50, 0x0, 0xbf, 0x5b, 0xf5, 0x0, 0xb,
    0xf5, 0xbf, 0x50, 0x0, 0xbf, 0x5b, 0xf5, 0x0,
    0xb, 0xf5, 0xbf, 0xff, 0xff, 0xff, 0x5b, 0xfd,
    0xcc, 0xcf, 0xf5, 0xbf, 0x50, 0x0, 0xbf, 0x5b,
    0xf5, 0x0, 0xb, 0xf5, 0xbf, 0x50, 0x0, 0xbf,
    0x5b, 0xf5, 0x0, 0xb, 0xf5,

    /* U+0049 "I" */
    0xbf, 0x5b, 0xf5, 0xbf, 0x5b, 0xf5, 0xbf, 0x5b,
    0xf5, 0xbf, 0x5b, 0xf5, 0xbf, 0x5b, 0xf5,

    /* U+004A "J" */
    0x0, 0x0, 0x5f, 0xb0, 0x0, 0x5, 0xfb, 0x0,
    0x0, 0x5f, 0xb0, 0x0, 0x5, 0xfb, 0x0, 0x0,
    0x5f, 0xb0, 0x0, 0x5, 0xfb, 0x0, 0x0, 0x5f,
    0xb0, 0x70, 0x9, 0xf9, 0x5f, 0xfe, 0xff, 0x30,
    0x6c, 0xfc, 0x40,

    /* U+004B "K" */
    0xbf, 0x50, 0x9, 0xfa, 0xb, 0xf5, 0x5, 0xfd,
    0x0, 0xbf, 0x53, 0xff, 0x20, 0xb, 0xf6, 0xdf,
    0x40, 0x0, 0xbf, 0xff, 0xf4, 0x0, 0xb, 0xff,
    0xdf, 0xd0, 0x0, 0xbf, 0xd0, 0xbf, 0x80, 0xb,
    0xf5, 0x2, 0xff, 0x20, 0xbf, 0x50, 0x8, 0xfb,
    0xb, 0xf5, 0x0, 0xd, 0xf5,

    /* U+004C "L" */
    0xbf, 0x50, 0x0, 0xb, 0xf5, 0x0, 0x0, 0xbf,
    0x50, 0x0, 0xb, 0xf5, 0x0, 0x0, 0xbf, 0x50,
    0x0, 0xb, 0xf5, 0x0, 0x0, 0xbf, 0x50, 0x0,
    0xb, 0xf5, 0x0, 0x0, 0xbf, 0xdb, 0xbb, 0x6b,
    0xff, 0xff, 0xf8,

    /* U+004D "M" */
    0xbf, 0xb0, 0x0, 0xc, 0xfa, 0xbf, 0xf2, 0x0,
    0x2f, 0xfa, 0xbf, 0xf8, 0x0, 0x8e, 0xfa, 0xbf,
    0xbd, 0x0, 0xea, 0xfa, 0xbf, 0x7f, 0x44, 0xf6,
    0xfa, 0xbf, 0x2f, 0x99, 0xe3, 0xfa, 0xbf, 0x2a,
    0xee, 0x83, 0xfa, 0xbf, 0x24, 0xff, 0x23, 0xfa,
    0xbf, 0x20, 0xdc, 0x3, 0xfa, 0xbf, 0x20, 0x0,
    0x3, 0xfa,

    /* U+004E "N" */
    0xbf, 0xa0, 0x0, 0xcf, 0x3b, 0xff, 0x30, 0xc,
    0xf3, 0xbf, 0xec, 0x0, 0xcf, 0x3b, 0xf8, 0xf5,
    0xc, 0xf3, 0xbf, 0x2e, 0xe0, 0xbf, 0x3b, 0xf3,
    0x6f, 0x7a, 0xf3, 0xbf, 0x30, 0xde, 0x9f, 0x3b,
    0xf3, 0x4, 0xfe, 0xf3, 0xbf, 0x30, 0xc, 0xff,
    0x3b, 0xf3, 0x0, 0x3f, 0xf3,

    /* U+004F "O" */
    0x0, 0x19, 0xdf, 0xc7, 0x0, 0x0, 0x1e, 0xff,
    0xdf, 0xfc, 0x0, 0xb, 0xfb, 0x0, 0x1d, 0xf7,
    0x0, 0xff, 0x20, 0x0, 0x5f, 0xc0, 0x2f, 0xf0,
    0x0, 0x2, 0xff, 0x2, 0xff, 0x0, 0x0, 0x2f,
    0xf0, 0xf, 0xf2, 0x0, 0x6, 0xfc, 0x0, 0xaf,
    0xb0, 0x2, 0xef, 0x60, 0x1, 0xef, 0xfd, 0xff,
    0xc0, 0x0, 0x1, 0x9d, 0xfc, 0x70, 0x0,

    /* U+0050 "P" */
    0xbf, 0xff, 0xeb, 0x40, 0xbf, 0xca, 0xcf, 0xf3,
    0xbf, 0x50, 0x8, 0xf9, 0xbf, 0x50, 0x5, 0xfa,
    0xbf, 0x50, 0x2c, 0xf7, 0xbf, 0xff, 0xff, 0xc0,
    0xbf, 0xc9, 0x84, 0x0, 0xbf, 0x50, 0x0, 0x0,
    0xbf, 0x50, 0x0, 0x0, 0xbf, 0x50, 0x0, 0x0,

    /* U+0051 "Q" */
    0x0, 0x19, 0xdf, 0xc7, 0x0, 0x0, 0x1e, 0xff,
    0xdf, 0xfc, 0x0, 0xa, 0xfb, 0x0, 0x2e, 0xf6,
    0x0, 0xff, 0x20, 0x0, 0x6f, 0xc0, 0x2f, 0xf0,
    0x0, 0x2, 0xfe, 0x3, 0xfe, 0x0, 0x0, 0x2f,
    0xf0, 0x1f, 0xf0, 0x0, 0x4, 0xfd, 0x0, 0xdf,
    0x60, 0x0, 0xaf, 0x90, 0x4, 0xff, 0x74, 0x9f,
    0xf2, 0x0, 0x6, 0xff, 0xff, 0xe3, 0x0, 0x0,
    0x0, 0x9f, 0xe1, 0x0, 0x0, 0x0, 0x0, 0xbf,
    0xfb, 0xb2, 0x0, 0x0, 0x0, 0x7d, 0xfe, 0x40,

    /* U+0052 "R" */
    0xbf, 0xff, 0xec, 0x60, 0xb, 0xfc, 0xac, 0xff,
    0x50, 0xbf, 0x50, 0x6, 0xfb, 0xb, 0xf5, 0x0,
    0x7f, 0xb0, 0xbf, 0xca, 0xdf, 0xf4, 0xb, 0xff,
    0xff, 0xf3, 0x0, 0xbf, 0x50, 0xef, 0x40, 0xb,
    0xf5, 0x6, 0xfc, 0x0, 0xbf, 0x50, 0xd, 0xf5,
    0xb, 0xf5, 0x0, 0x5f, 0xe0,

    /* U+0053 "S" */
    0x0, 0x7d, 0xfd, 0x80, 0x0, 0x8f, 0xfd, 0xef,
    0x90, 0xe, 0xf4, 0x0, 0x50, 0x0, 0xdf, 0xa1,
    0x0, 0x0, 0x3, 0xdf, 0xfa, 0x30, 0x0, 0x0,
    0x7d, 0xff, 0x70, 0x0, 0x0, 0x6, 0xff, 0x10,
    0x74, 0x0, 0x2f, 0xf1, 0x2f, 0xfe, 0xdf, 0xfa,
    0x0, 0x2a, 0xdf, 0xd8, 0x0,

    /* U+0054 "T" */
    0x9f, 0xff, 0xff, 0xff, 0x56, 0xbb, 0xef, 0xdb,
    0xb3, 0x0, 0xa, 0xf6, 0x0, 0x0, 0x0, 0xaf,
    0x60, 0x0, 0x0, 0xa, 0xf6, 0x0, 0x0, 0x0,
    0xaf, 0x60, 0x0, 0x0, 0xa, 0xf6, 0x0, 0x0,
    0x0, 0xaf, 0x60, 0x0, 0x0, 0xa, 0xf6, 0x0,
    0x0, 0x0, 0xaf, 0x60, 0x0,

    /* U+0055 "U" */
    0xcf, 0x40, 0x0, 0xbf, 0x3c, 0xf4, 0x0, 0xb,
    0xf3, 0xcf, 0x40, 0x0, 0xbf, 0x3c, 0xf4, 0x0,
    0xb, 0xf3, 0xcf, 0x40, 0x0, 0xbf, 0x3b, 0xf4,
    0x0, 0xb, 0xf3, 0xaf, 0x60, 0x0, 0xdf, 0x17,
    0xfc, 0x0, 0x4f, 0xe0, 0xe, 0xfe, 0xdf, 0xf7,
    0x0, 0x2a, 0xef, 0xd6, 0x0,

    /* U+0056 "V" */
    0xe, 0xf3, 0x0, 0x8, 0xf9, 0x9, 0xf8, 0x0,
    0xc, 0xf3, 0x4, 0xfc, 0x0, 0x1f, 0xe0, 0x0,
    0xff, 0x0, 0x6f, 0x90, 0x0, 0xaf, 0x40, 0xaf,
    0x40, 0x0, 0x5f, 0x90, 0xee, 0x0, 0x0, 0x1f,
    0xd3, 0xfa, 0x0, 0x0, 0xb, 0xf9, 0xf4, 0x0,
    0x0, 0x6, 0xff, 0xf0, 0x0, 0x0, 0x2, 0xff,
    0xa0, 0x0,

    /* U+0057 "W" */
    0xaf, 0x70, 0x8, 0xf7, 0x0, 0x8f, 0x67, 0xf9,
    0x0, 0xcf, 0xb0, 0xb, 0xf3, 0x3f, 0xc0, 0x1f,
    0xff, 0x0, 0xdf, 0x0, 0xfe, 0x4, 0xfa, 0xf3,
    0xf, 0xd0, 0xd, 0xf1, 0x8f, 0x4f, 0x63, 0xfa,
    0x0, 0xaf, 0x3c, 0xc0, 0xfa, 0x5f, 0x70, 0x7,
    0xf6, 0xf8, 0xc, 0xd8, 0xf4, 0x0, 0x4f, 0xbf,
    0x50, 0x9f, 0xbf, 0x10, 0x1, 0xff, 0xf1, 0x5,
    0xff, 0xd0, 0x0, 0xe, 0xfd, 0x0, 0x1f, 0xfa,
    0x0,

    /* U+0058 "X" */
    0x5f, 0xe0, 0x1, 0xff, 0x20, 0xcf, 0x60, 0x7f,
    0x90, 0x3, 0xfe, 0x1e, 0xf1, 0x0, 0xa, 0xfc,
    0xf7, 0x0, 0x0, 0x2f, 0xfe, 0x0, 0x0, 0x4,
    0xff, 0xe1, 0x0, 0x0, 0xcf, 0x9f, 0x90, 0x0,
    0x6f, 0xa1, 0xff, 0x20, 0xe, 0xf2, 0x8, 0xfb,
    0x8, 0xfa, 0x0, 0xe, 0xf4,

    /* U+0059 "Y" */
    0xd, 0xf5, 0x0, 0x2f, 0xe0, 0x5, 0xfb, 0x0,
    0x9f, 0x70, 0x0, 0xdf, 0x20, 0xfe, 0x0, 0x0,
    0x5f, 0x96, 0xf7, 0x0, 0x0, 0xd, 0xfd, 0xf0,
    0x0, 0x0, 0x6, 0xff, 0x80, 0x0, 0x0, 0x0,
    0xff, 0x10, 0x0, 0x0, 0x0, 0xff, 0x10, 0x0,
    0x0, 0x0, 0xff, 0x10, 0x0, 0x0, 0x0, 0xff,
    0x10, 0x0,

    /* U+005A "Z" */
    0xe, 0xff, 0xff, 0xff, 0x0, 0xab, 0xbb, 0xef,
    0xc0, 0x0, 0x0, 0x2f, 0xf2, 0x0, 0x0, 0xc,
    0xf6, 0x0, 0x0, 0x7, 0xfb, 0x0, 0x0, 0x2,
    0xff, 0x10, 0x0, 0x0, 0xdf, 0x50, 0x0, 0x0,
    0x8f, 0xa0, 0x0, 0x0, 0x3f, 0xfc, 0xbb, 0xbb,
    0x6, 0xff, 0xff, 0xff, 0xf0,

    /* U+005B "[" */
    0x9f, 0xf9, 0x9f, 0x11, 0x9f, 0x0, 0x9f, 0x0,
    0x9f, 0x0, 0x9f, 0x0, 0x9f, 0x0, 0x9f, 0x0,
    0x9f, 0x0, 0x9f, 0x0, 0x9f, 0x0, 0x9f, 0x0,
    0x9f, 0xf9, 0x12, 0x21,

    /* U+005C "\\" */
    0x7d, 0x0, 0x0, 0x3f, 0x10, 0x0, 0xf, 0x50,
    0x0, 0xb, 0x90, 0x0, 0x7, 0xd0, 0x0, 0x3,
    0xf1, 0x0, 0x0, 0xf5, 0x0, 0x0, 0xc9, 0x0,
    0x0, 0x8d, 0x0, 0x0, 0x4f, 0x10, 0x0, 0xf,
    0x50, 0x0, 0xc, 0x90, 0x0, 0x8, 0xd0, 0x0,
    0x4, 0xf1,

    /* U+005D "]" */
    0x5f, 0xfd, 0x1, 0xbd, 0x0, 0xad, 0x0, 0xad,
    0x0, 0xad, 0x0, 0xad, 0x0, 0xad, 0x0, 0xad,
    0x0, 0xad, 0x0, 0xad, 0x0, 0xad, 0x0, 0xad,
    0x5f, 0xfd, 0x2, 0x21,

    /* U+005E "^" */
    0x0, 0xe, 0xf2, 0x0, 0x0, 0x5f, 0xf9, 0x0,
    0x0, 0xbd, 0x9f, 0x0, 0x2, 0xf7, 0x3f, 0x60,
    0x8, 0xf1, 0xd, 0xc0, 0xe, 0xb0, 0x7, 0xf3,

    /* U+005F "_" */
    0xcf, 0xff, 0xff, 0xfb, 0x22, 0x22, 0x22, 0x22,

    /* U+0060 "`" */
    0x3f, 0xf2, 0x0, 0x4f, 0xc0, 0x0, 0x5f, 0x60,

    /* U+0061 "a" */
    0x3, 0xad, 0xfb, 0x20, 0xb, 0xeb, 0xdf, 0xd0,
    0x1, 0x0, 0xe, 0xf2, 0x0, 0x7c, 0xff, 0xf4,
    0xc, 0xf9, 0x4d, 0xf4, 0x3f, 0xc0, 0xd, 0xf4,
    0x2f, 0xfa, 0xdf, 0xf4, 0x6, 0xee, 0x88, 0xf4,

    /* U+0062 "b" */
    0xef, 0x20, 0x0, 0x0, 0xef, 0x20, 0x0, 0x0,
    0xef, 0x20, 0x0, 0x0, 0xef, 0x7d, 0xea, 0x10,
    0xef, 0xfc, 0xef, 0xc0, 0xef, 0x40, 0x1f, 0xf2,
    0xef, 0x20, 0xc, 0xf5, 0xef, 0x20, 0xc, 0xf4,
    0xef, 0x30, 0x2f, 0xf1, 0xef, 0xfb, 0xef, 0x90,
    0xec, 0x6d, 0xe8, 0x0,

    /* U+0063 "c" */
    0x0, 0x5c, 0xfd, 0x50, 0x8f, 0xfb, 0xe6, 0x1f,
    0xf3, 0x0, 0x4, 0xfc, 0x0, 0x0, 0x4f, 0xc0,
    0x0, 0x1, 0xff, 0x30, 0x0, 0x9, 0xff, 0xbd,
    0xa0, 0x7, 0xdf, 0xc5,

    /* U+0064 "d" */
    0x0, 0x0, 0x2, 0xfe, 0x0, 0x0, 0x2, 0xfe,
    0x0, 0x0, 0x2, 0xfe, 0x0, 0x8e, 0xe8, 0xfe,
    0x9, 0xff, 0xbf, 0xfe, 0x1f, 0xf2, 0x3, 0xfe,
    0x4f, 0xd0, 0x2, 0xfe, 0x4f, 0xd0, 0x2, 0xfe,
    0x2f, 0xf2, 0x4, 0xfe, 0xb, 0xfe, 0xbf, 0xfe,
    0x0, 0xae, 0xd6, 0xde,

    /* U+0065 "e" */
    0x0, 0x6d, 0xfc, 0x30, 0x8, 0xfd, 0xaf, 0xf1,
    0x1f, 0xd1, 0x17, 0xf6, 0x4f, 0xff, 0xff, 0xf8,
    0x4f, 0xc4, 0x44, 0x42, 0x1f, 0xf1, 0x0, 0x0,
    0x8, 0xfe, 0xab, 0xe0, 0x0, 0x6d, 0xfd, 0x80,

    /* U+0066 "f" */
    0x0, 0x8e, 0xf7, 0x5, 0xff, 0xa4, 0x8, 0xf8,
    0x0, 0xaf, 0xff, 0xf0, 0x7d, 0xfc, 0x90, 0x8,
    0xf7, 0x0, 0x8, 0xf7, 0x0, 0x8, 0xf7, 0x0,
    0x8, 0xf7, 0x0, 0x8, 0xf7, 0x0, 0x8, 0xf7,
    0x0,

    /* U+0067 "g" */
    0x2, 0xae, 0xff, 0xff, 0x0, 0xdf, 0x67, 0xfd,
    0x80, 0x1f, 0xd0, 0xd, 0xe0, 0x0, 0xef, 0x34,
    0xfd, 0x0, 0x5, 0xff, 0xfd, 0x30, 0x0, 0xcc,
    0x22, 0x0, 0x0, 0xe, 0xfa, 0x99, 0x61, 0x0,
    0x8f, 0xff, 0xff, 0xd0, 0x3f, 0x70, 0x1, 0xff,
    0x14, 0xfd, 0x66, 0xaf, 0xa0, 0x7, 0xdf, 0xec,
    0x60, 0x0,

    /* U+0068 "h" */
    0xef, 0x20, 0x0, 0xe, 0xf2, 0x0, 0x0, 0xef,
    0x20, 0x0, 0xe, 0xf4, 0xbf, 0xc2, 0xef, 0xfd,
    0xff, 0xae, 0xf6, 0x4, 0xfe, 0xef, 0x20, 0x1f,
    0xfe, 0xf2, 0x1, 0xff, 0xef, 0x20, 0x1f, 0xfe,
    0xf2, 0x1, 0xff, 0xef, 0x20, 0x1f, 0xf0,

    /* U+0069 "i" */
    0xb, 0xd1, 0xe, 0xf2, 0x0, 0x10, 0xe, 0xf2,
    0xe, 0xf2, 0xe, 0xf2, 0xe, 0xf2, 0xe, 0xf2,
    0xe, 0xf2, 0xe, 0xf2, 0xe, 0xf2,

    /* U+006A "j" */
    0x0, 0xad, 0x10, 0xe, 0xf2, 0x0, 0x1, 0x0,
    0xd, 0xf2, 0x0, 0xdf, 0x20, 0xd, 0xf2, 0x0,
    0xdf, 0x20, 0xd, 0xf2, 0x0, 0xdf, 0x20, 0xd,
    0xf2, 0x0, 0xdf, 0x20, 0xf, 0xf2, 0x5c, 0xfe,
    0x9, 0xfd, 0x30,

    /* U+006B "k" */
    0xef, 0x20, 0x0, 0x0, 0xef, 0x20, 0x0, 0x0,
    0xef, 0x20, 0x0, 0x0, 0xef, 0x20, 0x8f, 0xb0,
    0xef, 0x25, 0xfd, 0x0, 0xef, 0x4f, 0xe2, 0x0,
    0xef, 0xef, 0xa0, 0x0, 0xef, 0xfe, 0xf3, 0x0,
    0xef, 0x84, 0xfc, 0x0, 0xef, 0x20, 0xbf, 0x60,
    0xef, 0x20, 0x2f, 0xf1,

    /* U+006C "l" */
    0xef, 0x20, 0xef, 0x20, 0xef, 0x20, 0xef, 0x20,
    0xef, 0x20, 0xef, 0x20, 0xef, 0x20, 0xef, 0x20,
    0xef, 0x20, 0xaf, 0xb0, 0x4e, 0xe0,

    /* U+006D "m" */
    0xed, 0x3c, 0xea, 0x6, 0xde, 0x70, 0xef, 0xfd,
    0xff, 0xdf, 0xdf, 0xf2, 0xef, 0x60, 0x6f, 0xe2,
    0xb, 0xf6, 0xef, 0x20, 0x3f, 0xc0, 0x9, 0xf7,
    0xef, 0x20, 0x3f, 0xc0, 0x9, 0xf7, 0xef, 0x20,
    0x3f, 0xc0, 0x9, 0xf7, 0xef, 0x20, 0x3f, 0xc0,
    0x9, 0xf7, 0xef, 0x20, 0x3f, 0xc0, 0x9, 0xf7,

    /* U+006E "n" */
    0xed, 0x3b, 0xfc, 0x2e, 0xff, 0xdf, 0xfa, 0xef,
    0x60, 0x4f, 0xee, 0xf2, 0x1, 0xff, 0xef, 0x20,
    0x1f, 0xfe, 0xf2, 0x1, 0xff, 0xef, 0x20, 0x1f,
    0xfe, 0xf2, 0x1, 0xff,

    /* U+006F "o" */
    0x0, 0x6d, 0xfc, 0x40, 0x0, 0x8f, 0xeb, 0xff,
    0x40, 0x1f, 0xf2, 0x6, 0xfd, 0x4, 0xfd, 0x0,
    0x1f, 0xf0, 0x4f, 0xd0, 0x1, 0xff, 0x1, 0xff,
    0x20, 0x6f, 0xd0, 0x8, 0xfe, 0xbf, 0xf4, 0x0,
    0x7, 0xdf, 0xc4, 0x0,

    /* U+0070 "p" */
    0xed, 0x5c, 0xea, 0x10, 0xef, 0xfc, 0xef, 0xc0,
    0xef, 0x40, 0x1f, 0xf2, 0xef, 0x20, 0xc, 0xf5,
    0xef, 0x20, 0xc, 0xf4, 0xef, 0x30, 0x2f, 0xf1,
    0xef, 0xfb, 0xef, 0x90, 0xef, 0x8e, 0xe8, 0x0,
    0xef, 0x20, 0x0, 0x0, 0xef, 0x20, 0x0, 0x0,
    0xef, 0x20, 0x0, 0x0,

    /* U+0071 "q" */
    0x0, 0x8e, 0xe9, 0xde, 0x9, 0xfd, 0x8d, 0xfe,
    0x1f, 0xf1, 0x2, 0xfe, 0x4f, 0xd0, 0x2, 0xfe,
    0x4f, 0xd0, 0x2, 0xfe, 0x2f, 0xf2, 0x4, 0xfe,
    0xb, 0xfe, 0xbf, 0xfe, 0x0, 0xae, 0xd7, 0xfe,
    0x0, 0x0, 0x2, 0xfe, 0x0, 0x0, 0x2, 0xfe,
    0x0, 0x0, 0x2, 0xfe,

    /* U+0072 "r" */
    0xed, 0x2c, 0xe0, 0xef, 0xdf, 0xb0, 0xef, 0xb0,
    0x0, 0xef, 0x30, 0x0, 0xef, 0x20, 0x0, 0xef,
    0x20, 0x0, 0xef, 0x20, 0x0, 0xef, 0x20, 0x0,

    /* U+0073 "s" */
    0x3, 0xcf, 0xd8, 0x0, 0xff, 0x9a, 0xd1, 0x2f,
    0xe0, 0x0, 0x0, 0xbf, 0xf8, 0x10, 0x0, 0x5c,
    0xff, 0x20, 0x10, 0xa, 0xf6, 0x5f, 0xa9, 0xef,
    0x30, 0x8d, 0xfd, 0x50,

    /* U+0074 "t" */
    0x4, 0xf6, 0x0, 0x6, 0xf6, 0x0, 0xaf, 0xff,
    0xf6, 0x7d, 0xfc, 0x93, 0x9, 0xf6, 0x0, 0x9,
    0xf6, 0x0, 0x9, 0xf6, 0x0, 0x8, 0xf8, 0x0,
    0x5, 0xff, 0xb4, 0x0, 0x9e, 0xe6,

    /* U+0075 "u" */
    0xff, 0x0, 0x3f, 0xdf, 0xf0, 0x3, 0xfd, 0xff,
    0x0, 0x3f, 0xdf, 0xf0, 0x3, 0xfd, 0xff, 0x10,
    0x3f, 0xde, 0xf3, 0x7, 0xfd, 0xbf, 0xfd, 0xef,
    0xd2, 0xcf, 0xb2, 0xed,

    /* U+0076 "v" */
    0xaf, 0x60, 0x4, 0xfb, 0x4f, 0xb0, 0x8, 0xf6,
    0xf, 0xf0, 0xd, 0xf1, 0xa, 0xf4, 0x1f, 0xb0,
    0x4, 0xf8, 0x6f, 0x60, 0x0, 0xec, 0xaf, 0x10,
    0x0, 0xaf, 0xeb, 0x0, 0x0, 0x4f, 0xf6, 0x0,

    /* U+0077 "w" */
    0x7f, 0x80, 0xe, 0xf1, 0x5, 0xf9, 0x3f, 0xc0,
    0x2f, 0xf5, 0x8, 0xf5, 0xf, 0xf0, 0x6e, 0xe9,
    0xc, 0xf1, 0xb, 0xf3, 0xab, 0xbd, 0xf, 0xd0,
    0x7, 0xf6, 0xe8, 0x7f, 0x4f, 0x90, 0x3, 0xfa,
    0xf5, 0x4f, 0xaf, 0x50, 0x0, 0xff, 0xf1, 0xf,
    0xff, 0x10, 0x0, 0xbf, 0xe0, 0xc, 0xfe, 0x0,

    /* U+0078 "x" */
    0x5f, 0xd0, 0xd, 0xf3, 0xb, 0xf6, 0x5f, 0xa0,
    0x2, 0xfe, 0xcf, 0x10, 0x0, 0x8f, 0xf8, 0x0,
    0x0, 0xbf, 0xf7, 0x0, 0x4, 0xfa, 0xef, 0x10,
    0xd, 0xf1, 0x7f, 0xb0, 0x7f, 0x90, 0xd, 0xf5,

    /* U+0079 "y" */
    0x9f, 0x60, 0x4, 0xfa, 0x3f, 0xc0, 0x9, 0xf5,
    0xc, 0xf2, 0xd, 0xf0, 0x6, 0xf7, 0x2f, 0xa0,
    0x0, 0xfc, 0x6f, 0x40, 0x0, 0x9f, 0xce, 0x0,
    0x0, 0x3f, 0xf9, 0x0, 0x0, 0xd, 0xf4, 0x0,
    0x0, 0x1f, 0xd0, 0x0, 0xa, 0xef, 0x50, 0x0,
    0x2f, 0xe7, 0x0, 0x0,

    /* U+007A "z" */
    0xf, 0xff, 0xff, 0xa0, 0x99, 0xaf, 0xf6, 0x0,
    0x7, 0xfb, 0x0, 0x2, 0xff, 0x10, 0x0, 0xcf,
    0x60, 0x0, 0x7f, 0xb0, 0x0, 0x2f, 0xfb, 0x99,
    0x76, 0xff, 0xff, 0xfc,

    /* U+007B "{" */
    0x0, 0xaf, 0x90, 0x3f, 0xa1, 0x4, 0xf6, 0x0,
    0x3f, 0x60, 0x2, 0xf6, 0x0, 0x8f, 0x40, 0x7f,
    0xb0, 0x2, 0xaf, 0x30, 0x2, 0xf6, 0x0, 0x3f,
    0x60, 0x4, 0xf6, 0x0, 0x3f, 0x80, 0x0, 0xcf,
    0x90, 0x0, 0x11,

    /* U+007C "|" */
    0x79, 0x9b, 0x9b, 0x9b, 0x9b, 0x9b, 0x9b, 0x9b,
    0x9b, 0x9b, 0x9b, 0x9b, 0x9b, 0x9b, 0x9b, 0x9b,

    /* U+007D "}" */
    0x5f, 0xd1, 0x0, 0x6f, 0x70, 0x1, 0xf8, 0x0,
    0x2f, 0x80, 0x2, 0xf7, 0x0, 0xf, 0xb0, 0x0,
    0x6f, 0xc0, 0xf, 0xd3, 0x2, 0xf7, 0x0, 0x2f,
    0x70, 0x1, 0xf8, 0x0, 0x4f, 0x70, 0x5f, 0xe2,
    0x0, 0x20, 0x0,

    /* U+007E "~" */
    0x0, 0x0, 0x0, 0x0, 0x9, 0xfe, 0x83, 0x95,
    0x3e, 0x69, 0xff, 0xe2, 0x0, 0x0, 0x14, 0x0,

    /* U+00B7 "·" */
    0x7, 0x70, 0x9f, 0xf9, 0xbf, 0xfb, 0x3e, 0xe3,

    /* U+2026 "…" */
    0x2, 0x0, 0x1, 0x10, 0x0, 0x20, 0xaf, 0x40,
    0xe, 0xe0, 0x4, 0xfa, 0x7e, 0x30, 0xc, 0xc0,
    0x3, 0xe7,

    /* U+25B2 "▲" */
    0x0, 0x0, 0x0, 0x11, 0x0, 0x0, 0x0, 0x0,
    0x0, 0x0, 0x99, 0x0, 0x0, 0x0, 0x0, 0x0,
    0x3, 0xff, 0x30, 0x0, 0x0, 0x0, 0x0, 0xc,
    0xff, 0xc0, 0x0, 0x0, 0x0, 0x0, 0x5f, 0xff,
    0xf5, 0x0, 0x0, 0x0, 0x0, 0xef, 0xff, 0xfe,
    0x0, 0x0, 0x0, 0x8, 0xff, 0xff, 0xff, 0x70,
    0x0, 0x0, 0x1f, 0xff, 0xff, 0xff, 0xf1, 0x0,
    0x0, 0xaf, 0xff, 0xff, 0xff, 0xfa, 0x0, 0x3,
    0xff, 0xff, 0xff, 0xff, 0xff, 0x30, 0xc, 0xff,
    0xff, 0xff, 0xff, 0xff, 0xc0, 0x4d, 0xdd, 0xdd,
    0xdd, 0xdd, 0xdd, 0xd4,

    /* U+25B6 "▶" */
    0x36, 0x0, 0x0, 0x0, 0x0, 0x0, 0x4, 0xfc,
    0x30, 0x0, 0x0, 0x0, 0x0, 0x4f, 0xff, 0xa2,
    0x0, 0x0, 0x0, 0x4, 0xff, 0xff, 0xf8, 0x0,
    0x0, 0x0, 0x4f, 0xff, 0xff, 0xfe, 0x50, 0x0,
    0x4, 0xff, 0xff, 0xff, 0xff, 0xc3, 0x0, 0x4f,
    0xff, 0xff, 0xff, 0xff, 0xf9, 0x4, 0xff, 0xff,
    0xff, 0xff, 0xfa, 0x10, 0x4f, 0xff, 0xff, 0xff,
    0xc3, 0x0, 0x4, 0xff, 0xff, 0xfe, 0x60, 0x0,
    0x0, 0x4f, 0xff, 0xf8, 0x0, 0x0, 0x0, 0x4,
    0xff, 0xa2, 0x0, 0x0, 0x0, 0x0, 0x4d, 0x40,
    0x0, 0x0, 0x0, 0x0, 0x1, 0x0, 0x0, 0x0,
    0x0, 0x0, 0x0,

    /* U+25BC "▼" */
    0x37, 0x77, 0x77, 0x77, 0x77, 0x77, 0x73, 0x1e,
    0xff, 0xff, 0xff, 0xff, 0xff, 0xe1, 0x7, 0xff,
    0xff, 0xff, 0xff, 0xff, 0x70, 0x0, 0xdf, 0xff,
    0xff, 0xff, 0xfd, 0x0, 0x0, 0x4f, 0xff, 0xff,
    0xff, 0xf4, 0x0, 0x0, 0xb, 0xff, 0xff, 0xff,
    0xb0, 0x0, 0x0, 0x2, 0xff, 0xff, 0xff, 0x20,
    0x0, 0x0, 0x0, 0x8f, 0xff, 0xf8, 0x0, 0x0,
    0x0, 0x0, 0xe, 0xff, 0xe0, 0x0, 0x0, 0x0,
    0x0, 0x6, 0xff, 0x60, 0x0, 0x0, 0x0, 0x0,
    0x0, 0xcc, 0x0, 0x0, 0x0, 0x0, 0x0, 0x0,
    0x33, 0x0, 0x0, 0x0,

    /* U+25C0 "◀" */
    0x0, 0x0, 0x0, 0x0, 0x0, 0x6, 0x30, 0x0,
    0x0, 0x0, 0x0, 0x3c, 0xf4, 0x0, 0x0, 0x0,
    0x2, 0xaf, 0xff, 0x40, 0x0, 0x0, 0x8, 0xff,
    0xff, 0xf4, 0x0, 0x0, 0x5e, 0xff, 0xff, 0xff,
    0x40, 0x3, 0xcf, 0xff, 0xff, 0xff, 0xf4, 0x9,
    0xff, 0xff, 0xff, 0xff, 0xff, 0x40, 0x1a, 0xff,
    0xff, 0xff, 0xff, 0xf4, 0x0, 0x3, 0xcf, 0xff,
    0xff, 0xff, 0x40, 0x0, 0x0, 0x6e, 0xff, 0xff,
    0xf4, 0x0, 0x0, 0x0, 0x8, 0xff, 0xff, 0x40,
    0x0, 0x0, 0x0, 0x2, 0xaf, 0xf4, 0x0, 0x0,
    0x0, 0x0, 0x0, 0x4d, 0x40, 0x0, 0x0, 0x0,
    0x0, 0x0, 0x1,

    /* U+25C6 "◆" */
    0x0, 0x0, 0x0, 0x0, 0x0, 0x0, 0x0, 0x0,
    0x0, 0x0, 0xaa, 0x0, 0x0, 0x0, 0x0, 0x0,
    0xa, 0xff, 0xa0, 0x0, 0x0, 0x0, 0x0, 0xaf,
    0xff, 0xfa, 0x0, 0x0, 0x0, 0xa, 0xff, 0xff,
    0xff, 0xa0, 0x0, 0x0, 0xaf, 0xff, 0xff, 0xff,
    0xfa, 0x0, 0xa, 0xff, 0xff, 0xff, 0xff, 0xff,
    0xa0, 0x8f, 0xff, 0xff, 0xff, 0xff, 0xff, 0xf8,
    0x2e, 0xff, 0xff, 0xff, 0xff, 0xff, 0xe2, 0x2,
    0xef, 0xff, 0xff, 0xff, 0xfe, 0x20, 0x0, 0x2e,
    0xff, 0xff, 0xff, 0xe2, 0x0, 0x0, 0x2, 0xef,
    0xff, 0xfe, 0x20, 0x0, 0x0, 0x0, 0x2e, 0xff,
    0xe2, 0x0, 0x0, 0x0, 0x0, 0x2, 0xee, 0x20,
    0x0, 0x0, 0x0, 0x0, 0x0, 0x22, 0x0, 0x0,
    0x0,

    /* U+2605 "★" */
    0x0, 0x0, 0x0, 0x11, 0x0, 0x0, 0x0, 0x0,
    0x0, 0x0, 0x55, 0x0, 0x0, 0x0, 0x0, 0x0,
    0x0, 0xbb, 0x0, 0x0, 0x0, 0x0, 0x0, 0x0,
    0xff, 0x0, 0x0, 0x0, 0x0, 0x0, 0x5, 0xff,
    0x50, 0x0, 0x0, 0x1b, 0xcc, 0xce, 0xff, 0xec,
    0xcc, 0xb1, 0x1, 0xbf, 0xff, 0xff, 0xff, 0xfb,
    0x10, 0x0, 0x7, 0xff, 0xff, 0xff, 0x70, 0x0,
    0x0, 0x0, 0xaf, 0xff, 0xfa, 0x0, 0x0, 0x0,
    0x0, 0xef, 0xff, 0xfe, 0x0, 0x0, 0x0, 0x4,
    0xff, 0x55, 0xff, 0x40, 0x0, 0x0, 0x9, 0xc2,
    0x0, 0x2c, 0x90, 0x0, 0x0, 0x7, 0x0, 0x0,
    0x0, 0x70, 0x0,

    /* U+3001 "、" */
    0x1, 0x10, 0x0, 0x2d, 0xd1, 0x0, 0xb, 0xfe,
    0x10, 0x0, 0xbf, 0xc0, 0x0, 0xb, 0x30,

    /* U+4E00 "一" */
    0x2, 0x22, 0x22, 0x22, 0x22, 0x22, 0x21, 0x3f,
    0xff, 0xff, 0xff, 0xff, 0xff, 0xfb, 0x2a, 0xaa,
    0xaa, 0xaa, 0xaa, 0xaa, 0xa7,

    /* U+4E0A "上" */
    0x0, 0x0, 0x3, 0xf8, 0x0, 0x0, 0x0, 0x0,
    0x0, 0x3, 0xf8, 0x0, 0x0, 0x0, 0x0, 0x0,
    0x3, 0xf8, 0x0, 0x0, 0x0, 0x0, 0x0, 0x3,
    0xf8, 0x0, 0x0, 0x0, 0x0, 0x0, 0x3, 0xfd,
    0xaa, 0xaa, 0x40, 0x0, 0x0, 0x3, 0xff, 0xff,
    0xff, 0x60, 0x0, 0x0, 0x3, 0xf8, 0x0, 0x0,
    0x0, 0x0, 0x0, 0x3, 0xf8, 0x0, 0x0, 0x0,
    0x0, 0x0, 0x3, 0xf8, 0x0, 0x0, 0x0, 0x0,
    0x0, 0x3, 0xf8, 0x0, 0x0, 0x0, 0x0, 0x0,
    0x4, 0xf9, 0x0, 0x0, 0x0, 0x2f, 0xff, 0xff,
    0xff, 0xff, 0xff, 0xf9, 0x1a, 0xaa, 0xaa, 0xaa,
    0xaa, 0xaa, 0xa6,

    /* U+4E0B "下" */
    0x1f, 0xff, 0xff, 0xff, 0xff, 0xff, 0xf7, 0xb,
    0xbb, 0xbb, 0xff, 0xbb, 0xbb, 0xb5, 0x0, 0x0,
    0x0, 0xfc, 0x0, 0x0, 0x0, 0x0, 0x0, 0x0,
    0xfd, 0x30, 0x0, 0x0, 0x0, 0x0, 0x0, 0xff,
    0xfa, 0x20, 0x0, 0x0, 0x0, 0x0, 0xfe, 0xcf,
    0xf8, 0x0, 0x0, 0x0, 0x0, 0xfc, 0x6, 0xff,
    0x90, 0x0, 0x0, 0x0, 0xfc, 0x0, 0x2b, 0x10,
    0x0, 0x0, 0x0, 0xfc, 0x0, 0x0, 0x0, 0x0,
    0x0, 0x0, 0xfc, 0x0, 0x0, 0x0, 0x0, 0x0,
    0x0, 0xfc, 0x0, 0x0, 0x0, 0x0, 0x0, 0x0,
    0xfc, 0x0, 0x0, 0x0,

    /* U+4E0E "与" */
    0x0, 0x2, 0x72, 0x0, 0x0, 0x0, 0x0, 0x0,
    0x7, 0xf4, 0x0, 0x0, 0x0, 0x0, 0x0, 0xa,
    0xff, 0xff, 0xff, 0xff, 0xa0, 0x0, 0xd, 0xe8,
    0x88, 0x88, 0x88, 0x50, 0x0, 0xf, 0xb0, 0x0,
    0x0, 0x0, 0x0, 0x0, 0x4f, 0xd9, 0x99, 0x99,
    0x99, 0x90, 0x0, 0x7f, 0xff, 0xff, 0xff, 0xff,
    0xe0, 0x0, 0x0, 0x0, 0x0, 0x0, 0xe, 0xc0,
    0xa, 0xaa, 0xaa, 0xaa, 0xa6, 0xf, 0xa0, 0x1f,
    0xff, 0xff, 0xff, 0xfa, 0x3f, 0x80, 0x0, 0x0,
    0x0, 0x0, 0x0, 0x8f, 0x50, 0x0, 0x0, 0x0,
    0x2a, 0xaa, 0xff, 0x0, 0x0, 0x0, 0x0, 0xd,
    0xff, 0xd4, 0x0, 0x0, 0x0, 0x0, 0x0, 0x0,
    0x0, 0x0,

    /* U+4E2D "中" */
    0x0, 0x0, 0xe, 0xd0, 0x0, 0x0, 0x0, 0x0,
    0xe, 0xd0, 0x0, 0x0, 0x79, 0x99, 0x9f, 0xf9,
    0x99, 0x96, 0xbf, 0xff, 0xff, 0xff, 0xff, 0xfa,
    0xbe, 0x0, 0xe, 0xd0, 0x2, 0xfa, 0xbe, 0x0,
    0xe, 0xd0, 0x1, 0xfa, 0xbe, 0x0, 0xe, 0xd0,
    0x1, 0xfa, 0xbf, 0xaa, 0xaf, 0xfa, 0xab, 0xfa,
    0xbf, 0xff, 0xff, 0xff, 0xff, 0xfa, 0x57, 0x0,
    0xe, 0xd0, 0x0, 0x64, 0x0, 0x0, 0xe, 0xd0,
    0x0, 0x0, 0x0, 0x0, 0xe, 0xd0, 0x0, 0x0,
    0x0, 0x0, 0xe, 0xd0, 0x0, 0x0,

    /* U+4E3A "为" */
    0x0, 0x45, 0x9, 0xf1, 0x0, 0x0, 0x0, 0xb,
    0xf3, 0x9f, 0x10, 0x0, 0x0, 0x0, 0x2f, 0x7a,
    0xf1, 0x0, 0x0, 0x0, 0x9a, 0xba, 0xdf, 0xaa,
    0xaa, 0xa8, 0xf, 0xff, 0xff, 0xff, 0xff, 0xff,
    0xc0, 0x0, 0x1, 0xfc, 0x0, 0x1, 0xfb, 0x0,
    0x0, 0x3f, 0x95, 0x40, 0x1f, 0xa0, 0x0, 0xa,
    0xf4, 0xde, 0x12, 0xfa, 0x0, 0x3, 0xfd, 0x3,
    0xfa, 0x3f, 0x90, 0x1, 0xdf, 0x40, 0x6, 0x14,
    0xf7, 0x1, 0xcf, 0x90, 0x0, 0x0, 0x8f, 0x51,
    0xef, 0x90, 0x0, 0x3b, 0xbf, 0xf2, 0x5, 0x70,
    0x0, 0x0, 0xef, 0xe7, 0x0, 0x0, 0x0, 0x0,
    0x0, 0x0, 0x0,

    /* U+4E50 "乐" */
    0x0, 0x0, 0x0, 0x2, 0x35, 0x87, 0x0, 0x0,
    0xde, 0xff, 0xff, 0xff, 0xff, 0x20, 0x0, 0xfe,
    0x98, 0x88, 0x63, 0x10, 0x0, 0x2, 0xf9, 0x0,
    0xaf, 0x10, 0x0, 0x0, 0x4, 0xf6, 0x0, 0xaf,
    0x10, 0x0, 0x0, 0xa, 0xfb, 0xaa, 0xef, 0xaa,
    0xaa, 0x90, 0x9, 0xff, 0xff, 0xff, 0xff, 0xff,
    0xe0, 0x1, 0x11, 0x0, 0xaf, 0x10, 0x10, 0x0,
    0x0, 0x7e, 0x40, 0xaf, 0x14, 0xe5, 0x0, 0x3,
    0xfd, 0x0, 0xaf, 0x10, 0xdf, 0x20, 0x2e, 0xf2,
    0x0, 0xaf, 0x10, 0x2f, 0xc0, 0x4e, 0x50, 0x8a,
    0xff, 0x0, 0x8, 0xe2, 0x0, 0x0, 0x7f, 0xe7,
    0x0, 0x0, 0x0, 0x0, 0x0, 0x0, 0x0, 0x0,
    0x0, 0x0,

    /* U+4E60 "习" */
    0x8f, 0xff, 0xff, 0xff, 0xff, 0xfb, 0x59, 0x99,
    0x99, 0x99, 0x9a, 0xfb, 0x0, 0x27, 0x0, 0x0,
    0x0, 0xfa, 0x0, 0x9f, 0xc1, 0x0, 0x1, 0xfa,
    0x0, 0x7, 0xfe, 0x30, 0x1, 0xfa, 0x0, 0x0,
    0x5e, 0x30, 0x1, 0xf9, 0x0, 0x0, 0x0, 0x49,
    0x82, 0xf9, 0x0, 0x4, 0x9e, 0xff, 0x82, 0xf8,
    0x4a, 0xef, 0xfc, 0x61, 0x4, 0xf7, 0x7f, 0xc7,
    0x10, 0x0, 0x6, 0xf5, 0x12, 0x0, 0x0, 0x59,
    0x9e, 0xf1, 0x0, 0x0, 0x0, 0x3f, 0xfe, 0x60,
    0x0, 0x0, 0x0, 0x0, 0x0, 0x0,

    /* U+4E8E "于" */
    0x1, 0xff, 0xff, 0xff, 0xff, 0xff, 0x80, 0x1,
    0xaa, 0xaa, 0xdf, 0xba, 0xaa, 0x50, 0x0, 0x0,
    0x0, 0x8f, 0x30, 0x0, 0x0, 0x0, 0x0, 0x0,
    0x8f, 0x30, 0x0, 0x0, 0x9, 0x99, 0x99, 0xdf,
    0xb9, 0x99, 0x95, 0x1f, 0xff, 0xff, 0xff, 0xff,
    0xff, 0xf8, 0x0, 0x0, 0x0, 0x8f, 0x40, 0x0,
    0x0, 0x0, 0x0, 0x0, 0x8f, 0x30, 0x0, 0x0,
    0x0, 0x0, 0x0, 0x8f, 0x30, 0x0, 0x0, 0x0,
    0x0, 0x0, 0x8f, 0x30, 0x0, 0x0, 0x0, 0x3,
    0xbb, 0xff, 0x20, 0x0, 0x0, 0x0, 0x0, 0xef,
    0xe8, 0x0, 0x0, 0x0, 0x0, 0x0, 0x0, 0x0,
    0x0, 0x0, 0x0,

    /* U+4EAE "亮" */
    0x0, 0x0, 0x0, 0x0, 0x0, 0x0, 0x0, 0x0,
    0x0, 0x1, 0xfb, 0x0, 0x0, 0x0, 0x8f, 0xff,
    0xff, 0xff, 0xff, 0xff, 0xf1, 0x36, 0x66, 0x66,
    0x66, 0x66, 0x66, 0x60, 0x0, 0x6f, 0xff, 0xff,
    0xff, 0xf3, 0x0, 0x0, 0x6f, 0x73, 0x33, 0x39,
    0xf3, 0x0, 0x0, 0x6f, 0xff, 0xff, 0xff, 0xf3,
    0x0, 0x14, 0x56, 0x66, 0x66, 0x66, 0x65, 0x40,
    0x6f, 0xff, 0xff, 0xff, 0xff, 0xff, 0xe0, 0x6f,
    0x40, 0x66, 0x66, 0x65, 0xa, 0xe0, 0x26, 0x23,
    0xff, 0xff, 0xfe, 0x4, 0x60, 0x0, 0x9, 0xf4,
    0x0, 0xde, 0x4, 0x70, 0x27, 0xcf, 0xc0, 0x0,
    0xcf, 0x7b, 0xf0, 0x1f, 0xe8, 0x0, 0x0, 0x6f,
    0xff, 0x90, 0x1, 0x0, 0x0, 0x0, 0x0, 0x0,
    0x0,

    /* U+4EF6 "件" */
    0x0, 0x0, 0x0, 0x0, 0x0, 0x0, 0x0, 0x0,
    0xd, 0xa0, 0x20, 0xce, 0x0, 0x0, 0x0, 0x5f,
    0x85, 0xf5, 0xce, 0x0, 0x0, 0x0, 0xcf, 0x29,
    0xf3, 0xce, 0x0, 0x0, 0x5, 0xfb, 0xe, 0xff,
    0xff, 0xff, 0xd0, 0x1e, 0xf9, 0x5f, 0xc9, 0xef,
    0x99, 0x80, 0x9f, 0xf9, 0x9f, 0x10, 0xce, 0x0,
    0x0, 0x3c, 0xf9, 0x3, 0x0, 0xce, 0x0, 0x0,
    0x0, 0xf9, 0x9f, 0xff, 0xff, 0xff, 0xf8, 0x0,
    0xf9, 0x59, 0x99, 0xef, 0x99, 0x95, 0x0, 0xf9,
    0x0, 0x0, 0xce, 0x0, 0x0, 0x0, 0xf9, 0x0,
    0x0, 0xce, 0x0, 0x0, 0x0, 0xf9, 0x0, 0x0,
    0xce, 0x0, 0x0, 0x0, 0xf9, 0x0, 0x0, 0xce,
    0x0, 0x0,

    /* U+4F4E "低" */
    0x0, 0x9, 0x50, 0x0, 0x2, 0x6b, 0x20, 0x0,
    0x4f, 0x85, 0x9b, 0xef, 0xff, 0x90, 0x0, 0xbf,
    0x1e, 0xfd, 0xaf, 0xa0, 0x0, 0x3, 0xfb, 0xe,
    0x90, 0xf, 0xa0, 0x0, 0xd, 0xfa, 0xe, 0x90,
    0xe, 0xb0, 0x0, 0x8f, 0xfa, 0xe, 0xd9, 0x9f,
    0xe9, 0x92, 0x6d, 0xfa, 0xe, 0xff, 0xff, 0xff,
    0xf4, 0x2, 0xea, 0xe, 0x90, 0x9, 0xf0, 0x0,
    0x0, 0xea, 0xe, 0x90, 0x7, 0xf2, 0x0, 0x0,
    0xea, 0xe, 0x90, 0x45, 0xf5, 0x40, 0x0, 0xea,
    0xf, 0xa3, 0xe7, 0xfb, 0xc8, 0x0, 0xea, 0x3f,
    0xff, 0x9d, 0x9f, 0xf4, 0x0, 0xea, 0x3d, 0x84,
    0x2a, 0x2a, 0xb0, 0x0, 0x0, 0x0, 0x0, 0x0,
    0x0, 0x0,

    /* U+4F4F "住" */
    0x0, 0x6, 0x50, 0x1, 0x75, 0x0, 0x0, 0x0,
    0x1f, 0xe0, 0x0, 0xee, 0x0, 0x0, 0x0, 0x8f,
    0x60, 0x0, 0x8c, 0x20, 0x0, 0x2, 0xfe, 0x1f,
    0xff, 0xff, 0xff, 0xf7, 0xd, 0xfc, 0x8, 0x88,
    0xdf, 0x98, 0x84, 0x8f, 0xfc, 0x0, 0x0, 0xaf,
    0x0, 0x0, 0x3d, 0xfc, 0x0, 0x0, 0xaf, 0x10,
    0x0, 0x1, 0xec, 0x9, 0xff, 0xff, 0xff, 0xf1,
    0x0, 0xec, 0x5, 0x88, 0xdf, 0x98, 0x80, 0x0,
    0xec, 0x0, 0x0, 0xaf, 0x0, 0x0, 0x0, 0xec,
    0x0, 0x0, 0xaf, 0x0, 0x0, 0x0, 0xec, 0x4a,
    0xaa, 0xef, 0xaa, 0xa7, 0x0, 0xec, 0x6f, 0xff,
    0xff, 0xff, 0xfa,

    /* U+4F55 "何" */
    0x0, 0x9, 0x80, 0x0, 0x0, 0x0, 0x0, 0x0,
    0x2f, 0xba, 0xaa, 0xaa, 0xaa, 0xa6, 0x0, 0x9f,
    0x4f, 0xff, 0xff, 0xff, 0xf9, 0x3, 0xfe, 0x0,
    0x0, 0x0, 0xe, 0xb0, 0x1e, 0xfe, 0x7, 0x77,
    0x77, 0xe, 0xb0, 0x7f, 0xfe, 0xe, 0xff, 0xfe,
    0xe, 0xb0, 0xa, 0xce, 0xe, 0xa0, 0x9e, 0xe,
    0xb0, 0x0, 0xbe, 0xe, 0xa0, 0x9e, 0xe, 0xb0,
    0x0, 0xbe, 0xe, 0xff, 0xfe, 0xe, 0xb0, 0x0,
    0xbe, 0xe, 0xd7, 0x77, 0xe, 0xb0, 0x0, 0xbe,
    0x7, 0x50, 0x0, 0xe, 0xb0, 0x0, 0xbe, 0x0,
    0x0, 0x2a, 0xbf, 0xa0, 0x0, 0xbe, 0x0, 0x0,
    0xe, 0xfd, 0x40, 0x0, 0x0, 0x0, 0x0, 0x0,
    0x0, 0x0,

    /* U+4F5C "作" */
    0x0, 0x8, 0x80, 0x9, 0x60, 0x0, 0x0, 0x0,
    0x2f, 0xb0, 0x4f, 0x80, 0x0, 0x0, 0x0, 0xaf,
    0x40, 0xbf, 0xb9, 0x99, 0x96, 0x3, 0xfd, 0x4,
    0xff, 0xff, 0xff, 0xfa, 0x1e, 0xfc, 0x1e, 0xf3,
    0xfa, 0x0, 0x0, 0x8f, 0xfc, 0x8f, 0x71, 0xfd,
    0x88, 0x82, 0x1c, 0xfc, 0x7, 0x1, 0xff, 0xff,
    0xf4, 0x0, 0xec, 0x0, 0x1, 0xfa, 0x0, 0x0,
    0x0, 0xec, 0x0, 0x1, 0xfd, 0x88, 0x84, 0x0,
    0xec, 0x0, 0x1, 0xff, 0xff, 0xf7, 0x0, 0xec,
    0x0, 0x1, 0xfa, 0x0, 0x0, 0x0, 0xec, 0x0,
    0x1, 0xfa, 0x0, 0x0, 0x0, 0xec, 0x0, 0x1,
    0xfa, 0x0, 0x0,

    /* U+4F73 "佳" */
    0x0, 0xb, 0x80, 0x0, 0xec, 0x0, 0x0, 0x0,
    0x4f, 0x85, 0x77, 0xfe, 0x77, 0x50, 0x0, 0xcf,
    0x1b, 0xff, 0xff, 0xff, 0xa0, 0x6, 0xfb, 0x0,
    0x0, 0xec, 0x0, 0x0, 0x3f, 0xfa, 0x38, 0x88,
    0xfe, 0x88, 0x82, 0x8f, 0xfa, 0x5f, 0xff, 0xff,
    0xff, 0xf5, 0x19, 0xfa, 0x0, 0x0, 0x76, 0x0,
    0x0, 0x0, 0xfa, 0x0, 0x0, 0xec, 0x0, 0x0,
    0x0, 0xfa, 0xf, 0xff, 0xff, 0xff, 0xf0, 0x0,
    0xfa, 0x8, 0x88, 0xfe, 0x88, 0x80, 0x0, 0xfa,
    0x0, 0x0, 0xec, 0x0, 0x0, 0x0, 0xfa, 0xcf,
    0xff, 0xff, 0xff, 0xf8, 0x0, 0xfa, 0x8a, 0xaa,
    0xaa, 0xaa, 0xa6,

    /* U+504F "偏" */
    0x0, 0x8, 0x70, 0x2, 0xb3, 0x0, 0x0, 0x0,
    0x3f, 0xa6, 0x67, 0xfc, 0x66, 0x50, 0x0, 0xaf,
    0x3f, 0xff, 0xff, 0xff, 0xe0, 0x5, 0xfb, 0xf,
    0x70, 0x0, 0xb, 0xe0, 0x2f, 0xfa, 0xf, 0xed,
    0xdd, 0xdf, 0xe0, 0xaf, 0xfa, 0xf, 0xb7, 0x77,
    0x77, 0x60, 0x29, 0xfa, 0x1f, 0xff, 0xff, 0xff,
    0xf1, 0x0, 0xfa, 0x2f, 0xda, 0xe7, 0xf8, 0xf1,
    0x0, 0xfa, 0x4f, 0xb8, 0xe4, 0xf5, 0xf1, 0x0,
    0xfa, 0x7f, 0x9f, 0xff, 0xff, 0xf1, 0x0, 0xfa,
    0xbd, 0x89, 0xe5, 0xf6, 0xf1, 0x0, 0xfc, 0xf8,
    0x88, 0xe3, 0xf8, 0xf1, 0x0, 0xfa, 0x83, 0x88,
    0xb2, 0xba, 0xa0, 0x0, 0x0, 0x0, 0x0, 0x0,
    0x0, 0x0,

    /* U+505C "停" */
    0x0, 0x0, 0x0, 0x0, 0x0, 0x0, 0x0, 0x0,
    0xc, 0x40, 0x3, 0xf6, 0x0, 0x0, 0x0, 0x5f,
    0xdf, 0xff, 0xff, 0xff, 0xf2, 0x0, 0xcd, 0x46,
    0x66, 0x66, 0x66, 0x61, 0x5, 0xf8, 0xc, 0xff,
    0xff, 0xff, 0x30, 0x1f, 0xf6, 0xc, 0xc3, 0x33,
    0x8f, 0x30, 0x8f, 0xf6, 0xc, 0xff, 0xff, 0xff,
    0x30, 0x2b, 0xf6, 0x56, 0x66, 0x66, 0x66, 0x61,
    0x1, 0xf6, 0xef, 0xff, 0xff, 0xff, 0xf4, 0x1,
    0xf6, 0xea, 0x44, 0x44, 0x47, 0xf4, 0x1, 0xf6,
    0x29, 0xff, 0xff, 0xfd, 0x20, 0x1, 0xf6, 0x0,
    0x1, 0xf9, 0x0, 0x0, 0x1, 0xf6, 0x0, 0x78,
    0xf9, 0x0, 0x0, 0x1, 0xf6, 0x0, 0xbe, 0xd3,
    0x0, 0x0,

    /* U+5173 "关" */
    0x0, 0x7, 0x70, 0x0, 0x7, 0x92, 0x0, 0x0,
    0xc, 0xf3, 0x0, 0x1f, 0xe1, 0x0, 0x0, 0x3,
    0xf8, 0x0, 0x8f, 0x70, 0x0, 0x3, 0xff, 0xff,
    0xff, 0xff, 0xff, 0x70, 0x2, 0x99, 0x99, 0xff,
    0xa9, 0x99, 0x40, 0x0, 0x0, 0x0, 0xdf, 0x10,
    0x0, 0x0, 0x19, 0x99, 0x99, 0xff, 0xa9, 0x99,
    0x91, 0x2f, 0xff, 0xff, 0xff, 0xff, 0xff, 0xf3,
    0x0, 0x0, 0x8, 0xff, 0xd2, 0x0, 0x0, 0x0,
    0x0, 0x5f, 0xfa, 0xfd, 0x10, 0x0, 0x0, 0x2a,
    0xff, 0x70, 0x8f, 0xe6, 0x0, 0x3c, 0xff, 0xe4,
    0x0, 0x8, 0xff, 0xf5, 0xc, 0xc6, 0x0, 0x0,
    0x0, 0x3a, 0xd0, 0x0, 0x0, 0x0, 0x0, 0x0,
    0x0, 0x0,

    /* U+5185 "内" */
    0x0, 0x0, 0xd, 0xd0, 0x0, 0x0, 0x0, 0x0,
    0xd, 0xd0, 0x0, 0x0, 0x79, 0x99, 0x9f, 0xf9,
    0x99, 0x96, 0xbf, 0xff, 0xff, 0xff, 0xff, 0xfb,
    0xbe, 0x0, 0xe, 0xd0, 0x0, 0xfb, 0xbe, 0x0,
    0x1f, 0xc0, 0x0, 0xfb, 0xbe, 0x0, 0x7f, 0xfa,
    0x0, 0xfb, 0xbe, 0x2, 0xfd, 0x9f, 0xa0, 0xfb,
    0xbe, 0x5e, 0xf3, 0x9, 0xf9, 0xfb, 0xbe, 0xae,
    0x30, 0x0, 0xb6, 0xfb, 0xbe, 0x1, 0x0, 0x0,
    0x0, 0xfb, 0xbe, 0x0, 0x0, 0x1, 0xaa, 0xfa,
    0xbe, 0x0, 0x0, 0x0, 0xef, 0xc3,

    /* U+518D "再" */
    0x3f, 0xff, 0xff, 0xff, 0xff, 0xff, 0xc0, 0x18,
    0x88, 0x89, 0xfc, 0x88, 0x88, 0x60, 0x1, 0x88,
    0x89, 0xfc, 0x88, 0x86, 0x0, 0x2, 0xff, 0xff,
    0xff, 0xff, 0xfc, 0x0, 0x2, 0xf8, 0x12, 0xf9,
    0x11, 0xec, 0x0, 0x2, 0xff, 0xff, 0xff, 0xff,
    0xfc, 0x0, 0x2, 0xfa, 0x56, 0xfb, 0x55, 0xfc,
    0x0, 0x69, 0xfb, 0x89, 0xfc, 0x88, 0xfe, 0x82,
    0xcf, 0xff, 0xff, 0xff, 0xff, 0xff, 0xf5, 0x3,
    0xf7, 0x0, 0x0, 0x0, 0xec, 0x0, 0x2, 0xf7,
    0x0, 0x0, 0x99, 0xfb, 0x0, 0x2, 0xf7, 0x0,
    0x0, 0xcf, 0xd4, 0x0,

    /* U+51B2 "冲" */
    0x0, 0x0, 0x0, 0x1, 0xf9, 0x0, 0x0, 0x2e,
    0x80, 0x0, 0x1, 0xf9, 0x0, 0x0, 0x1d, 0xf9,
    0x59, 0x9a, 0xfd, 0x99, 0x91, 0x1, 0xd8, 0x8f,
    0xff, 0xff, 0xff, 0xf2, 0x0, 0x10, 0x8f, 0x22,
    0xfa, 0x1a, 0xf2, 0x0, 0x0, 0x8f, 0x11, 0xf9,
    0x9, 0xf2, 0x0, 0x41, 0x8f, 0x11, 0xf9, 0x9,
    0xf2, 0x0, 0xed, 0x9f, 0xff, 0xff, 0xff, 0xf2,
    0x7, 0xf7, 0x8f, 0xcc, 0xfe, 0xbe, 0xf2, 0x2f,
    0xe0, 0x12, 0x1, 0xf9, 0x1, 0x10, 0x9f, 0x60,
    0x0, 0x1, 0xf9, 0x0, 0x0, 0x7, 0x0, 0x0,
    0x1, 0xf9, 0x0, 0x0, 0x0, 0x0, 0x0, 0x1,
    0xf9, 0x0, 0x0,

    /* U+51CF "减" */
    0x1, 0x0, 0x0, 0x0, 0xd, 0xac, 0x50, 0x5f,
    0x20, 0x0, 0x0, 0xd, 0x97, 0xd0, 0xf, 0x93,
    0xff, 0xff, 0xff, 0xff, 0xf7, 0xa, 0xe3, 0xfa,
    0x88, 0x8d, 0xd8, 0x84, 0x5, 0xe5, 0xf7, 0x99,
    0x8a, 0xc0, 0x92, 0x0, 0x3, 0xf8, 0xcc, 0xb9,
    0xd5, 0xf2, 0x0, 0x4, 0xf5, 0x55, 0x58, 0xea,
    0xc0, 0x3, 0xb6, 0xf7, 0xff, 0xf7, 0xfe, 0x60,
    0x8, 0xf6, 0xf6, 0xe1, 0xf5, 0xfe, 0x0, 0xd,
    0xa7, 0xf5, 0xf6, 0xf3, 0xf7, 0x20, 0x3f, 0x5b,
    0xc4, 0xfe, 0xfb, 0xfb, 0x98, 0x7f, 0x2f, 0x82,
    0x73, 0xce, 0xbf, 0xf6, 0x1, 0x1b, 0x10, 0x3,
    0xb2, 0xb, 0xd1, 0x0, 0x0, 0x0, 0x0, 0x0,
    0x0, 0x0,

    /* U+51E0 "几" */
    0x0, 0xb, 0xff, 0xff, 0xff, 0xa0, 0x0, 0x0,
    0xb, 0xfa, 0xaa, 0xbf, 0xa0, 0x0, 0x0, 0xb,
    0xf0, 0x0, 0x1f, 0xa0, 0x0, 0x0, 0xb, 0xf0,
    0x0, 0x1f, 0xa0, 0x0, 0x0, 0xc, 0xf0, 0x0,
    0x1f, 0xa0, 0x0, 0x0, 0xc, 0xf0, 0x0, 0x1f,
    0xa0, 0x0, 0x0, 0xe, 0xe0, 0x0, 0x1f, 0xa0,
    0x0, 0x0, 0x2f, 0xa0, 0x0, 0x1f, 0xa0, 0x0,
    0x0, 0x8f, 0x60, 0x0, 0x1f, 0xa0, 0xe6, 0x1,
    0xfe, 0x0, 0x0, 0x1f, 0xa0, 0xf8, 0x2d, 0xf7,
    0x0, 0x0, 0xf, 0xeb, 0xf6, 0x3e, 0x80, 0x0,
    0x0, 0x9, 0xff, 0xc1, 0x1, 0x0, 0x0, 0x0,
    0x0, 0x0, 0x0,

    /* U+5206 "分" */
    0x0, 0x0, 0x75, 0x0, 0x38, 0x0, 0x0, 0x0,
    0x3, 0xfe, 0x0, 0x7f, 0x80, 0x0, 0x0, 0xb,
    0xf6, 0x0, 0xe, 0xf2, 0x0, 0x0, 0x5f, 0xd0,
    0x0, 0x4, 0xfd, 0x10, 0x3, 0xff, 0x20, 0x0,
    0x0, 0x8f, 0xc0, 0x2f, 0xfe, 0xbb, 0xbb, 0xbb,
    0xbf, 0xf7, 0x7, 0x9f, 0xff, 0xff, 0xff, 0xfa,
    0x80, 0x0, 0x0, 0xf, 0xc0, 0x3, 0xf8, 0x0,
    0x0, 0x0, 0x4f, 0x80, 0x4, 0xf7, 0x0, 0x0,
    0x0, 0xcf, 0x20, 0x5, 0xf6, 0x0, 0x0, 0x1b,
    0xf9, 0x0, 0x7, 0xf5, 0x0, 0x8, 0xff, 0xb0,
    0xa, 0xae, 0xf2, 0x0, 0x8, 0xe6, 0x0, 0xb,
    0xfe, 0x80, 0x0, 0x0, 0x0, 0x0, 0x0, 0x0,
    0x0, 0x0,

    /* U+521B "创" */
    0x0, 0x0, 0x20, 0x0, 0x0, 0x0, 0x0, 0x0,
    0x8, 0xf7, 0x0, 0x0, 0x9, 0xf0, 0x0, 0x3f,
    0xff, 0x40, 0x7d, 0x19, 0xf0, 0x3, 0xed, 0x2b,
    0xf4, 0x8f, 0x19, 0xf0, 0x5f, 0xe2, 0x0, 0xbf,
    0xaf, 0x19, 0xf0, 0x2c, 0xff, 0xff, 0xf9, 0x8f,
    0x19, 0xf0, 0x1, 0xfc, 0x79, 0xf6, 0x8f, 0x19,
    0xf0, 0x1, 0xf8, 0x4, 0xf5, 0x8f, 0x19, 0xf0,
    0x1, 0xf9, 0x5a, 0xf2, 0x8f, 0x19, 0xf0, 0x1,
    0xf8, 0xff, 0xa0, 0x5a, 0x9, 0xf0, 0x1, 0xf8,
    0x0, 0x2e, 0x10, 0x9, 0xf0, 0x0, 0xfe, 0xa9,
    0xcf, 0x39, 0x9e, 0xf0, 0x0, 0x6b, 0xcc, 0xc5,
    0xe, 0xfd, 0x70, 0x0, 0x0, 0x0, 0x0, 0x0,
    0x0, 0x0,

    /* U+523A "刺" */
    0x0, 0x1, 0x20, 0x0, 0x0, 0x0, 0x0, 0x2,
    0x28, 0xf3, 0x22, 0x12, 0x8, 0xf1, 0x5f, 0xff,
    0xff, 0xfe, 0x7f, 0x18, 0xf1, 0x15, 0x5a, 0xf6,
    0x55, 0x7f, 0x18, 0xf1, 0xa, 0xac, 0xfb, 0xa8,
    0x7f, 0x18, 0xf1, 0xf, 0xee, 0xfc, 0xec, 0x7f,
    0x18, 0xf1, 0xf, 0x76, 0xf1, 0xac, 0x7f, 0x18,
    0xf1, 0xf, 0x78, 0xf8, 0xfb, 0x7f, 0x18, 0xf1,
    0x4, 0x5f, 0xf7, 0x61, 0x7f, 0x18, 0xf1, 0x1,
    0xdf, 0xff, 0xb2, 0x5b, 0x18, 0xf1, 0x3e, 0xf9,
    0xf6, 0xd9, 0x0, 0x8, 0xf1, 0x5e, 0x36, 0xf1,
    0x0, 0x6, 0xae, 0xf0, 0x1, 0x6, 0xf1, 0x0,
    0x5, 0xfe, 0x80, 0x0, 0x0, 0x0, 0x0, 0x0,
    0x0, 0x0,

    /* U+52A0 "加" */
    0x0, 0xaf, 0x0, 0x0, 0x0, 0x0, 0x0, 0xa,
    0xf0, 0x0, 0x18, 0x88, 0x88, 0x29, 0xdf, 0x99,
    0x93, 0xff, 0xff, 0xe4, 0xff, 0xff, 0xff, 0x3f,
    0x81, 0xce, 0x0, 0xbf, 0xa, 0xf2, 0xf6, 0xb,
    0xe0, 0xb, 0xd0, 0xaf, 0x2f, 0x60, 0xbe, 0x0,
    0xdc, 0xa, 0xf2, 0xf6, 0xb, 0xe0, 0xf, 0xa0,
    0xbe, 0x2f, 0x60, 0xbe, 0x2, 0xf8, 0xb, 0xe2,
    0xf6, 0xb, 0xe0, 0x6f, 0x40, 0xcd, 0x2f, 0x60,
    0xbe, 0xc, 0xf0, 0xe, 0xb2, 0xfc, 0x9e, 0xe6,
    0xf9, 0x8b, 0xf9, 0x2f, 0xff, 0xfe, 0x3e, 0x18,
    0xfd, 0x22, 0xf6, 0xa, 0xd0, 0x10, 0x0, 0x0,
    0x0, 0x0, 0x0,

    /* U+5355 "单" */
    0x0, 0x4, 0xa1, 0x0, 0x5, 0x93, 0x0, 0x0,
    0x4, 0xfb, 0x0, 0xe, 0xf2, 0x0, 0x0, 0x67,
    0xef, 0x87, 0xaf, 0xd7, 0x30, 0x0, 0xdf, 0xdd,
    0xff, 0xed, 0xef, 0x70, 0x0, 0xdd, 0x22, 0xbf,
    0x32, 0x6f, 0x70, 0x0, 0xdf, 0xff, 0xff, 0xff,
    0xff, 0x70, 0x0, 0xdc, 0x11, 0xbf, 0x21, 0x5f,
    0x70, 0x0, 0xdf, 0xee, 0xff, 0xee, 0xff, 0x70,
    0x0, 0x67, 0x77, 0xdf, 0x87, 0x77, 0x30, 0x19,
    0x99, 0x99, 0xdf, 0x99, 0x99, 0x95, 0x1f, 0xff,
    0xff, 0xff, 0xff, 0xff, 0xf9, 0x0, 0x0, 0x0,
    0xaf, 0x0, 0x0, 0x0, 0x0, 0x0, 0x0, 0xaf,
    0x0, 0x0, 0x0,

    /* U+5361 "卡" */
    0x0, 0x0, 0x2, 0xf9, 0x0, 0x0, 0x0, 0x0,
    0x0, 0x2, 0xf9, 0x0, 0x0, 0x0, 0x0, 0x0,
    0x2, 0xff, 0xff, 0xff, 0x0, 0x0, 0x0, 0x2,
    0xfd, 0x88, 0x88, 0x0, 0x0, 0x0, 0x2, 0xf9,
    0x0, 0x0, 0x0, 0x2f, 0xff, 0xff, 0xff, 0xff,
    0xff, 0xf9, 0x1b, 0xbb, 0xbb, 0xfe, 0xbb, 0xbb,
    0xb6, 0x0, 0x0, 0x1, 0xfa, 0x10, 0x0, 0x0,
    0x0, 0x0, 0x1, 0xfe, 0xfc, 0x60, 0x0, 0x0,
    0x0, 0x1, 0xfb, 0x8e, 0xff, 0x80, 0x0, 0x0,
    0x1, 0xfa, 0x0, 0x6d, 0x50, 0x0, 0x0, 0x1,
    0xfa, 0x0, 0x0, 0x0, 0x0, 0x0, 0x1, 0xfa,
    0x0, 0x0, 0x0,

    /* U+539F "原" */
    0x7, 0xff, 0xff, 0xff, 0xff, 0xff, 0xf4, 0x7,
    0xf9, 0x77, 0x9f, 0xd8, 0x77, 0x72, 0x7, 0xf2,
    0xef, 0xff, 0xff, 0xff, 0x10, 0x7, 0xf2, 0xec,
    0x44, 0x44, 0xbf, 0x10, 0x8, 0xf2, 0xed, 0x55,
    0x55, 0xbf, 0x10, 0x9, 0xf2, 0xef, 0xcc, 0xcc,
    0xef, 0x10, 0xa, 0xf0, 0xec, 0x44, 0x44, 0xbf,
    0x10, 0xb, 0xf0, 0xef, 0xff, 0xff, 0xff, 0x10,
    0xe, 0xc0, 0x38, 0x29, 0xf1, 0x94, 0x0, 0x2f,
    0x92, 0xed, 0x19, 0xf1, 0xdf, 0x40, 0x9f, 0x4d,
    0xe5, 0x7d, 0xf0, 0x2e, 0xf2, 0x17, 0x2, 0x21,
    0xfe, 0x90, 0x3, 0x20,

    /* U+53D1 "发" */
    0x0, 0x0, 0x0, 0x0, 0x0, 0x0, 0x0, 0x0,
    0x28, 0x30, 0xec, 0x2, 0xa1, 0x0, 0x0, 0x7f,
    0x51, 0xfd, 0x3, 0xfd, 0x0, 0x0, 0xde, 0x4,
    0xfa, 0x0, 0x59, 0x0, 0x8, 0xff, 0xff, 0xff,
    0xff, 0xff, 0xf3, 0x4, 0xca, 0xaf, 0xfb, 0xaa,
    0xaa, 0xa2, 0x0, 0x0, 0x2f, 0xe0, 0x0, 0x0,
    0x0, 0x0, 0x0, 0x9f, 0xff, 0xff, 0xfe, 0x20,
    0x0, 0x2, 0xff, 0xe9, 0x9a, 0xfd, 0x0, 0x0,
    0xc, 0xfe, 0xf5, 0xc, 0xf6, 0x0, 0x0, 0xcf,
    0xb1, 0xdf, 0xbf, 0xa0, 0x0, 0x3d, 0xfd, 0x10,
    0x6f, 0xff, 0x20, 0x0, 0x3f, 0x92, 0x8e, 0xff,
    0xdf, 0xfa, 0x62, 0x1, 0x5, 0xff, 0x92, 0x4,
    0xcf, 0xf4, 0x0, 0x0, 0x40, 0x0, 0x0, 0x1,
    0x40,

    /* U+53F3 "右" */
    0x0, 0x0, 0xb, 0xc0, 0x0, 0x0, 0x0, 0x0,
    0x0, 0xf, 0xc0, 0x0, 0x0, 0x0, 0x19, 0x99,
    0xaf, 0xd9, 0x99, 0x99, 0x92, 0x3f, 0xff, 0xff,
    0xff, 0xff, 0xff, 0xf3, 0x0, 0x2, 0xfd, 0x0,
    0x0, 0x0, 0x0, 0x0, 0x9, 0xf5, 0x0, 0x0,
    0x0, 0x0, 0x0, 0x2f, 0xf9, 0x99, 0x99, 0x99,
    0x20, 0x1, 0xdf, 0xff, 0xff, 0xff, 0xff, 0x40,
    0x1d, 0xfd, 0xf4, 0x0, 0x0, 0x8f, 0x40, 0x7f,
    0x96, 0xf4, 0x0, 0x0, 0x7f, 0x40, 0x6, 0x6,
    0xf5, 0x0, 0x0, 0x8f, 0x40, 0x0, 0x6, 0xff,
    0xff, 0xff, 0xff, 0x40, 0x0, 0x6, 0xfb, 0x99,
    0x99, 0xbe, 0x30,

    /* U+5408 "合" */
    0x0, 0x0, 0x0, 0x0, 0x0, 0x0, 0x0, 0x0,
    0x0, 0x0, 0x7d, 0x30, 0x0, 0x0, 0x0, 0x0,
    0x6, 0xff, 0x70, 0x0, 0x0, 0x0, 0x0, 0x8f,
    0xdd, 0xfa, 0x0, 0x0, 0x0, 0x4d, 0xfc, 0x10,
    0xaf, 0xd5, 0x0, 0x4c, 0xff, 0xf8, 0x77, 0x8e,
    0xff, 0xe5, 0x4f, 0xcd, 0xff, 0xff, 0xff, 0xa9,
    0xe2, 0x3, 0x0, 0x0, 0x0, 0x0, 0x0, 0x0,
    0x0, 0x58, 0x88, 0x88, 0x88, 0x85, 0x0, 0x0,
    0x9f, 0xff, 0xff, 0xff, 0xfa, 0x0, 0x0, 0x9f,
    0x10, 0x0, 0x1, 0xfa, 0x0, 0x0, 0x9f, 0x10,
    0x0, 0x1, 0xfa, 0x0, 0x0, 0x9f, 0xff, 0xff,
    0xff, 0xfa, 0x0, 0x0, 0x9f, 0xa9, 0x99, 0x9a,
    0xea, 0x0,

    /* U+54C1 "品" */
    0x0, 0x1f, 0xff, 0xff, 0xff, 0xf2, 0x0, 0x0,
    0x1f, 0xb9, 0x99, 0x9d, 0xf2, 0x0, 0x0, 0x1f,
    0x50, 0x0, 0x9, 0xf2, 0x0, 0x0, 0x1f, 0xff,
    0xff, 0xff, 0xf2, 0x0, 0x0, 0x1a, 0xaa, 0xaa,
    0xaa, 0xa1, 0x0, 0x0, 0x0, 0x0, 0x0, 0x0,
    0x0, 0x0, 0xf, 0xff, 0xff, 0x18, 0xff, 0xff,
    0xf0, 0xf, 0xd8, 0xcf, 0x18, 0xf9, 0x8d, 0xf0,
    0xf, 0x90, 0x8f, 0x18, 0xf1, 0x9, 0xf0, 0xf,
    0x90, 0x9f, 0x18, 0xf1, 0xa, 0xf0, 0xf, 0xff,
    0xff, 0x18, 0xff, 0xff, 0xf0, 0xf, 0xd8, 0xbe,
    0x18, 0xf9, 0x8c, 0xe0,

    /* U+5546 "商" */
    0x0, 0x0, 0x0, 0x7b, 0x0, 0x0, 0x0, 0x7,
    0x77, 0x77, 0xcf, 0xa7, 0x77, 0x73, 0x1f, 0xff,
    0xff, 0xff, 0xff, 0xff, 0xf6, 0x0, 0x0, 0xec,
    0x0, 0x5f, 0x70, 0x0, 0x2, 0x66, 0xcd, 0x66,
    0xcf, 0x76, 0x40, 0x6, 0xff, 0xff, 0xff, 0xff,
    0xff, 0xc0, 0x6, 0xf2, 0x3d, 0x60, 0xea, 0x1c,
    0xc0, 0x6, 0xfa, 0xf9, 0x0, 0x4e, 0xee, 0xc0,
    0x6, 0xf6, 0xdf, 0xff, 0xfe, 0x7c, 0xc0, 0x6,
    0xf2, 0x9c, 0x11, 0x8d, 0xc, 0xc0, 0x6, 0xf2,
    0x9f, 0xdd, 0xed, 0xc, 0xc0, 0x6, 0xf2, 0x9d,
    0x44, 0x47, 0x4d, 0xc0, 0x6, 0xf2, 0x1, 0x0,
    0x7, 0xfd, 0x50,

    /* U+56DE "回" */
    0xff, 0xff, 0xff, 0xff, 0xff, 0xff, 0xf, 0xeb,
    0xbb, 0xbb, 0xbb, 0xbf, 0xf0, 0xfb, 0x0, 0x0,
    0x0, 0x0, 0xcf, 0xf, 0xb0, 0xef, 0xff, 0xfc,
    0xc, 0xf0, 0xfb, 0xe, 0xc6, 0x6f, 0xc0, 0xcf,
    0xf, 0xb0, 0xea, 0x0, 0xec, 0xc, 0xf0, 0xfb,
    0xe, 0xb2, 0x2e, 0xc0, 0xcf, 0xf, 0xb0, 0xef,
    0xff, 0xfc, 0xc, 0xf0, 0xfb, 0x4, 0x44, 0x44,
    0x30, 0xcf, 0xf, 0xc0, 0x0, 0x0, 0x0, 0xd,
    0xf0, 0xff, 0xff, 0xff, 0xff, 0xff, 0xff, 0xf,
    0xe8, 0x88, 0x88, 0x88, 0x8e, 0xf0,

    /* U+56F0 "困" */
    0xff, 0xff, 0xff, 0xff, 0xff, 0xff, 0xf, 0xd8,
    0x88, 0xa9, 0x88, 0x8e, 0xf0, 0xfb, 0x0, 0xe,
    0x90, 0x0, 0xbf, 0xf, 0xb5, 0x88, 0xfd, 0x88,
    0x5b, 0xf0, 0xfb, 0xaf, 0xff, 0xff, 0xfa, 0xbf,
    0xf, 0xb0, 0x1e, 0xff, 0x80, 0xb, 0xf0, 0xfb,
    0x1c, 0xdf, 0xef, 0xb0, 0xbf, 0xf, 0xcd, 0xf3,
    0xe9, 0x4f, 0xcb, 0xf0, 0xfb, 0x73, 0xe, 0x90,
    0x34, 0xbf, 0xf, 0xb0, 0x0, 0x96, 0x0, 0xb,
    0xf0, 0xff, 0xff, 0xff, 0xff, 0xff, 0xff, 0xf,
    0xe9, 0x99, 0x99, 0x99, 0x9e, 0xf0,

    /* U+56FA "固" */
    0xff, 0xff, 0xff, 0xff, 0xff, 0xff, 0xfe, 0x88,
    0x8a, 0xa8, 0x88, 0xef, 0xfb, 0x0, 0xc, 0xb0,
    0x0, 0xbf, 0xfb, 0xaf, 0xff, 0xff, 0xfa, 0xbf,
    0xfb, 0x35, 0x5e, 0xd5, 0x53, 0xbf, 0xfb, 0x4,
    0x4d, 0xd4, 0x40, 0xbf, 0xfb, 0xf, 0xff, 0xff,
    0xf1, 0xbf, 0xfb, 0xf, 0x70, 0x7, 0xf1, 0xbf,
    0xfb, 0xf, 0xfe, 0xef, 0xf1, 0xbf, 0xfb, 0x3,
    0x33, 0x33, 0x30, 0xbf, 0xff, 0xff, 0xff, 0xff,
    0xff, 0xff, 0xfe, 0x99, 0x99, 0x99, 0x99, 0xef,

    /* U+5747 "均" */
    0x0, 0x0, 0x0, 0x12, 0x0, 0x0, 0x0, 0x0,
    0xeb, 0x0, 0x7f, 0x50, 0x0, 0x0, 0x0, 0xeb,
    0x0, 0xdf, 0x76, 0x66, 0x61, 0x38, 0xfd, 0x88,
    0xfe, 0xee, 0xef, 0xf3, 0x6f, 0xff, 0xff, 0xd1,
    0x0, 0x7, 0xf3, 0x0, 0xeb, 0x2c, 0x8f, 0x80,
    0x7, 0xf3, 0x0, 0xeb, 0x0, 0x9, 0xf7, 0x8,
    0xf2, 0x0, 0xeb, 0x0, 0x0, 0x71, 0x9, 0xf2,
    0x0, 0xee, 0xc5, 0x15, 0xaf, 0x5a, 0xf1, 0x7f,
    0xff, 0xdc, 0xff, 0xe9, 0x2b, 0xf0, 0x5b, 0x72,
    0x5, 0xa5, 0x0, 0xd, 0xe0, 0x0, 0x0, 0x0,
    0x0, 0x4a, 0xbf, 0xb0, 0x0, 0x0, 0x0, 0x0,
    0x2f, 0xfd, 0x20, 0x0, 0x0, 0x0, 0x0, 0x0,
    0x0, 0x0,

    /* U+589E "增" */
    0x0, 0x0, 0x0, 0x0, 0x0, 0x0, 0x0, 0x0,
    0xda, 0x0, 0x7f, 0x20, 0x6f, 0x50, 0x0, 0xda,
    0x0, 0x3f, 0x60, 0xdd, 0x0, 0x0, 0xda, 0x9,
    0xff, 0xff, 0xff, 0xf2, 0x18, 0xed, 0x89, 0xd9,
    0x7f, 0x59, 0xf2, 0x2f, 0xff, 0xe9, 0xcc, 0x9e,
    0xaa, 0xf2, 0x0, 0xda, 0x9, 0xc6, 0xae, 0x94,
    0xf2, 0x0, 0xda, 0x9, 0xff, 0xff, 0xff, 0xf2,
    0x0, 0xda, 0x1, 0x55, 0x55, 0x55, 0x40, 0x0,
    0xdb, 0x40, 0xef, 0xff, 0xff, 0x90, 0x5, 0xef,
    0xf0, 0xec, 0x66, 0x6f, 0x90, 0x2f, 0xd7, 0x20,
    0xed, 0x99, 0x9f, 0x90, 0x2, 0x0, 0x0, 0xef,
    0xdd, 0xdf, 0x90, 0x0, 0x0, 0x0, 0xec, 0x55,
    0x5f, 0x90,

    /* U+5927 "大" */
    0x0, 0x0, 0x0, 0xfd, 0x0, 0x0, 0x0, 0x0,
    0x0, 0x0, 0xfc, 0x0, 0x0, 0x0, 0x0, 0x0,
    0x0, 0xfc, 0x0, 0x0, 0x0, 0x0, 0x0, 0x1,
    0xfb, 0x0, 0x0, 0x0, 0x3f, 0xff, 0xff, 0xff,
    0xff, 0xff, 0xf3, 0x2a, 0xaa, 0xad, 0xff, 0xca,
    0xaa, 0xa2, 0x0, 0x0, 0xa, 0xff, 0xa0, 0x0,
    0x0, 0x0, 0x0, 0xf, 0xed, 0xf1, 0x0, 0x0,
    0x0, 0x0, 0x8f, 0x86, 0xfb, 0x0, 0x0, 0x0,
    0x4, 0xfe, 0x10, 0xdf, 0x70, 0x0, 0x0, 0x5f,
    0xf5, 0x0, 0x2f, 0xf8, 0x0, 0x1b, 0xff, 0x50,
    0x0, 0x4, 0xff, 0xd3, 0xc, 0xd3, 0x0, 0x0,
    0x0, 0x3c, 0xd1, 0x1, 0x0, 0x0, 0x0, 0x0,
    0x0, 0x10,

    /* U+59CB "始" */
    0x0, 0x0, 0x0, 0x0, 0x0, 0x0, 0x0, 0x3,
    0xf5, 0x0, 0x2, 0xf8, 0x0, 0x0, 0x5, 0xf3,
    0x0, 0x8, 0xf5, 0x0, 0x0, 0x7, 0xf1, 0x0,
    0xe, 0xe0, 0x76, 0x0, 0xbf, 0xff, 0xf3, 0x7f,
    0x60, 0xaf, 0x20, 0x5e, 0xda, 0xf4, 0xfe, 0x45,
    0x8f, 0xc0, 0xf, 0x88, 0xf9, 0xff, 0xff, 0xff,
    0xf3, 0x3f, 0x4b, 0xe2, 0x86, 0x43, 0x11, 0xb2,
    0x7f, 0x6e, 0xa0, 0x78, 0x88, 0x88, 0x50, 0x1b,
    0xff, 0x60, 0xef, 0xff, 0xff, 0x90, 0x0, 0xdf,
    0x90, 0xe9, 0x0, 0xf, 0x90, 0x5, 0xfd, 0xf4,
    0xe9, 0x0, 0xf, 0x90, 0x6f, 0xc0, 0x60, 0xef,
    0xff, 0xff, 0x90, 0x3b, 0x10, 0x0, 0xec, 0x88,
    0x8f, 0x90,

    /* U+5B58 "存" */
    0x0, 0x0, 0xc, 0xa0, 0x0, 0x0, 0x0, 0x2,
    0x22, 0x4f, 0xc2, 0x22, 0x22, 0x21, 0x1f, 0xff,
    0xff, 0xff, 0xff, 0xff, 0xf6, 0x7, 0x78, 0xfd,
    0x77, 0x77, 0x77, 0x73, 0x0, 0xa, 0xf4, 0x67,
    0x77, 0x77, 0x10, 0x0, 0x5f, 0xb0, 0xdf, 0xff,
    0xff, 0x80, 0x5, 0xff, 0x40, 0x0, 0x1a, 0xf7,
    0x0, 0x5f, 0xff, 0x30, 0x0, 0x6f, 0x70, 0x0,
    0x2e, 0xbf, 0x3e, 0xff, 0xff, 0xff, 0xf9, 0x0,
    0x7f, 0x39, 0x99, 0xcf, 0xb9, 0x96, 0x0, 0x7f,
    0x30, 0x0, 0x6f, 0x40, 0x0, 0x0, 0x7f, 0x30,
    0x39, 0xcf, 0x40, 0x0, 0x0, 0x7f, 0x30, 0x2f,
    0xfb, 0x0, 0x0, 0x0, 0x0, 0x0, 0x0, 0x0,
    0x0, 0x0,

    /* U+5B8C "完" */
    0x0, 0x0, 0x0, 0x0, 0x0, 0x0, 0x0, 0x0,
    0x0, 0x0, 0xdd, 0x0, 0x0, 0x0, 0x7, 0x99,
    0x99, 0xef, 0xa9, 0x99, 0x91, 0xd, 0xff, 0xff,
    0xff, 0xff, 0xff, 0xf2, 0xd, 0xd0, 0x0, 0x0,
    0x0, 0x9, 0xf2, 0xd, 0xd7, 0xff, 0xff, 0xff,
    0xb9, 0xf2, 0x0, 0x4, 0x99, 0x99, 0x99, 0x70,
    0x0, 0x0, 0x0, 0x0, 0x0, 0x0, 0x0, 0x0,
    0x1f, 0xff, 0xff, 0xff, 0xff, 0xff, 0xf7, 0x8,
    0x88, 0xdf, 0x88, 0xfd, 0x88, 0x83, 0x0, 0x0,
    0xcf, 0x0, 0xfb, 0x0, 0x0, 0x0, 0x4, 0xfb,
    0x0, 0xfb, 0x0, 0xc7, 0x16, 0xaf, 0xe2, 0x0,
    0xfe, 0x89, 0xf8, 0xd, 0xfa, 0x10, 0x0, 0x8f,
    0xff, 0xd2, 0x1, 0x0, 0x0, 0x0, 0x0, 0x0,
    0x0,

    /* U+5B98 "官" */
    0x0, 0x0, 0x0, 0x8e, 0x20, 0x0, 0x0, 0xb,
    0xbb, 0xbb, 0xef, 0xdb, 0xbb, 0xb5, 0x1f, 0xed,
    0xdd, 0xdd, 0xdd, 0xde, 0xf6, 0x1f, 0xb5, 0x55,
    0x55, 0x55, 0x58, 0xf6, 0x0, 0x4f, 0xff, 0xff,
    0xff, 0xf9, 0x0, 0x0, 0x4f, 0x71, 0x11, 0x12,
    0xf9, 0x0, 0x0, 0x4f, 0xec, 0xcc, 0xcd, 0xf9,
    0x0, 0x0, 0x4f, 0xc9, 0x99, 0x99, 0x96, 0x0,
    0x0, 0x4f, 0xb7, 0x77, 0x77, 0x77, 0x0, 0x0,
    0x4f, 0xff, 0xff, 0xff, 0xff, 0x10, 0x0, 0x4f,
    0x60, 0x0, 0x0, 0x9f, 0x10, 0x0, 0x4f, 0xff,
    0xff, 0xff, 0xff, 0x10, 0x0, 0x4f, 0xb8, 0x88,
    0x88, 0xce, 0x10,

    /* U+5B9A "定" */
    0x0, 0x0, 0x0, 0x0, 0x0, 0x0, 0x0, 0x0,
    0x0, 0x2, 0xea, 0x0, 0x0, 0x0, 0x8, 0x88,
    0x89, 0xff, 0x98, 0x88, 0x80, 0xf, 0xff, 0xff,
    0xff, 0xff, 0xff, 0xf0, 0xf, 0xa0, 0x0, 0x0,
    0x0, 0xb, 0xf0, 0xf, 0x98, 0x99, 0x99, 0x99,
    0x8a, 0xf0, 0x0, 0xe, 0xff, 0xff, 0xff, 0xd0,
    0x0, 0x0, 0x15, 0x20, 0xed, 0x0, 0x0, 0x0,
    0x0, 0x6f, 0x50, 0xee, 0x88, 0x85, 0x0, 0x0,
    0xaf, 0x40, 0xef, 0xff, 0xfa, 0x0, 0x0, 0xdf,
    0xc0, 0xed, 0x0, 0x0, 0x0, 0x4, 0xfd, 0xfc,
    0xfd, 0x0, 0x0, 0x0, 0x2e, 0xf1, 0x8f, 0xff,
    0xba, 0xaa, 0xa4, 0x3e, 0x50, 0x3, 0xad, 0xff,
    0xff, 0xf1, 0x0, 0x0, 0x0, 0x0, 0x0, 0x0,
    0x0,

    /* U+5C0F "小" */
    0x0, 0x0, 0x0, 0xdf, 0x0, 0x0, 0x0, 0x0,
    0x0, 0x0, 0xdf, 0x0, 0x0, 0x0, 0x0, 0x0,
    0x0, 0xdf, 0x0, 0x0, 0x0, 0x0, 0x79, 0x20,
    0xdf, 0x2, 0xa5, 0x0, 0x0, 0xdf, 0x10, 0xdf,
    0x2, 0xfd, 0x0, 0x1, 0xfd, 0x0, 0xdf, 0x0,
    0xaf, 0x50, 0x6, 0xf8, 0x0, 0xdf, 0x0, 0x3f,
    0xc0, 0xd, 0xf2, 0x0, 0xdf, 0x0, 0xd, 0xf2,
    0x6f, 0xb0, 0x0, 0xdf, 0x0, 0x7, 0xf7, 0x2a,
    0x30, 0x0, 0xdf, 0x0, 0x3, 0xe7, 0x0, 0x0,
    0x0, 0xef, 0x0, 0x0, 0x0, 0x0, 0x4, 0xbb,
    0xfd, 0x0, 0x0, 0x0, 0x0, 0x1, 0xff, 0xd5,
    0x0, 0x0, 0x0, 0x0, 0x0, 0x0, 0x0, 0x0,
    0x0, 0x0,

    /* U+5C11 "少" */
    0x0, 0x0, 0x0, 0xfa, 0x0, 0x0, 0x0, 0x0,
    0x0, 0x0, 0xfa, 0x0, 0x0, 0x0, 0x0, 0x2d,
    0x50, 0xfa, 0x3, 0xc3, 0x0, 0x0, 0x9f, 0x20,
    0xfa, 0x1, 0xec, 0x0, 0x1, 0xfb, 0x0, 0xfa,
    0x0, 0x6f, 0x60, 0xb, 0xf3, 0x0, 0xfa, 0x0,
    0xd, 0xe0, 0x2f, 0x90, 0x0, 0xfa, 0x0, 0x5,
    0xf4, 0x2, 0x10, 0x0, 0xfa, 0x1, 0x94, 0x10,
    0x0, 0x0, 0x0, 0xb7, 0xc, 0xf5, 0x0, 0x0,
    0x0, 0x0, 0x4, 0xdf, 0x80, 0x0, 0x0, 0x0,
    0x26, 0xcf, 0xe6, 0x0, 0x0, 0x4a, 0xce, 0xff,
    0xe9, 0x10, 0x0, 0x0, 0x2f, 0xeb, 0x83, 0x0,
    0x0, 0x0, 0x0, 0x0, 0x0, 0x0, 0x0, 0x0,
    0x0, 0x0,

    /* U+5C1D "尝" */
    0x0, 0x4a, 0x0, 0xee, 0x0, 0xa6, 0x0, 0x0,
    0x7f, 0x70, 0xee, 0x7, 0xf8, 0x0, 0x7, 0x8f,
    0xc7, 0xff, 0x7d, 0xf8, 0x70, 0xf, 0xff, 0xff,
    0xff, 0xff, 0xff, 0xe0, 0xf, 0xc1, 0x11, 0x11,
    0x11, 0x1d, 0xe0, 0x7, 0xcf, 0xff, 0xff, 0xff,
    0xfa, 0x70, 0x0, 0x36, 0x66, 0x66, 0x66, 0x62,
    0x0, 0x29, 0x99, 0x99, 0x99, 0x99, 0x99, 0x92,
    0x3f, 0xff, 0xff, 0xff, 0xff, 0xff, 0xf3, 0x0,
    0x4, 0xfe, 0x20, 0x4e, 0x40, 0x0, 0x0, 0x4f,
    0xe3, 0x0, 0x3f, 0xf4, 0x0, 0x5, 0xff, 0xee,
    0xff, 0xff, 0xfe, 0x20, 0x2, 0xfe, 0xca, 0x98,
    0x65, 0x7f, 0x60, 0x0, 0x0, 0x0, 0x0, 0x0,
    0x1, 0x0,

    /* U+5C31 "就" */
    0x0, 0x0, 0x0, 0x0, 0x0, 0x0, 0x0, 0x0,
    0x1d, 0x80, 0x0, 0xf, 0x94, 0x0, 0x25, 0x5e,
    0xe5, 0x50, 0xf, 0xaf, 0x80, 0x5f, 0xff, 0xff,
    0xf0, 0xf, 0x86, 0xf1, 0x3, 0x44, 0x44, 0x33,
    0x5f, 0xa5, 0x82, 0xb, 0xff, 0xff, 0x9c, 0xff,
    0xff, 0xf7, 0xb, 0xc3, 0x3f, 0x92, 0x5f, 0xa4,
    0x21, 0xb, 0xd6, 0x6f, 0x90, 0x4f, 0xf6, 0x0,
    0xa, 0xdf, 0xfd, 0x80, 0x7f, 0xf6, 0x0, 0x6,
    0x8b, 0xca, 0x50, 0xcd, 0xf6, 0x0, 0xc, 0x9b,
    0xb9, 0xd2, 0xf8, 0xf6, 0x0, 0x3f, 0x4b, 0xb3,
    0xaa, 0xf2, 0xf6, 0x89, 0x3a, 0x5d, 0xb0, 0x6f,
    0x70, 0xfb, 0xca, 0x0, 0xaf, 0x60, 0x7b, 0x0,
    0x7d, 0xc3, 0x0, 0x0, 0x0, 0x0, 0x0, 0x0,
    0x0,

    /* U+5C4F "屏" */
    0x8, 0xff, 0xff, 0xff, 0xff, 0xff, 0x90, 0x8,
    0xf8, 0x66, 0x66, 0x66, 0x8f, 0x90, 0x8, 0xff,
    0xff, 0xff, 0xff, 0xff, 0x90, 0x8, 0xf8, 0x8e,
    0xb7, 0x7a, 0xd9, 0x40, 0x8, 0xf3, 0x2f, 0xa1,
    0x1b, 0xf3, 0x10, 0x8, 0xf8, 0xff, 0xff, 0xff,
    0xff, 0xb0, 0x9, 0xf2, 0x4b, 0xf5, 0x4f, 0xd4,
    0x30, 0xa, 0xf2, 0x3b, 0xf4, 0x3f, 0xc3, 0x30,
    0xc, 0xeb, 0xff, 0xff, 0xff, 0xff, 0xf2, 0x1f,
    0xa2, 0x5f, 0xb2, 0x2e, 0xc2, 0x20, 0x8f, 0x55,
    0xef, 0x30, 0xe, 0xb0, 0x0, 0x5c, 0x4, 0xd4,
    0x0, 0xe, 0xb0, 0x0, 0x0, 0x0, 0x0, 0x0,
    0x0, 0x0, 0x0,

    /* U+5DE6 "左" */
    0x0, 0x0, 0x2d, 0x70, 0x0, 0x0, 0x0, 0x0,
    0x0, 0x5f, 0x70, 0x0, 0x0, 0x0, 0x18, 0x88,
    0xcf, 0xb8, 0x88, 0x88, 0x81, 0x2f, 0xff, 0xff,
    0xff, 0xff, 0xff, 0xf3, 0x0, 0x1, 0xfc, 0x0,
    0x0, 0x0, 0x0, 0x0, 0x6, 0xf7, 0x0, 0x0,
    0x0, 0x0, 0x0, 0xc, 0xfc, 0xaa, 0xaa, 0xaa,
    0x90, 0x0, 0x2f, 0xcf, 0xff, 0xff, 0xff, 0xe0,
    0x0, 0x9f, 0x40, 0x4, 0xf6, 0x0, 0x0, 0x3,
    0xfc, 0x0, 0x4, 0xf6, 0x0, 0x0, 0x2e, 0xf2,
    0x0, 0x4, 0xf6, 0x0, 0x0, 0x7f, 0x45, 0x99,
    0x9b, 0xfc, 0x99, 0x94, 0x4, 0x8, 0xff, 0xff,
    0xff, 0xff, 0xf6,

    /* U+5DF2 "已" */
    0x9f, 0xff, 0xff, 0xff, 0xff, 0xc0, 0x6, 0xaa,
    0xaa, 0xaa, 0xaa, 0xfc, 0x0, 0x4, 0x20, 0x0,
    0x0, 0xf, 0xc0, 0x1, 0xfa, 0x0, 0x0, 0x0,
    0xfc, 0x0, 0x1f, 0xd9, 0x99, 0x99, 0x9f, 0xc0,
    0x1, 0xff, 0xff, 0xff, 0xff, 0xfc, 0x0, 0x1f,
    0xa0, 0x0, 0x0, 0xe, 0xc0, 0x1, 0xfa, 0x0,
    0x0, 0x0, 0x0, 0x0, 0x1f, 0xa0, 0x0, 0x0,
    0x0, 0x2e, 0x50, 0xfb, 0x0, 0x0, 0x0, 0x6,
    0xf6, 0xd, 0xfc, 0xbb, 0xbb, 0xbc, 0xff, 0x20,
    0x3b, 0xef, 0xff, 0xff, 0xec, 0x50,

    /* U+5E55 "幕" */
    0x0, 0x5, 0xf4, 0x0, 0xcd, 0x0, 0x0, 0x5f,
    0xff, 0xff, 0xff, 0xff, 0xff, 0xe0, 0x2, 0x25,
    0x94, 0x22, 0x78, 0x22, 0x10, 0x1, 0xff, 0xff,
    0xff, 0xff, 0xfc, 0x0, 0x1, 0xfc, 0x88, 0x88,
    0x88, 0xfc, 0x0, 0x1, 0xfb, 0x66, 0x66, 0x66,
    0xfc, 0x0, 0x1, 0xff, 0xff, 0xff, 0xff, 0xfb,
    0x0, 0x47, 0x77, 0xef, 0x87, 0x77, 0x77, 0x70,
    0x7d, 0xef, 0xfe, 0xff, 0xef, 0xfd, 0xd1, 0x6,
    0xef, 0xb7, 0xfb, 0x6e, 0xfb, 0x40, 0x9f, 0xef,
    0xee, 0xff, 0xef, 0xff, 0xf2, 0x14, 0x5f, 0x41,
    0xf8, 0x3b, 0xf1, 0x30, 0x0, 0x4f, 0x41, 0xf8,
    0x8e, 0xa0, 0x0,

    /* U+5E8F "序" */
    0x0, 0x0, 0x0, 0x0, 0x0, 0x0, 0x0, 0x0,
    0x0, 0x0, 0x4d, 0x50, 0x0, 0x0, 0x3, 0x77,
    0x77, 0x9f, 0xd7, 0x77, 0x72, 0x7, 0xff, 0xff,
    0xff, 0xff, 0xff, 0xf6, 0x7, 0xf3, 0x45, 0x55,
    0x55, 0x53, 0x10, 0x7, 0xf2, 0xcf, 0xff, 0xff,
    0xff, 0x10, 0x7, 0xf2, 0x12, 0x72, 0x4e, 0xf5,
    0x0, 0x8, 0xf1, 0x6, 0xfe, 0xfd, 0x30, 0x0,
    0x9, 0xf4, 0x77, 0x9f, 0xfe, 0x77, 0x60, 0xa,
    0xf7, 0xff, 0xff, 0xff, 0xff, 0xe1, 0xd, 0xd0,
    0x0, 0xa, 0xf0, 0x5f, 0x50, 0x1f, 0x90, 0x0,
    0xa, 0xf0, 0x26, 0x0, 0x7f, 0x50, 0x8, 0x8d,
    0xf0, 0x0, 0x0, 0x3b, 0x0, 0xb, 0xfe, 0x80,
    0x0, 0x0, 0x0, 0x0, 0x0, 0x0, 0x0, 0x0,
    0x0,

    /* U+5EA6 "度" */
    0x0, 0x0, 0x0, 0x4c, 0x40, 0x0, 0x0, 0x5,
    0x99, 0x99, 0xbf, 0xd9, 0x99, 0x92, 0x8, 0xff,
    0xff, 0xff, 0xff, 0xff, 0xf3, 0x8, 0xf2, 0x8,
    0xb0, 0x7, 0xc1, 0x0, 0x8, 0xfa, 0xff, 0xff,
    0xff, 0xff, 0xf1, 0x8, 0xf5, 0x5c, 0xf5, 0x5b,
    0xf6, 0x50, 0x9, 0xf1, 0xa, 0xfb, 0xbe, 0xf1,
    0x0, 0xa, 0xf0, 0x5, 0x77, 0x77, 0x70, 0x0,
    0xb, 0xf6, 0xff, 0xff, 0xff, 0xfe, 0x20, 0xd,
    0xd2, 0x8f, 0xd6, 0x5c, 0xfb, 0x0, 0x1f, 0xa0,
    0x7, 0xfd, 0xcf, 0xa0, 0x0, 0x6f, 0x67, 0xac,
    0xff, 0xff, 0xca, 0x82, 0x5d, 0xa, 0xc9, 0x52,
    0x38, 0xce, 0xd0, 0x0, 0x0, 0x0, 0x0, 0x0,
    0x0, 0x0,

    /* U+5F00 "开" */
    0xa, 0xff, 0xff, 0xff, 0xff, 0xff, 0xf3, 0x6,
    0x99, 0xfe, 0x99, 0x9f, 0xe9, 0x91, 0x0, 0x0,
    0xfc, 0x0, 0xf, 0xb0, 0x0, 0x0, 0x0, 0xfc,
    0x0, 0xf, 0xb0, 0x0, 0x0, 0x0, 0xfc, 0x0,
    0x1f, 0xb0, 0x0, 0x2f, 0xff, 0xff, 0xff, 0xff,
    0xff, 0xf9, 0x18, 0x8a, 0xfd, 0x88, 0x9f, 0xe8,
    0x85, 0x0, 0x6, 0xf7, 0x0, 0xf, 0xb0, 0x0,
    0x0, 0xc, 0xf2, 0x0, 0xf, 0xb0, 0x0, 0x0,
    0x8f, 0xb0, 0x0, 0xf, 0xb0, 0x0, 0xa, 0xfe,
    0x10, 0x0, 0xf, 0xb0, 0x0, 0x7, 0xc1, 0x0,
    0x0, 0xf, 0xb0, 0x0, 0x0, 0x0, 0x0, 0x0,
    0x0, 0x0, 0x0,

    /* U+5F0F "式" */
    0x0, 0x0, 0x0, 0x0, 0x0, 0x0, 0x0, 0x0,
    0x0, 0x0, 0x2, 0xf9, 0x5d, 0x20, 0x0, 0x0,
    0x0, 0x2, 0xf9, 0x3e, 0xd0, 0x9, 0x99, 0x99,
    0x9a, 0xfd, 0x9b, 0xc4, 0x1f, 0xff, 0xff, 0xff,
    0xff, 0xff, 0xf8, 0x0, 0x0, 0x0, 0x1, 0xfc,
    0x0, 0x0, 0x0, 0x0, 0x0, 0x0, 0xed, 0x0,
    0x0, 0x8, 0xff, 0xff, 0xf8, 0xcf, 0x0, 0x0,
    0x5, 0x9c, 0xfa, 0x94, 0xaf, 0x20, 0x0, 0x0,
    0x6, 0xf3, 0x0, 0x6f, 0x50, 0x0, 0x0, 0x6,
    0xf3, 0x0, 0x2f, 0xa0, 0x85, 0x1, 0x4a, 0xfc,
    0xee, 0xd, 0xf1, 0xbc, 0xe, 0xff, 0xfb, 0x85,
    0x6, 0xfe, 0xf8, 0x6, 0x62, 0x0, 0x0, 0x0,
    0x8f, 0xd1,

    /* U+5F55 "录" */
    0x0, 0x0, 0x0, 0x0, 0x0, 0x0, 0x0, 0x4,
    0xff, 0xff, 0xff, 0xff, 0xfb, 0x0, 0x2, 0x88,
    0x88, 0x88, 0x89, 0xfa, 0x0, 0x0, 0x9b, 0xbb,
    0xbb, 0xbb, 0xf9, 0x0, 0x0, 0xac, 0xcc, 0xcc,
    0xcd, 0xf8, 0x0, 0x17, 0x77, 0x77, 0x77, 0x7a,
    0xfb, 0x71, 0x2f, 0xff, 0xff, 0xff, 0xff, 0xff,
    0xf3, 0x1, 0xca, 0x10, 0xee, 0x10, 0x9c, 0x20,
    0x0, 0x7f, 0xe1, 0xef, 0xcc, 0xf8, 0x0, 0x0,
    0x4, 0xbd, 0xfe, 0xff, 0x60, 0x0, 0x7, 0xcf,
    0xfa, 0xfc, 0x3e, 0xfa, 0x40, 0xc, 0xd7, 0x66,
    0xfc, 0x2, 0x9f, 0xe1, 0x0, 0x0, 0x8f, 0xe6,
    0x0, 0x1, 0x20, 0x0, 0x0, 0x0, 0x0, 0x0,
    0x0, 0x0,

    /* U+603B "总" */
    0x0, 0x3, 0x90, 0x0, 0x9, 0x40, 0x0, 0x0,
    0x7, 0xf8, 0x0, 0x5f, 0xb0, 0x0, 0x0, 0x1,
    0xdd, 0x0, 0xcf, 0x30, 0x0, 0x0, 0xbf, 0xff,
    0xff, 0xff, 0xfd, 0x0, 0x0, 0xbf, 0x98, 0x88,
    0x89, 0xfd, 0x0, 0x0, 0xbf, 0x10, 0x0, 0x1,
    0xfd, 0x0, 0x0, 0xbf, 0xff, 0xff, 0xff, 0xfd,
    0x0, 0x0, 0x79, 0x99, 0xcd, 0x99, 0x98, 0x0,
    0x3, 0x43, 0x94, 0xdf, 0x60, 0x2a, 0x10, 0xc,
    0xf6, 0xf7, 0x1c, 0xf2, 0x2f, 0xc0, 0x1f, 0xb5,
    0xf7, 0x0, 0x32, 0x88, 0xf5, 0x6f, 0x54, 0xfd,
    0x88, 0x8c, 0xf4, 0xd5, 0x3, 0x0, 0xbf, 0xff,
    0xff, 0xa0, 0x0,

    /* U+6162 "慢" */
    0x0, 0xf9, 0x0, 0x0, 0x0, 0x0, 0x0, 0x0,
    0xf9, 0x8, 0xff, 0xff, 0xff, 0x60, 0x0, 0xfb,
    0x58, 0xfc, 0xbb, 0xdf, 0x60, 0x3d, 0xfe, 0xe8,
    0xf9, 0x88, 0xbf, 0x60, 0x5c, 0xfa, 0xf7, 0x88,
    0x88, 0x88, 0x40, 0x8a, 0xf9, 0x5f, 0xff, 0xff,
    0xff, 0xf1, 0x76, 0xf9, 0x3f, 0x7e, 0x7e, 0x99,
    0xf1, 0x0, 0xf9, 0x19, 0x99, 0x99, 0x99, 0x90,
    0x0, 0xf9, 0x5f, 0xff, 0xff, 0xff, 0x90, 0x0,
    0xf9, 0x28, 0xfd, 0x58, 0xff, 0x30, 0x0, 0xf9,
    0x0, 0x6f, 0xdf, 0xd3, 0x0, 0x0, 0xf9, 0x7a,
    0xef, 0xff, 0xfc, 0x93, 0x0, 0xf9, 0x8c, 0x84,
    0x2, 0x7b, 0xd1, 0x0, 0x0, 0x0, 0x0, 0x0,
    0x0, 0x0,

    /* U+620F "戏" */
    0x0, 0x0, 0x0, 0xb, 0xf1, 0x95, 0x0, 0x26,
    0x66, 0x64, 0xa, 0xf1, 0xbf, 0x40, 0x7f, 0xff,
    0xfe, 0xa, 0xf1, 0x1c, 0x40, 0x2, 0x11, 0xec,
    0x1a, 0xf7, 0x8a, 0xc2, 0x3f, 0x42, 0xf9, 0xff,
    0xff, 0xfe, 0xc3, 0xd, 0xe8, 0xf4, 0x7a, 0xf6,
    0x8, 0x40, 0x2, 0xff, 0xf0, 0x4, 0xf7, 0x2f,
    0x90, 0x0, 0x7f, 0xc0, 0x2, 0xf9, 0xcf, 0x10,
    0x0, 0xcf, 0xf4, 0x0, 0xff, 0xf7, 0x0, 0x6,
    0xfb, 0xfe, 0x0, 0xcf, 0xb0, 0xa1, 0x5f, 0xe1,
    0x7c, 0x1a, 0xff, 0xa1, 0xf6, 0x4f, 0x30, 0x2,
    0xef, 0xad, 0xff, 0xf2, 0x1, 0x0, 0x0, 0x56,
    0x2, 0xdf, 0xb0, 0x0, 0x0, 0x0, 0x0, 0x0,
    0x2, 0x0,

    /* U+6210 "成" */
    0x0, 0x0, 0x0, 0x0, 0x0, 0x0, 0x0, 0x0,
    0x0, 0x0, 0xf, 0xc6, 0xe4, 0x0, 0x0, 0x0,
    0x0, 0xf, 0xc3, 0xef, 0x30, 0x7, 0xbb, 0xbb,
    0xbf, 0xfb, 0xcf, 0xb2, 0xa, 0xff, 0xff, 0xff,
    0xff, 0xff, 0xf4, 0xa, 0xf1, 0x0, 0xc, 0xf0,
    0x12, 0x0, 0xa, 0xf9, 0x99, 0x5a, 0xf2, 0x8f,
    0x50, 0xa, 0xff, 0xff, 0x98, 0xf5, 0xee, 0x0,
    0xb, 0xf0, 0x1f, 0x84, 0xfd, 0xf7, 0x0, 0xc,
    0xf0, 0x1f, 0x81, 0xff, 0xd0, 0x0, 0xe, 0xd5,
    0x9f, 0x61, 0xff, 0x41, 0xb1, 0x2f, 0xba, 0xfd,
    0x4d, 0xff, 0x83, 0xf4, 0x8f, 0x60, 0x15, 0xff,
    0x7d, 0xfd, 0xf1, 0x5e, 0x0, 0x1, 0xc4, 0x2,
    0xbf, 0x80, 0x0, 0x0, 0x0, 0x0, 0x0, 0x0,
    0x0,

    /* U+62E9 "择" */
    0x0, 0xf9, 0x0, 0x0, 0x0, 0x0, 0x0, 0x0,
    0xf9, 0x8, 0xff, 0xff, 0xff, 0x70, 0x1, 0xf9,
    0x4, 0xbf, 0x97, 0xef, 0x20, 0x9f, 0xff, 0xf1,
    0xc, 0xeb, 0xf5, 0x0, 0x48, 0xfc, 0x70, 0x28,
    0xff, 0xc3, 0x0, 0x0, 0xf9, 0x3d, 0xfd, 0x77,
    0xef, 0xf5, 0x16, 0xff, 0xf6, 0x30, 0xbe, 0x4,
    0x80, 0xbf, 0xfe, 0x75, 0xee, 0xff, 0xee, 0x60,
    0x57, 0xf9, 0x4, 0xaa, 0xef, 0xaa, 0x40, 0x0,
    0xf9, 0x4, 0x44, 0xdf, 0x44, 0x41, 0x0, 0xf9,
    0x1f, 0xff, 0xff, 0xff, 0xf5, 0x39, 0xf8, 0x3,
    0x33, 0xcf, 0x33, 0x31, 0x1f, 0xd3, 0x0, 0x0,
    0xbe, 0x0, 0x0,

    /* U+6309 "按" */
    0x0, 0x0, 0x0, 0x0, 0x0, 0x0, 0x0, 0x0,
    0xdc, 0x0, 0x0, 0xaf, 0x10, 0x0, 0x0, 0xdc,
    0x1, 0x22, 0xaf, 0x62, 0x21, 0x0, 0xdc, 0xa,
    0xff, 0xff, 0xff, 0xf8, 0x8f, 0xff, 0xfb, 0xf6,
    0x76, 0x67, 0xf8, 0x47, 0xee, 0x77, 0xa4, 0xf9,
    0x0, 0xb6, 0x0, 0xdc, 0x17, 0x7c, 0xfa, 0x77,
    0x75, 0x0, 0xdc, 0x6f, 0xff, 0xff, 0xff, 0xfb,
    0x49, 0xff, 0xf3, 0x8f, 0x60, 0x9f, 0x50, 0x8f,
    0xfd, 0x21, 0xff, 0x20, 0xff, 0x0, 0x10, 0xdc,
    0x1, 0x8f, 0xfd, 0xf7, 0x0, 0x0, 0xdc, 0x0,
    0x3, 0xff, 0xfa, 0x10, 0x28, 0xfb, 0x8, 0xcf,
    0xf8, 0xaf, 0xf5, 0x1f, 0xd5, 0x9, 0xc7, 0x10,
    0x4, 0xc1, 0x0, 0x0, 0x0, 0x0, 0x0, 0x0,
    0x0,

    /* U+6548 "效" */
    0x0, 0x3d, 0x20, 0x0, 0x7d, 0x10, 0x0, 0x0,
    0x1f, 0x80, 0x0, 0xae, 0x0, 0x0, 0x9f, 0xff,
    0xff, 0xf1, 0xee, 0x88, 0x81, 0x49, 0xc8, 0x9d,
    0x73, 0xff, 0xff, 0xf3, 0x9, 0xf1, 0x7f, 0x39,
    0xf2, 0x3f, 0x70, 0x3f, 0x70, 0x3d, 0xde, 0xf3,
    0x5f, 0x30, 0xbf, 0x94, 0xfc, 0xbf, 0xf8, 0x9f,
    0x0, 0x27, 0xff, 0xf3, 0x7, 0xbe, 0xeb, 0x0,
    0x0, 0x4f, 0xf0, 0x0, 0x4f, 0xf4, 0x0, 0x0,
    0x9f, 0xfb, 0x0, 0x1f, 0xf1, 0x0, 0x6, 0xfa,
    0xaf, 0x51, 0xdf, 0xfc, 0x0, 0x8f, 0xc0, 0x18,
    0x6e, 0xf5, 0x8f, 0xd2, 0x2a, 0x0, 0x0, 0xbd,
    0x40, 0x9, 0xd1, 0x0, 0x0, 0x0, 0x0, 0x0,
    0x0, 0x0,

    /* U+656C "敬" */
    0x0, 0x8e, 0xf, 0x80, 0x4d, 0x40, 0x0, 0x2c,
    0xef, 0xcf, 0xeb, 0x8f, 0x20, 0x0, 0x19, 0xdf,
    0x9f, 0xc8, 0xbf, 0x88, 0x84, 0x1, 0xea, 0xa,
    0x51, 0xff, 0xff, 0xf8, 0x7, 0xff, 0xff, 0xfe,
    0xf8, 0x1f, 0xa0, 0x1e, 0xd5, 0x57, 0xff, 0xfc,
    0x3f, 0x70, 0x4f, 0xfd, 0xd3, 0xfc, 0xcf, 0x8f,
    0x40, 0x7, 0xe8, 0xf4, 0xf5, 0x3f, 0xff, 0x0,
    0x7, 0xc3, 0xf5, 0xf4, 0xe, 0xf9, 0x0, 0x7,
    0xff, 0xf6, 0xf3, 0xd, 0xf7, 0x0, 0x7, 0xd5,
    0x57, 0xf3, 0xbf, 0xff, 0x40, 0x0, 0x2, 0x7d,
    0xfe, 0xfa, 0x3f, 0xf6, 0x0, 0x1, 0xfe, 0x7d,
    0x70, 0x3, 0xc1, 0x0, 0x0, 0x0, 0x0, 0x0,
    0x0, 0x0,

    /* U+65B0 "新" */
    0x0, 0x1b, 0x50, 0x0, 0x0, 0x38, 0x10, 0x16,
    0x6f, 0xd6, 0x63, 0xae, 0xff, 0xa0, 0x4f, 0xff,
    0xff, 0xf6, 0xf9, 0x40, 0x0, 0x5, 0xf0, 0x4f,
    0x35, 0xf2, 0x0, 0x0, 0x27, 0xf7, 0xbf, 0x67,
    0xf5, 0x44, 0x42, 0x7f, 0xff, 0xff, 0xf9, 0xff,
    0xff, 0xf8, 0x0, 0xc, 0xb0, 0x5, 0xf5, 0xaf,
    0x52, 0x5f, 0xff, 0xff, 0xf6, 0xf0, 0x8f, 0x10,
    0x28, 0x7e, 0xd8, 0x87, 0xf0, 0x8f, 0x10, 0xd,
    0xac, 0xbd, 0x89, 0xe0, 0x8f, 0x10, 0x6f, 0x3c,
    0xb5, 0xed, 0xb0, 0x8f, 0x10, 0x4, 0x7e, 0xb0,
    0x4f, 0x70, 0x8f, 0x10, 0x0, 0x9c, 0x40, 0x9,
    0x0, 0x8f, 0x10,

    /* U+65B9 "方" */
    0x0, 0x0, 0x0, 0x0, 0x0, 0x0, 0x0, 0x0,
    0x0, 0x0, 0xac, 0x0, 0x0, 0x0, 0x0, 0x0,
    0x0, 0xaf, 0x50, 0x0, 0x0, 0xa, 0xaa, 0xaa,
    0xcf, 0xaa, 0xaa, 0xa4, 0x1f, 0xff, 0xff, 0xff,
    0xff, 0xff, 0xf7, 0x0, 0x0, 0xaf, 0x30, 0x0,
    0x0, 0x0, 0x0, 0x0, 0xbf, 0x98, 0x88, 0x88,
    0x0, 0x0, 0x0, 0xdf, 0xff, 0xff, 0xff, 0x0,
    0x0, 0x1, 0xfc, 0x11, 0x11, 0xde, 0x0, 0x0,
    0x6, 0xf8, 0x0, 0x0, 0xec, 0x0, 0x0, 0xe,
    0xf2, 0x0, 0x0, 0xfb, 0x0, 0x0, 0x9f, 0x90,
    0x0, 0x3, 0xf8, 0x0, 0x1b, 0xfd, 0x0, 0x4a,
    0x9d, 0xf4, 0x0, 0xb, 0xb1, 0x0, 0x2f, 0xfe,
    0x80, 0x0, 0x0, 0x0, 0x0, 0x0, 0x0, 0x0,
    0x0,

    /* U+65F6 "时" */
    0x0, 0x0, 0x0, 0x0, 0x0, 0xaf, 0x10, 0x1f,
    0xff, 0xf9, 0x0, 0x0, 0xaf, 0x10, 0x1f, 0xc8,
    0xfa, 0x67, 0x77, 0xcf, 0x83, 0x1f, 0x70, 0xea,
    0xdf, 0xff, 0xff, 0xf7, 0x1f, 0x70, 0xea, 0x33,
    0x33, 0xbf, 0x41, 0x1f, 0xff, 0xfa, 0x29, 0x0,
    0xaf, 0x10, 0x1f, 0xc8, 0xfa, 0x4f, 0xa0, 0xaf,
    0x10, 0x1f, 0x70, 0xea, 0xa, 0xf5, 0xaf, 0x10,
    0x1f, 0x70, 0xea, 0x1, 0xe5, 0xaf, 0x10, 0x1f,
    0xff, 0xfa, 0x0, 0x0, 0xaf, 0x10, 0x1f, 0xc8,
    0x85, 0x0, 0x0, 0xaf, 0x10, 0x9, 0x40, 0x0,
    0x2, 0xaa, 0xef, 0x0, 0x0, 0x0, 0x0, 0x0,
    0xff, 0xd6, 0x0, 0x0, 0x0, 0x0, 0x0, 0x0,
    0x0, 0x0,

    /* U+662F "是" */
    0x0, 0xef, 0xff, 0xff, 0xff, 0xfd, 0x0, 0x0,
    0xed, 0x88, 0x88, 0x88, 0xed, 0x0, 0x0, 0xef,
    0xcc, 0xcc, 0xcc, 0xfd, 0x0, 0x0, 0xee, 0x99,
    0x99, 0x99, 0xed, 0x0, 0x0, 0x67, 0x77, 0x77,
    0x77, 0x76, 0x0, 0x2f, 0xff, 0xff, 0xff, 0xff,
    0xff, 0xf3, 0x18, 0x89, 0x88, 0xdf, 0x88, 0x88,
    0x81, 0x0, 0x5f, 0x70, 0xbf, 0x66, 0x66, 0x10,
    0x0, 0xaf, 0x60, 0xbf, 0xff, 0xff, 0x40, 0x3,
    0xff, 0xf4, 0xbf, 0x0, 0x0, 0x0, 0x3e, 0xf5,
    0xdf, 0xff, 0x99, 0x89, 0x94, 0x3e, 0x60, 0x17,
    0xce, 0xff, 0xff, 0xf3, 0x1, 0x0, 0x0, 0x0,
    0x0, 0x0, 0x0,

    /* U+663E "显" */
    0x0, 0xff, 0xff, 0xff, 0xff, 0xf8, 0x0, 0x0,
    0xfc, 0x44, 0x44, 0x46, 0xf8, 0x0, 0x0, 0xff,
    0xee, 0xee, 0xee, 0xf8, 0x0, 0x0, 0xfb, 0x33,
    0x33, 0x35, 0xf8, 0x0, 0x0, 0xff, 0xff, 0xff,
    0xff, 0xf8, 0x0, 0x0, 0x55, 0x67, 0x56, 0x75,
    0x53, 0x0, 0x4, 0x80, 0xae, 0x6, 0xf2, 0x3a,
    0x20, 0x5, 0xf3, 0xae, 0x6, 0xf2, 0xbe, 0x10,
    0x0, 0xeb, 0xae, 0x6, 0xf7, 0xf5, 0x0, 0x0,
    0x31, 0xae, 0x6, 0xf2, 0x40, 0x0, 0xcf, 0xff,
    0xff, 0xff, 0xff, 0xff, 0xf5, 0x79, 0x99, 0x99,
    0x99, 0x99, 0x99, 0x93,

    /* U+666E "普" */
    0x0, 0x5, 0xc1, 0x0, 0xa, 0xa0, 0x0, 0x2,
    0x47, 0xfa, 0x44, 0x7f, 0xc4, 0x40, 0x6, 0xff,
    0xff, 0xff, 0xff, 0xff, 0xe0, 0x0, 0xab, 0xf,
    0x94, 0xf5, 0x8e, 0x20, 0x0, 0x6f, 0x2f, 0x94,
    0xf5, 0xea, 0x0, 0x2c, 0xde, 0xcf, 0xed, 0xfd,
    0xdd, 0xc7, 0x18, 0x88, 0x88, 0x88, 0x88, 0x88,
    0x85, 0x0, 0x6e, 0xee, 0xee, 0xee, 0xed, 0x0,
    0x0, 0x6f, 0x75, 0x55, 0x55, 0xee, 0x0, 0x0,
    0x6f, 0xca, 0xaa, 0xaa, 0xfe, 0x0, 0x0, 0x6f,
    0xca, 0xaa, 0xaa, 0xfe, 0x0, 0x0, 0x6f, 0x75,
    0x55, 0x55, 0xee, 0x0, 0x0, 0x6f, 0xff, 0xff,
    0xff, 0xfd, 0x0,

    /* U+6682 "暂" */
    0x0, 0x2b, 0x40, 0x0, 0x2, 0x48, 0x60, 0x4f,
    0xff, 0xff, 0xf7, 0xff, 0xfe, 0xb0, 0x19, 0xf7,
    0xa6, 0x33, 0xf6, 0x0, 0x0, 0x2f, 0xeb, 0xfc,
    0xa6, 0xfd, 0xcc, 0xc4, 0xb, 0xaa, 0xfc, 0x97,
    0xf9, 0xcf, 0x83, 0x17, 0x8a, 0xfd, 0xd9, 0xf0,
    0x9e, 0x0, 0x3d, 0xbb, 0xfa, 0x6f, 0xb0, 0x9e,
    0x0, 0x0, 0x24, 0xb6, 0x27, 0x52, 0x8a, 0x0,
    0x0, 0xbf, 0xff, 0xff, 0xff, 0xfb, 0x0, 0x0,
    0xbe, 0x44, 0x44, 0x44, 0xfb, 0x0, 0x0, 0xbf,
    0xff, 0xff, 0xff, 0xfb, 0x0, 0x0, 0xbe, 0x44,
    0x44, 0x44, 0xfb, 0x0, 0x0, 0xbf, 0xff, 0xff,
    0xff, 0xfb, 0x0,

    /* U+66F2 "曲" */
    0x0, 0xa, 0xf0, 0x1f, 0x80, 0x0, 0x0, 0xa,
    0xf0, 0x1f, 0x80, 0x0, 0x0, 0xa, 0xf0, 0x2f,
    0x90, 0x0, 0xef, 0xff, 0xff, 0xff, 0xff, 0xfb,
    0xed, 0x9d, 0xf9, 0xaf, 0xd9, 0xfb, 0xea, 0xa,
    0xf0, 0x1f, 0x80, 0xeb, 0xea, 0xa, 0xf0, 0x2f,
    0x90, 0xeb, 0xef, 0xff, 0xff, 0xff, 0xff, 0xfb,
    0xed, 0x8d, 0xf8, 0x9f, 0xc8, 0xfb, 0xea, 0xa,
    0xf0, 0x1f, 0x80, 0xeb, 0xea, 0xa, 0xf0, 0x2f,
    0x90, 0xeb, 0xef, 0xff, 0xff, 0xff, 0xff, 0xfb,
    0xed, 0x99, 0x99, 0x99, 0x99, 0xfb,

    /* U+6700 "最" */
    0x0, 0xdf, 0xff, 0xff, 0xff, 0xf8, 0x0, 0x0,
    0xdf, 0xff, 0xff, 0xff, 0xf8, 0x0, 0x0, 0xde,
    0x55, 0x55, 0x56, 0xf8, 0x0, 0x0, 0xdf, 0xff,
    0xff, 0xff, 0xf8, 0x0, 0x36, 0x66, 0x66, 0x66,
    0x66, 0x66, 0x60, 0x9f, 0xff, 0xef, 0xfe, 0xee,
    0xee, 0xe2, 0x5, 0xfa, 0x8f, 0xc7, 0x99, 0x99,
    0x70, 0x5, 0xf9, 0x7e, 0xc8, 0xfa, 0x9f, 0x90,
    0x5, 0xff, 0xff, 0xc0, 0xda, 0x8f, 0x20, 0x5,
    0xf8, 0x7e, 0xe3, 0x4f, 0xf7, 0x0, 0x9f, 0xff,
    0xff, 0xfa, 0xcf, 0xff, 0x92, 0x24, 0x21, 0xd,
    0xc6, 0xa2, 0x17, 0xb0,

    /* U+672A "未" */
    0x0, 0x0, 0x0, 0xbf, 0x0, 0x0, 0x0, 0x0,
    0x0, 0x0, 0xbf, 0x0, 0x0, 0x0, 0x0, 0xbb,
    0xbb, 0xef, 0xbb, 0xbb, 0x50, 0x0, 0xff, 0xff,
    0xff, 0xff, 0xff, 0x60, 0x0, 0x0, 0x0, 0xbf,
    0x0, 0x0, 0x0, 0x1, 0x11, 0x11, 0xcf, 0x21,
    0x11, 0x10, 0x1f, 0xff, 0xff, 0xff, 0xff, 0xff,
    0xf7, 0x8, 0x88, 0x9e, 0xff, 0xf9, 0x88, 0x84,
    0x0, 0x0, 0x9f, 0xff, 0xfc, 0x10, 0x0, 0x0,
    0x1a, 0xfa, 0xcf, 0x6f, 0xd2, 0x0, 0x7, 0xff,
    0x90, 0xbf, 0x4, 0xff, 0x91, 0x3f, 0xe5, 0x0,
    0xbf, 0x0, 0x2b, 0xf7, 0x3, 0x0, 0x0, 0xbf,
    0x0, 0x0, 0x40,

    /* U+6761 "条" */
    0x0, 0x0, 0x0, 0x0, 0x0, 0x0, 0x0, 0x0,
    0x0, 0x6f, 0x80, 0x0, 0x0, 0x0, 0x0, 0x5,
    0xff, 0xff, 0xff, 0xe3, 0x0, 0x0, 0x8f, 0xfb,
    0x77, 0xbf, 0xd0, 0x0, 0xc, 0xfb, 0xcf, 0x87,
    0xfd, 0x20, 0x0, 0x2, 0x50, 0x2e, 0xff, 0xf4,
    0x0, 0x0, 0x25, 0x8c, 0xff, 0xcb, 0xff, 0xea,
    0x83, 0x5f, 0xfe, 0xa3, 0x77, 0x28, 0xdf, 0xf2,
    0x6, 0x52, 0x22, 0xed, 0x22, 0x23, 0x30, 0x0,
    0xff, 0xff, 0xff, 0xff, 0xff, 0x20, 0x0, 0x38,
    0x74, 0xed, 0x38, 0x63, 0x0, 0x0, 0x8f, 0x90,
    0xdd, 0xd, 0xf4, 0x0, 0xb, 0xf8, 0x27, 0xfc,
    0x1, 0xcf, 0x30, 0x1, 0x30, 0x1f, 0xe6, 0x0,
    0x17, 0x0,

    /* U+67E5 "查" */
    0x0, 0x0, 0x0, 0xdc, 0x0, 0x0, 0x0, 0x16,
    0x66, 0x66, 0xee, 0x66, 0x66, 0x61, 0x4f, 0xff,
    0xff, 0xff, 0xff, 0xff, 0xf4, 0x0, 0x4, 0xee,
    0xee, 0xed, 0x30, 0x0, 0x0, 0x7f, 0xc1, 0xdc,
    0x3e, 0xf8, 0x10, 0x5f, 0xfb, 0x10, 0x77, 0x2,
    0xcf, 0xf5, 0xc, 0x8f, 0xff, 0xff, 0xff, 0xf5,
    0xa0, 0x0, 0x1f, 0xa4, 0x44, 0x4c, 0xf0, 0x0,
    0x0, 0x1f, 0xff, 0xff, 0xff, 0xf0, 0x0, 0x0,
    0x1f, 0xa5, 0x55, 0x5d, 0xf0, 0x0, 0x0, 0x1d,
    0xdd, 0xdd, 0xdd, 0xd0, 0x0, 0x18, 0x88, 0x88,
    0x88, 0x88, 0x88, 0x81, 0x2f, 0xff, 0xff, 0xff,
    0xff, 0xff, 0xf2,

    /* U+6807 "标" */
    0x0, 0x9f, 0x10, 0x0, 0x0, 0x0, 0x0, 0x0,
    0x9f, 0x10, 0x7f, 0xff, 0xff, 0xb0, 0x11, 0xaf,
    0x31, 0x38, 0x88, 0x88, 0x60, 0x8f, 0xff, 0xfb,
    0x0, 0x0, 0x0, 0x0, 0x48, 0xff, 0x86, 0x99,
    0x99, 0x99, 0x95, 0x4, 0xff, 0xb1, 0xff, 0xff,
    0xff, 0xf7, 0x9, 0xff, 0xf9, 0x0, 0x5f, 0x50,
    0x0, 0x1f, 0xff, 0x89, 0x78, 0x5f, 0x6a, 0x50,
    0x9f, 0xaf, 0x10, 0xea, 0x5f, 0x5d, 0xc0, 0x69,
    0x9f, 0x15, 0xf5, 0x5f, 0x57, 0xf2, 0x1, 0x9f,
    0x1d, 0xd0, 0x5f, 0x53, 0xf6, 0x0, 0x9f, 0x15,
    0x59, 0xdf, 0x40, 0xb4, 0x0, 0x9f, 0x10, 0x9,
    0xfb, 0x10, 0x0, 0x0, 0x0, 0x0, 0x0, 0x0,
    0x0, 0x0,

    /* U+6863 "档" */
    0x0, 0x9f, 0x0, 0x0, 0x8e, 0x0, 0x0, 0x0,
    0x9f, 0x6, 0xe0, 0x8f, 0x7, 0xd1, 0x0, 0x9f,
    0x3, 0xf6, 0x8f, 0xc, 0xd0, 0x6f, 0xff, 0xf9,
    0xdb, 0x8f, 0x3f, 0x60, 0x39, 0xff, 0x95, 0x65,
    0x8f, 0x4a, 0x0, 0x2, 0xff, 0x45, 0xaa, 0xdf,
    0xaa, 0xa0, 0x7, 0xff, 0xe9, 0xff, 0xff, 0xff,
    0xf0, 0xd, 0xff, 0xd9, 0x0, 0x0, 0x9, 0xf0,
    0x5f, 0xbf, 0x46, 0xff, 0xff, 0xff, 0xf0, 0x9b,
    0x9f, 0x2, 0x88, 0x88, 0x8d, 0xf0, 0x23, 0x9f,
    0x0, 0x0, 0x0, 0xa, 0xf0, 0x0, 0x9f, 0xd,
    0xff, 0xff, 0xff, 0xf0, 0x0, 0x9f, 0x7, 0x88,
    0x88, 0x8b, 0xc0,

    /* U+68C0 "检" */
    0x0, 0x0, 0x0, 0x0, 0x0, 0x0, 0x0, 0x0,
    0xe9, 0x0, 0x1, 0xe8, 0x0, 0x0, 0x0, 0xe9,
    0x0, 0xb, 0xff, 0x30, 0x0, 0x24, 0xfb, 0x30,
    0x7f, 0xbf, 0xf4, 0x0, 0x9f, 0xff, 0xb8, 0xfb,
    0x3, 0xef, 0x80, 0x37, 0xfb, 0xdf, 0xf8, 0x77,
    0x9f, 0xf7, 0x6, 0xff, 0x8a, 0x9f, 0xff, 0xf6,
    0x80, 0xb, 0xff, 0xc0, 0x0, 0x31, 0x2, 0x10,
    0x2f, 0xfb, 0xc7, 0xd0, 0xd8, 0xe, 0xa0, 0x9d,
    0xe9, 0x4, 0xf2, 0xab, 0x4f, 0x30, 0x56, 0xe9,
    0x0, 0xf6, 0x7b, 0xbb, 0x0, 0x0, 0xe9, 0x0,
    0x30, 0x2, 0xf3, 0x0, 0x0, 0xe9, 0x4f, 0xff,
    0xff, 0xff, 0xf0, 0x0, 0xe9, 0x28, 0x88, 0x88,
    0x88, 0x80,

    /* U+6A21 "模" */
    0x0, 0xea, 0x0, 0x3f, 0x70, 0xfa, 0x0, 0x0,
    0xea, 0xc, 0xff, 0xff, 0xff, 0xf3, 0x25, 0xfc,
    0x54, 0x7f, 0x95, 0xfc, 0x51, 0x6f, 0xff, 0xe4,
    0xac, 0xa9, 0xcb, 0x60, 0x2, 0xfc, 0x16, 0xf8,
    0x77, 0x7f, 0x90, 0x3, 0xff, 0x46, 0xff, 0xff,
    0xff, 0x90, 0x8, 0xff, 0xe7, 0xf6, 0x55, 0x5f,
    0x90, 0xe, 0xfb, 0xe9, 0xff, 0xff, 0xff, 0x90,
    0x7f, 0xfa, 0x21, 0x11, 0xde, 0x11, 0x10, 0x8a,
    0xea, 0xf, 0xff, 0xff, 0xff, 0xf4, 0x12, 0xea,
    0x4, 0x5d, 0xfd, 0xf8, 0x41, 0x0, 0xea, 0x27,
    0xdf, 0x80, 0xdf, 0xa3, 0x0, 0xea, 0x2e, 0xa3,
    0x0, 0x7, 0xd2, 0x0, 0x0, 0x0, 0x0, 0x0,
    0x0, 0x0,

    /* U+6B21 "次" */
    0x0, 0x0, 0x0, 0xaa, 0x0, 0x0, 0x0, 0x9,
    0x80, 0x1, 0xfe, 0x0, 0x0, 0x0, 0xb, 0xfd,
    0x35, 0xfe, 0xbb, 0xbb, 0xa2, 0x0, 0x6f, 0x3a,
    0xff, 0xff, 0xff, 0xf5, 0x0, 0x1, 0x2f, 0xd1,
    0x96, 0xb, 0xf1, 0x0, 0x0, 0xcf, 0x61, 0xfb,
    0x1f, 0xb0, 0x0, 0x4, 0x4a, 0x3, 0xfc, 0x1b,
    0x40, 0x0, 0x3f, 0x70, 0x6, 0xff, 0x10, 0x0,
    0x0, 0xcf, 0x30, 0xc, 0xff, 0x70, 0x0, 0x7,
    0xf9, 0x0, 0x6f, 0xdb, 0xf2, 0x0, 0x2f, 0xf1,
    0x3, 0xff, 0x42, 0xfe, 0x20, 0x7, 0x70, 0x7f,
    0xf7, 0x0, 0x7f, 0xf7, 0x0, 0x1, 0xde, 0x50,
    0x0, 0x4, 0xe4, 0x0, 0x0, 0x11, 0x0, 0x0,
    0x0, 0x0,

    /* U+6BD4 "比" */
    0x0, 0x0, 0x0, 0x1, 0x0, 0x0, 0x0, 0xb,
    0xf1, 0x0, 0xf, 0xb0, 0x0, 0x0, 0xb, 0xf1,
    0x0, 0xf, 0xb0, 0x0, 0x0, 0xb, 0xf1, 0x0,
    0xf, 0xb0, 0x9, 0x30, 0xb, 0xf1, 0x0, 0xf,
    0xb0, 0x8f, 0xe0, 0xb, 0xfb, 0xbb, 0x3f, 0xb8,
    0xfe, 0x30, 0xb, 0xff, 0xff, 0x4f, 0xff, 0xc1,
    0x0, 0xb, 0xf1, 0x0, 0xf, 0xf8, 0x0, 0x0,
    0xb, 0xf1, 0x0, 0xf, 0xb0, 0x0, 0x0, 0xb,
    0xf1, 0x0, 0xf, 0xb0, 0x5, 0x50, 0xb, 0xf1,
    0x3, 0x1f, 0xb0, 0x8, 0xf1, 0xb, 0xf9, 0xef,
    0x1f, 0xc0, 0xa, 0xf0, 0x2f, 0xff, 0xe9, 0xe,
    0xfa, 0xaf, 0xc0, 0x2f, 0xb5, 0x0, 0x6, 0xef,
    0xfe, 0x30, 0x1, 0x0, 0x0, 0x0, 0x0, 0x0,
    0x0,

    /* U+6BEB "毫" */
    0x0, 0x0, 0x0, 0x8a, 0x0, 0x0, 0x0, 0x1c,
    0xcc, 0xcc, 0xef, 0xdc, 0xcc, 0xc7, 0x17, 0x77,
    0x77, 0x77, 0x77, 0x77, 0x74, 0x0, 0x2f, 0xfe,
    0xee, 0xef, 0xfb, 0x0, 0x0, 0x2f, 0xb6, 0x66,
    0x67, 0xfb, 0x0, 0x1, 0x27, 0x77, 0x77, 0x77,
    0x75, 0x10, 0xf, 0xff, 0xff, 0xff, 0xff, 0xff,
    0xf7, 0xf, 0x72, 0x45, 0x79, 0xbe, 0x91, 0xf7,
    0x9, 0x4a, 0xcb, 0xfc, 0x65, 0x33, 0x83, 0x1,
    0x9a, 0xbd, 0xff, 0xee, 0xdb, 0x10, 0x2, 0x88,
    0x88, 0xfc, 0x9a, 0xbc, 0xd0, 0xb, 0xdc, 0xba,
    0xfe, 0xa9, 0x87, 0xc6, 0x0, 0x0, 0x0, 0xaf,
    0xff, 0xff, 0xf7,

    /* U+6E05 "清" */
    0x2, 0x50, 0x0, 0x2, 0xf7, 0x0, 0x0, 0xb,
    0xfc, 0x9f, 0xff, 0xff, 0xff, 0xd0, 0x0, 0x8b,
    0x26, 0x68, 0xfa, 0x66, 0x40, 0x0, 0x0, 0x1f,
    0xff, 0xff, 0xff, 0x70, 0x3e, 0x70, 0x88, 0x89,
    0xfb, 0x88, 0x83, 0x2b, 0xf7, 0x88, 0x88, 0x88,
    0x88, 0x84, 0x0, 0x40, 0xe, 0xee, 0xee, 0xee,
    0x50, 0x0, 0x23, 0xf, 0xb4, 0x44, 0x7f, 0x50,
    0x0, 0xaf, 0x1f, 0xff, 0xff, 0xff, 0x50, 0x1,
    0xfb, 0xf, 0xa3, 0x33, 0x6f, 0x50, 0x9, 0xf4,
    0xf, 0xff, 0xff, 0xff, 0x50, 0xf, 0xd0, 0xf,
    0xa2, 0x28, 0xbf, 0x50, 0x2, 0x50, 0xf, 0x80,
    0x9, 0xfc, 0x10,

    /* U+6E38 "游" */
    0x3, 0x30, 0x8, 0x70, 0x7, 0x70, 0x0, 0xd,
    0xf9, 0xc, 0xf2, 0xf, 0xc0, 0x0, 0x1, 0xab,
    0xad, 0xeb, 0x9f, 0xff, 0xf8, 0x0, 0x5, 0xef,
    0xed, 0xff, 0x98, 0x84, 0x1c, 0x50, 0x6f, 0x20,
    0xce, 0x88, 0x81, 0x3e, 0xf5, 0x7f, 0xaa, 0x4c,
    0xff, 0xf4, 0x0, 0x60, 0x8f, 0xdf, 0x60, 0x6f,
    0x60, 0x0, 0x10, 0xae, 0x2f, 0x73, 0xaf, 0x32,
    0x1, 0xf5, 0xbb, 0x2f, 0xbf, 0xff, 0xf9, 0x6,
    0xf4, 0xf8, 0x3f, 0x53, 0xaf, 0x32, 0xc, 0xe5,
    0xf4, 0x5f, 0x20, 0x9f, 0x0, 0x3f, 0x9e, 0xd6,
    0xcf, 0x16, 0xcf, 0x0, 0x2a, 0x3b, 0x4a, 0xe8,
    0xf, 0xf9, 0x0, 0x0, 0x0, 0x0, 0x0, 0x1,
    0x0, 0x0,

    /* U+70B9 "点" */
    0x0, 0x0, 0x0, 0xeb, 0x0, 0x0, 0x0, 0x0,
    0x0, 0x0, 0xee, 0x99, 0x99, 0x80, 0x0, 0x0,
    0x0, 0xef, 0xff, 0xff, 0xc0, 0x0, 0x0, 0x0,
    0xeb, 0x0, 0x0, 0x0, 0x0, 0x89, 0x99, 0xfe,
    0x99, 0x97, 0x0, 0x0, 0xef, 0xff, 0xff, 0xff,
    0xfc, 0x0, 0x0, 0xea, 0x0, 0x0, 0x0, 0xec,
    0x0, 0x0, 0xed, 0x77, 0x77, 0x77, 0xfc, 0x0,
    0x0, 0xef, 0xff, 0xff, 0xff, 0xfc, 0x0, 0x0,
    0x51, 0x0, 0x0, 0x20, 0x26, 0x0, 0x5, 0xf7,
    0x7f, 0x27, 0xf2, 0x9f, 0x50, 0x1e, 0xf1, 0x5f,
    0x52, 0xf8, 0xe, 0xe1, 0x4e, 0x50, 0x4f, 0x50,
    0xc8, 0x6, 0xd3, 0x0, 0x0, 0x0, 0x0, 0x0,
    0x0, 0x0,

    /* U+73A9 "玩" */
    0x8e, 0xee, 0xe4, 0xff, 0xff, 0xff, 0xa0, 0x6a,
    0xfe, 0xa2, 0xaa, 0xaa, 0xaa, 0x60, 0x0, 0xea,
    0x0, 0x0, 0x0, 0x0, 0x0, 0x0, 0xea, 0x1,
    0x11, 0x11, 0x11, 0x10, 0x6f, 0xff, 0xfb, 0xff,
    0xff, 0xff, 0xf6, 0x49, 0xfd, 0x96, 0x8f, 0xcc,
    0xf8, 0x83, 0x0, 0xea, 0x0, 0x2f, 0x79, 0xf0,
    0x0, 0x0, 0xea, 0x11, 0x4f, 0x59, 0xf0, 0x0,
    0x26, 0xff, 0xf7, 0x9f, 0x19, 0xf0, 0x30, 0xbf,
    0xea, 0x66, 0xfb, 0x9, 0xf1, 0xd9, 0x33, 0x1,
    0x9f, 0xe1, 0x9, 0xf9, 0xf7, 0x0, 0x0, 0xca,
    0x10, 0x4, 0xef, 0xe2, 0x0, 0x0, 0x0, 0x0,
    0x0, 0x0, 0x0,

    /* U+7528 "用" */
    0x0, 0xff, 0xff, 0xff, 0xff, 0xff, 0x90, 0xf,
    0xda, 0xae, 0xfa, 0xaa, 0xf9, 0x0, 0xfa, 0x0,
    0xbf, 0x0, 0xf, 0x90, 0xf, 0xd9, 0x9e, 0xf9,
    0x9a, 0xf9, 0x0, 0xff, 0xff, 0xff, 0xff, 0xff,
    0x90, 0xf, 0xa0, 0xb, 0xf0, 0x0, 0xf9, 0x2,
    0xfd, 0x88, 0xdf, 0x88, 0x8f, 0x90, 0x3f, 0xff,
    0xff, 0xff, 0xff, 0xf9, 0x5, 0xf5, 0x0, 0xbf,
    0x0, 0x1f, 0x90, 0xbf, 0x0, 0xb, 0xf0, 0x0,
    0xf9, 0x3f, 0xb0, 0x0, 0xbf, 0x27, 0x9f, 0x94,
    0xe2, 0x0, 0xb, 0xf1, 0xff, 0xe3, 0x0, 0x0,
    0x0, 0x0, 0x1, 0x0, 0x0,

    /* U+7531 "由" */
    0x0, 0x0, 0xf, 0xc0, 0x0, 0x0, 0x0, 0x0,
    0xf, 0xc0, 0x0, 0x0, 0x0, 0x0, 0xf, 0xc0,
    0x0, 0x0, 0x9f, 0xff, 0xff, 0xff, 0xff, 0xfb,
    0x9f, 0xaa, 0xaf, 0xea, 0xaa, 0xfb, 0x9f, 0x10,
    0xf, 0xc0, 0x1, 0xfb, 0x9f, 0x10, 0xf, 0xc0,
    0x1, 0xfb, 0x9f, 0xff, 0xff, 0xff, 0xff, 0xfb,
    0x9f, 0xa9, 0x9f, 0xe9, 0x9a, 0xfb, 0x9f, 0x10,
    0xf, 0xc0, 0x1, 0xfb, 0x9f, 0x10, 0xf, 0xc0,
    0x1, 0xfb, 0x9f, 0xff, 0xff, 0xff, 0xff, 0xfb,
    0x9f, 0xa9, 0x99, 0x99, 0x99, 0xfb,

    /* U+753B "画" */
    0x1f, 0xff, 0xff, 0xff, 0xff, 0xff, 0xf2, 0x19,
    0x99, 0x99, 0x99, 0x99, 0x99, 0x91, 0x0, 0x2,
    0x55, 0x55, 0x55, 0x10, 0x0, 0xa, 0x85, 0xff,
    0xff, 0xff, 0x58, 0xa0, 0xf, 0xc5, 0xf0, 0xca,
    0x1f, 0x5b, 0xf0, 0xf, 0xc5, 0xff, 0xff, 0xff,
    0x5b, 0xf0, 0xf, 0xc5, 0xf5, 0xdc, 0x6f, 0x5b,
    0xf0, 0xf, 0xc5, 0xf7, 0xed, 0x7f, 0x5b, 0xf0,
    0xf, 0xc5, 0xff, 0xff, 0xff, 0x5b, 0xf0, 0xf,
    0xc0, 0x0, 0x0, 0x0, 0xb, 0xf0, 0xf, 0xff,
    0xff, 0xff, 0xff, 0xff, 0xf0, 0x9, 0x99, 0x99,
    0x99, 0x99, 0x9e, 0xf0,

    /* U+7684 "的" */
    0x0, 0xb8, 0x0, 0x9, 0x60, 0x0, 0x0, 0x3f,
    0x90, 0x1, 0xf9, 0x0, 0x0, 0x7a, 0xfa, 0x73,
    0x7f, 0xb9, 0x99, 0x2f, 0xff, 0xff, 0x7e, 0xff,
    0xff, 0xf3, 0xf8, 0x1, 0xfd, 0xf6, 0x0, 0x6f,
    0x2f, 0x80, 0x1f, 0xaa, 0x40, 0x6, 0xf1, 0xff,
    0xff, 0xf6, 0x2f, 0x80, 0x7f, 0x1f, 0xc7, 0x8f,
    0x60, 0xaf, 0x28, 0xf0, 0xf8, 0x1, 0xf6, 0x1,
    0xfa, 0x9f, 0xf, 0x80, 0x1f, 0x60, 0x5, 0x1a,
    0xe0, 0xfc, 0x88, 0xf6, 0x0, 0x0, 0xdc, 0xf,
    0xff, 0xff, 0x60, 0x69, 0xaf, 0x90, 0xc6, 0x0,
    0x0, 0x5, 0xff, 0xc1, 0x0, 0x0, 0x0, 0x0,
    0x0, 0x0, 0x0,

    /* U+786E "确" */
    0x0, 0x0, 0x0, 0x5, 0x60, 0x0, 0x0, 0x2f,
    0xff, 0xfc, 0x1f, 0xff, 0xfd, 0x20, 0x17, 0xde,
    0x76, 0xae, 0x67, 0xff, 0x20, 0x0, 0xe9, 0xa,
    0xfb, 0x7a, 0xfb, 0x73, 0x3, 0xf5, 0xa, 0xff,
    0xff, 0xff, 0xf7, 0xa, 0xff, 0xf8, 0xad, 0xf,
    0x81, 0xf7, 0x3f, 0xf7, 0xf7, 0xaf, 0xff, 0xff,
    0xf7, 0x3f, 0xf1, 0xe7, 0xbe, 0x5f, 0xa6, 0xf7,
    0xa, 0xf1, 0xe7, 0xce, 0x8f, 0xc9, 0xf7, 0x4,
    0xf1, 0xe7, 0xdf, 0xef, 0xfe, 0xf7, 0x4, 0xff,
    0xf9, 0xf7, 0xf, 0x81, 0xf7, 0x4, 0xf8, 0x7c,
    0xf2, 0xf, 0xa7, 0xf7, 0x2, 0x91, 0x9, 0xa0,
    0x9, 0x6f, 0xd2, 0x0, 0x0, 0x0, 0x0, 0x0,
    0x0, 0x0,

    /* U+793A "示" */
    0x0, 0xcf, 0xff, 0xff, 0xff, 0xff, 0x10, 0x0,
    0x8a, 0xaa, 0xaa, 0xaa, 0xaa, 0x10, 0x0, 0x0,
    0x0, 0x0, 0x0, 0x0, 0x0, 0x9, 0x99, 0x99,
    0x99, 0x99, 0x99, 0x94, 0x1f, 0xff, 0xff, 0xff,
    0xff, 0xff, 0xf6, 0x0, 0x0, 0x0, 0xbf, 0x20,
    0x0, 0x0, 0x0, 0x5d, 0x50, 0xbf, 0x12, 0xc8,
    0x0, 0x0, 0xdf, 0x20, 0xbf, 0x10, 0xdf, 0x30,
    0x7, 0xfa, 0x0, 0xbf, 0x10, 0x4f, 0xb0, 0x3f,
    0xe1, 0x0, 0xbf, 0x10, 0xc, 0xf3, 0x5, 0x30,
    0xbb, 0xff, 0x0, 0x4, 0x60, 0x0, 0x0, 0xbf,
    0xe8, 0x0, 0x0, 0x0, 0x0, 0x0, 0x0, 0x0,
    0x0, 0x0, 0x0,

    /* U+79D2 "秒" */
    0x0, 0x16, 0xb3, 0x0, 0x8f, 0x10, 0x0, 0x5e,
    0xff, 0xe7, 0x0, 0x8f, 0x10, 0x0, 0x28, 0xcf,
    0x10, 0x45, 0x8f, 0x4b, 0x10, 0x0, 0x8f, 0x10,
    0xae, 0x8f, 0x4f, 0x80, 0xaf, 0xff, 0xfc, 0xdb,
    0x8f, 0x1c, 0xe0, 0x69, 0xff, 0xa9, 0xf7, 0x8f,
    0x17, 0xf3, 0x3, 0xff, 0xb3, 0xe2, 0x8f, 0x13,
    0x50, 0xb, 0xff, 0xf9, 0x0, 0x8f, 0x1e, 0xc0,
    0x5f, 0xdf, 0x74, 0x0, 0x5a, 0x8f, 0x60, 0xbc,
    0x9f, 0x10, 0x0, 0x6, 0xfc, 0x0, 0x32, 0x8f,
    0x10, 0x4, 0xbf, 0xd1, 0x0, 0x0, 0x8f, 0x1a,
    0xef, 0xf8, 0x0, 0x0, 0x0, 0x8f, 0x18, 0xb6,
    0x10, 0x0, 0x0,

    /* U+79FB "移" */
    0x0, 0x3, 0x70, 0x0, 0x68, 0x10, 0x0, 0x2a,
    0xef, 0xf5, 0x6, 0xff, 0x76, 0x30, 0xb, 0xdf,
    0x21, 0xaf, 0xff, 0xff, 0xa0, 0x0, 0x8f, 0x8,
    0xfa, 0x72, 0xde, 0x10, 0x6c, 0xef, 0xc7, 0x17,
    0xff, 0xe3, 0x0, 0x6b, 0xff, 0xba, 0x9e, 0xff,
    0x80, 0x0, 0x4, 0xff, 0x83, 0xe8, 0x9f, 0xd7,
    0x71, 0xa, 0xff, 0xf6, 0x7, 0xff, 0xff, 0xf5,
    0x3f, 0xcf, 0x87, 0xdf, 0xb1, 0x1e, 0xd0, 0x9d,
    0x8f, 0x1, 0xb5, 0xde, 0xdf, 0x30, 0x24, 0x8f,
    0x0, 0x0, 0x8f, 0xf3, 0x0, 0x0, 0x8f, 0x4,
    0x9e, 0xfa, 0x20, 0x0, 0x0, 0x8f, 0x6, 0xe8,
    0x30, 0x0, 0x0, 0x0, 0x0, 0x0, 0x0, 0x0,
    0x0, 0x0,

    /* U+7A0B "程" */
    0x0, 0x0, 0x30, 0x0, 0x0, 0x0, 0x0, 0x37,
    0xbf, 0xf4, 0xbf, 0xff, 0xff, 0x80, 0x6d, 0xef,
    0x50, 0xbd, 0x66, 0x7f, 0x80, 0x0, 0x8f, 0x10,
    0xbc, 0x0, 0xf, 0x80, 0x7d, 0xef, 0xd7, 0xbf,
    0xee, 0xef, 0x80, 0x48, 0xff, 0x94, 0x34, 0x44,
    0x44, 0x20, 0x3, 0xff, 0xb2, 0xff, 0xff, 0xff,
    0xd0, 0xa, 0xff, 0xfa, 0x77, 0xbf, 0x97, 0x70,
    0x4f, 0xdf, 0x94, 0x22, 0x8f, 0x42, 0x10, 0xbc,
    0x8f, 0x10, 0xdf, 0xff, 0xff, 0x90, 0x53, 0x8f,
    0x10, 0x33, 0x9f, 0x63, 0x20, 0x0, 0x8f, 0x16,
    0x77, 0xbf, 0x87, 0x71, 0x0, 0x8f, 0x1e, 0xff,
    0xff, 0xff, 0xf3,

    /* U+7B2C "第" */
    0x0, 0x0, 0x0, 0x0, 0x0, 0x0, 0x0, 0x0,
    0xae, 0x10, 0x0, 0xec, 0x0, 0x0, 0x3, 0xff,
    0xff, 0xf8, 0xff, 0xff, 0xf6, 0x1e, 0xe6, 0xfa,
    0x5f, 0xd5, 0xfc, 0x31, 0x3c, 0x52, 0xc8, 0x4c,
    0x62, 0xaa, 0x0, 0x5, 0xff, 0xff, 0xff, 0xff,
    0xff, 0x10, 0x1, 0x33, 0x33, 0xfc, 0x33, 0xbf,
    0x10, 0x0, 0xcf, 0xff, 0xff, 0xff, 0xff, 0x10,
    0x0, 0xfc, 0x66, 0xfc, 0x66, 0x66, 0x0, 0x1,
    0xfc, 0x66, 0xfd, 0x66, 0x66, 0x50, 0x3, 0xff,
    0xff, 0xff, 0xff, 0xff, 0xa0, 0x0, 0x5, 0xee,
    0xfa, 0x0, 0x2f, 0x80, 0x17, 0xdf, 0x90, 0xfa,
    0x1d, 0xef, 0x40, 0xb, 0x92, 0x0, 0xfa, 0x8,
    0x95, 0x0,

    /* U+7B80 "简" */
    0x0, 0x0, 0x0, 0x0, 0x0, 0x0, 0x0, 0x0,
    0x9d, 0x10, 0x0, 0xbc, 0x0, 0x0, 0x2, 0xff,
    0xff, 0xf4, 0xff, 0xee, 0xe6, 0x1d, 0xf8, 0xfb,
    0x7e, 0xf7, 0xfd, 0x62, 0x2c, 0x52, 0xc8, 0x7,
    0x60, 0x8b, 0x0, 0x0, 0xbf, 0x3d, 0xee, 0xee,
    0xee, 0xd0, 0x5, 0x9f, 0x77, 0x88, 0x88, 0x8e,
    0xe0, 0xb, 0xe2, 0x24, 0x44, 0x43, 0xb, 0xe0,
    0xb, 0xe0, 0x7f, 0xff, 0xfe, 0xb, 0xe0, 0xb,
    0xe0, 0x7f, 0x44, 0xbe, 0xb, 0xe0, 0xb, 0xe0,
    0x7f, 0xdd, 0xfe, 0xb, 0xe0, 0xb, 0xe0, 0x7f,
    0x55, 0xbe, 0xb, 0xe0, 0xb, 0xe0, 0x6d, 0xdd,
    0xdf, 0x6e, 0xe0, 0xb, 0xe0, 0x0, 0x0, 0x2,
    0xfe, 0x70, 0x0, 0x0, 0x0, 0x0, 0x0, 0x0,
    0x0,

    /* U+7EAA "纪" */
    0x0, 0x19, 0x20, 0x0, 0x0, 0x0, 0x0, 0x0,
    0x9f, 0x50, 0xdf, 0xff, 0xff, 0xa0, 0x2, 0xfb,
    0x0, 0x9a, 0xaa, 0xaf, 0xa0, 0xc, 0xf1, 0x76,
    0x0, 0x0, 0x1f, 0xa0, 0xaf, 0xc9, 0xfc, 0x0,
    0x0, 0x1f, 0xa0, 0xaf, 0xef, 0xe1, 0x69, 0x99,
    0xaf, 0xa0, 0x11, 0xdf, 0x20, 0xaf, 0xff, 0xff,
    0xa0, 0x1c, 0xfb, 0x96, 0xaf, 0x10, 0xc, 0x80,
    0xaf, 0xff, 0xf8, 0xaf, 0x10, 0x0, 0x0, 0x47,
    0x41, 0x0, 0xaf, 0x10, 0x2, 0x71, 0x1, 0x47,
    0x98, 0xaf, 0x10, 0x4, 0xf5, 0xbf, 0xff, 0xe9,
    0x9f, 0xb9, 0x9d, 0xf2, 0x68, 0x51, 0x0, 0x2c,
    0xef, 0xfe, 0x80,

    /* U+7EC3 "练" */
    0x0, 0x0, 0x0, 0x0, 0x0, 0x0, 0x0, 0x0,
    0xb8, 0x0, 0x7, 0xd2, 0x0, 0x0, 0x1, 0xf9,
    0x6, 0x7c, 0xf7, 0x77, 0x70, 0x6, 0xf2, 0xd,
    0xff, 0xff, 0xff, 0xf1, 0xd, 0xa6, 0x81, 0x3f,
    0x70, 0x0, 0x0, 0x7f, 0xae, 0xc9, 0xff, 0xff,
    0x40, 0x0, 0x5e, 0xff, 0x24, 0xfc, 0xaf, 0x40,
    0x0, 0x2, 0xf8, 0x5, 0xfa, 0xaf, 0x97, 0x60,
    0x1d, 0xfc, 0xd7, 0xff, 0xff, 0xff, 0xd0, 0x6f,
    0xfb, 0x70, 0x51, 0x6f, 0x42, 0x10, 0x4, 0x4,
    0x62, 0xf9, 0x5f, 0x5f, 0x80, 0x29, 0xef, 0xab,
    0xf1, 0x5f, 0x4a, 0xf1, 0x5f, 0xa2, 0x4f, 0x57,
    0xbf, 0x32, 0xf5, 0x11, 0x0, 0x3, 0xb, 0xfb,
    0x0, 0x20, 0x0, 0x0, 0x0, 0x0, 0x0, 0x0,
    0x0,

    /* U+7EDF "统" */
    0x0, 0x0, 0x0, 0x0, 0x0, 0x0, 0x0, 0x0,
    0x99, 0x0, 0x0, 0xa9, 0x0, 0x0, 0x1, 0xfd,
    0x0, 0x0, 0xbe, 0x10, 0x0, 0x7, 0xf4, 0xa,
    0xff, 0xff, 0xff, 0xf2, 0x1e, 0xc4, 0xc7, 0x7d,
    0xf9, 0x78, 0x71, 0xbf, 0xbd, 0xe1, 0x4f, 0xb0,
    0xbd, 0x0, 0x9f, 0xff, 0x56, 0xff, 0x99, 0xcf,
    0x80, 0x13, 0xfa, 0xc, 0xff, 0xec, 0xbc, 0xf1,
    0x2e, 0xfc, 0xe3, 0x7d, 0x39, 0xd2, 0x40, 0xaf,
    0xfc, 0x90, 0x6f, 0x3a, 0xf0, 0x0, 0x35, 0x1,
    0x60, 0x9f, 0x1a, 0xf0, 0x40, 0x15, 0xbf, 0xf4,
    0xed, 0xa, 0xf0, 0xf5, 0xaf, 0xe9, 0x6d, 0xf5,
    0xa, 0xf8, 0xf3, 0x45, 0x0, 0x5f, 0x70, 0x5,
    0xff, 0xc0, 0x0, 0x0, 0x1, 0x0, 0x0, 0x0,
    0x0,

    /* U+7EE7 "继" */
    0x0, 0x0, 0x0, 0x0, 0x0, 0x0, 0x0, 0x0,
    0x88, 0x0, 0x0, 0x6, 0xf0, 0x0, 0x0, 0xef,
    0x17, 0xf3, 0x46, 0xf0, 0x61, 0x4, 0xf9, 0x7,
    0xf6, 0xc6, 0xf5, 0xf0, 0xb, 0xf2, 0x88, 0xf2,
    0xf8, 0xfa, 0x80, 0x6f, 0x98, 0xfb, 0xf5, 0x7a,
    0xf7, 0x72, 0x7f, 0xff, 0x87, 0xfb, 0xff, 0xff,
    0xf5, 0x13, 0xdc, 0x7, 0xf0, 0x2f, 0xfa, 0x0,
    0xa, 0xf9, 0x98, 0xf1, 0xce, 0xfd, 0x80, 0x6f,
    0xfe, 0xb7, 0xf9, 0xf7, 0xf3, 0xf3, 0x14, 0x10,
    0x7, 0xf4, 0x46, 0xf0, 0x40, 0x26, 0x9d, 0xfa,
    0xf0, 0x4, 0xa0, 0x0, 0x6f, 0xd9, 0x47, 0xff,
    0xff, 0xff, 0xf8, 0x11, 0x0, 0x3, 0x77, 0x77,
    0x77, 0x74,

    /* U+7EED "续" */
    0x0, 0x6a, 0x10, 0x0, 0x9f, 0x0, 0x0, 0x0,
    0xcd, 0x0, 0xdd, 0xff, 0xdd, 0x60, 0x3, 0xf5,
    0x0, 0x99, 0xdf, 0xa9, 0x40, 0xb, 0xc2, 0xa4,
    0x77, 0xcf, 0x77, 0x61, 0x7f, 0x9b, 0xd7, 0xff,
    0xff, 0xff, 0xf1, 0x7d, 0xef, 0x30, 0x4b, 0x7e,
    0x3b, 0xb0, 0x1, 0xe8, 0x14, 0xa7, 0xaf, 0x34,
    0x30, 0xc, 0xff, 0xe1, 0xb9, 0x6f, 0x20, 0x0,
    0x7f, 0xd8, 0x3b, 0xff, 0xff, 0xff, 0xf1, 0x12,
    0x5, 0x95, 0x79, 0xfc, 0x97, 0x70, 0x3a, 0xff,
    0xc0, 0x1d, 0xf6, 0xf9, 0x0, 0x6f, 0x93, 0x7,
    0xff, 0x50, 0x5f, 0xc0, 0x10, 0x0, 0xa, 0xc3,
    0x0, 0x3, 0xd2, 0x0, 0x0, 0x0, 0x0, 0x0,
    0x0, 0x0,

    /* U+7F6E "置" */
    0x5, 0xff, 0xff, 0xff, 0xff, 0xff, 0xc0, 0x5,
    0xf8, 0x7f, 0x96, 0xfa, 0x5e, 0xc0, 0x4, 0xee,
    0xee, 0xff, 0xee, 0xee, 0xb0, 0x8, 0x99, 0x99,
    0xef, 0x99, 0x99, 0x91, 0x7, 0x88, 0x88, 0xfd,
    0x88, 0x88, 0x81, 0x0, 0x6f, 0xff, 0xff, 0xff,
    0xfd, 0x0, 0x0, 0x6f, 0x87, 0x77, 0x77, 0xed,
    0x0, 0x0, 0x6f, 0x87, 0x77, 0x77, 0xed, 0x0,
    0x0, 0x6f, 0xdd, 0xdd, 0xdd, 0xfd, 0x0, 0x0,
    0x6f, 0xa9, 0x99, 0x99, 0xed, 0x0, 0x3, 0x8f,
    0x87, 0x77, 0x77, 0xed, 0x31, 0x1f, 0xff, 0xff,
    0xff, 0xff, 0xff, 0xf8,

    /* U+81F4 "致" */
    0x0, 0x0, 0x0, 0x0, 0x89, 0x0, 0x0, 0x7f,
    0xff, 0xff, 0xe0, 0xec, 0x0, 0x0, 0x39, 0xfd,
    0x9c, 0x72, 0xfc, 0x88, 0x83, 0x7, 0xf4, 0xae,
    0x8, 0xff, 0xff, 0xf7, 0x4f, 0xea, 0xcf, 0x8e,
    0xf1, 0x3f, 0x90, 0x3f, 0xec, 0xbd, 0xff, 0xf4,
    0x5f, 0x50, 0x0, 0xd, 0x80, 0xce, 0xf9, 0x8f,
    0x20, 0x18, 0x9f, 0xd8, 0x73, 0xce, 0xde, 0x0,
    0x2f, 0xff, 0xff, 0xb0, 0x6f, 0xf8, 0x0, 0x0,
    0xf, 0x90, 0x0, 0x1f, 0xf3, 0x0, 0x13, 0x5f,
    0xdb, 0xc2, 0xdf, 0xfc, 0x10, 0x8f, 0xff, 0xfe,
    0xee, 0xfa, 0x9f, 0xe4, 0x48, 0x53, 0x0, 0x4f,
    0x70, 0x8, 0xf3, 0x0, 0x0, 0x0, 0x1, 0x0,
    0x0, 0x10,

    /* U+85CF "藏" */
    0x0, 0x0, 0xfa, 0x0, 0x5f, 0x40, 0x0, 0x1f,
    0xff, 0xff, 0xff, 0xff, 0xff, 0xf6, 0x6, 0x66,
    0xfc, 0x66, 0x9f, 0xaa, 0xc2, 0x6, 0x25, 0x77,
    0x66, 0x7e, 0xcb, 0xf4, 0xe, 0x5d, 0xff, 0xff,
    0xff, 0xff, 0xf8, 0xe, 0x7e, 0x96, 0x66, 0x6b,
    0xb2, 0x51, 0xd, 0xff, 0x8f, 0xcf, 0xb9, 0xc7,
    0xf1, 0x1, 0x1d, 0x8f, 0xaf, 0xa9, 0xdc, 0xc0,
    0x8f, 0xff, 0x7f, 0x66, 0xf8, 0xff, 0x60, 0x2d,
    0x9f, 0x7f, 0xee, 0xf5, 0xfe, 0x0, 0xe, 0x5f,
    0x5f, 0x4f, 0x34, 0xf9, 0x54, 0x5e, 0x4f, 0x1f,
    0xff, 0xff, 0xfe, 0xc9, 0x13, 0x5b, 0x0, 0x0,
    0x8c, 0x4d, 0xe3, 0x0, 0x0, 0x0, 0x0, 0x0,
    0x0, 0x0,

    /* U+8BA1 "计" */
    0x1, 0xa2, 0x0, 0x0, 0xbf, 0x10, 0x0, 0x4,
    0xfe, 0x30, 0x0, 0xbf, 0x10, 0x0, 0x0, 0x3f,
    0x80, 0x0, 0xbf, 0x10, 0x0, 0x0, 0x3, 0x0,
    0x0, 0xbf, 0x10, 0x0, 0x69, 0x99, 0x18, 0x88,
    0xdf, 0x88, 0x82, 0xaf, 0xff, 0x2f, 0xff, 0xff,
    0xff, 0xf5, 0x0, 0xaf, 0x13, 0x33, 0xcf, 0x43,
    0x31, 0x0, 0x9f, 0x10, 0x0, 0xbf, 0x10, 0x0,
    0x0, 0x9f, 0x11, 0x0, 0xbf, 0x10, 0x0, 0x0,
    0x9f, 0xac, 0x0, 0xbf, 0x10, 0x0, 0x0, 0xcf,
    0xf9, 0x0, 0xbf, 0x10, 0x0, 0x3, 0xfe, 0x50,
    0x0, 0xbf, 0x10, 0x0, 0x0, 0xa1, 0x0, 0x0,
    0xbf, 0x10, 0x0,

    /* U+8BBE "设" */
    0x0, 0x10, 0x0, 0x0, 0x0, 0x0, 0x0, 0x6,
    0xf5, 0x0, 0x8f, 0xff, 0xf7, 0x0, 0x1, 0xbf,
    0x50, 0x9f, 0x89, 0xf7, 0x0, 0x0, 0x8, 0x10,
    0xde, 0x1, 0xf8, 0x0, 0x47, 0x75, 0x1b, 0xf7,
    0x0, 0xfd, 0xa3, 0x8e, 0xfa, 0x1b, 0x60, 0x0,
    0x48, 0x82, 0x0, 0xea, 0xb, 0xff, 0xff, 0xff,
    0x70, 0x0, 0xea, 0x8, 0xfc, 0x99, 0xdf, 0x40,
    0x0, 0xea, 0x20, 0xde, 0x12, 0xfd, 0x0, 0x0,
    0xed, 0xe4, 0x2f, 0xcd, 0xf2, 0x0, 0x0, 0xff,
    0xc1, 0x1b, 0xff, 0xa1, 0x0, 0x7, 0xfb, 0x5c,
    0xff, 0xce, 0xff, 0xb3, 0x1, 0x90, 0x4e, 0xa4,
    0x0, 0x6c, 0xe1, 0x0, 0x0, 0x0, 0x0, 0x0,
    0x0, 0x0,

    /* U+8BD5 "试" */
    0x0, 0x80, 0x0, 0x0, 0xc, 0xe7, 0x70, 0x5,
    0xfc, 0x0, 0x0, 0xc, 0xe9, 0xf2, 0x0, 0x7f,
    0x70, 0x0, 0xc, 0xf2, 0xd3, 0x0, 0x6, 0x1f,
    0xff, 0xff, 0xff, 0xf8, 0x26, 0x66, 0x8, 0x88,
    0x8d, 0xf8, 0x84, 0x4f, 0xfe, 0x0, 0x0, 0x9,
    0xf0, 0x0, 0x0, 0xae, 0xa, 0xff, 0xf9, 0xf1,
    0x0, 0x0, 0xae, 0x5, 0xcf, 0x87, 0xf3, 0x0,
    0x0, 0xae, 0x0, 0x8f, 0x5, 0xf5, 0x0, 0x0,
    0xaf, 0x53, 0x8f, 0x14, 0xf8, 0x94, 0x0, 0xcf,
    0xfb, 0xcf, 0xf8, 0xfd, 0xd8, 0x3, 0xfe, 0x5b,
    0xfb, 0x61, 0xaf, 0xf4, 0x0, 0x91, 0x1, 0x0,
    0x0, 0x2d, 0xb0, 0x0, 0x0, 0x0, 0x0, 0x0,
    0x0, 0x0,

    /* U+8C03 "调" */
    0x0, 0x10, 0x0, 0x0, 0x0, 0x0, 0x0, 0x9e,
    0x30, 0xef, 0xff, 0xff, 0xff, 0x1, 0xbf, 0x1e,
    0xc7, 0xbb, 0x7b, 0xf0, 0x0, 0x20, 0xe8, 0xcf,
    0xfd, 0x7f, 0x7c, 0xc9, 0xe, 0x82, 0xbb, 0x37,
    0xf9, 0xff, 0xb0, 0xe9, 0x5c, 0xc5, 0x8f, 0x23,
    0xfb, 0xe, 0x8c, 0xcc, 0xc9, 0xf0, 0xe, 0xb0,
    0xe7, 0x55, 0x54, 0x7f, 0x0, 0xeb, 0xf, 0x5f,
    0xee, 0xd7, 0xf0, 0xe, 0xd9, 0xf4, 0xf6, 0x7d,
    0x7f, 0x1, 0xff, 0xff, 0x1f, 0xff, 0xd7, 0xf0,
    0x8f, 0xbd, 0xc0, 0xb3, 0x7, 0xcf, 0x2, 0x70,
    0x94, 0x0, 0x0, 0xdf, 0x80, 0x0, 0x0, 0x0,
    0x0, 0x0, 0x0,

    /* U+8DC3 "跃" */
    0x0, 0x0, 0x0, 0x0, 0x0, 0x5, 0x0, 0xf,
    0xff, 0xf8, 0x37, 0x9c, 0xff, 0xb0, 0xf, 0xa6,
    0xf8, 0x8e, 0xdf, 0xc4, 0x0, 0xf, 0x72, 0xe8,
    0x0, 0x1f, 0x90, 0x0, 0xf, 0xff, 0xf8, 0x0,
    0x1f, 0x90, 0x0, 0x4, 0x7f, 0x62, 0xce, 0xef,
    0xfe, 0xe6, 0x8, 0x6f, 0x41, 0x9a, 0xbf, 0xea,
    0xa5, 0x1f, 0x7f, 0xfa, 0x0, 0x4f, 0xf0, 0x0,
    0x1f, 0x7f, 0x73, 0x0, 0x8f, 0xf5, 0x0, 0x1f,
    0x7f, 0x30, 0x0, 0xed, 0xeb, 0x0, 0x1f, 0xaf,
    0xeb, 0xa, 0xf4, 0x7f, 0x50, 0x8f, 0xff, 0xb6,
    0xaf, 0xa0, 0xe, 0xf5, 0x59, 0x40, 0x3, 0xfa,
    0x0, 0x2, 0xe5, 0x0, 0x0, 0x0, 0x20, 0x0,
    0x0, 0x10,

    /* U+8DF3 "跳" */
    0x0, 0x0, 0x0, 0x9, 0xe5, 0xf3, 0x0, 0xe,
    0xff, 0xf5, 0x9, 0xe5, 0xf3, 0x0, 0xe, 0xa7,
    0xf9, 0x89, 0xe5, 0xf4, 0xb3, 0xe, 0x61, 0xfb,
    0xfe, 0xe5, 0xfb, 0xf4, 0xe, 0xff, 0xf5, 0xef,
    0xe5, 0xff, 0xb0, 0x5, 0x8f, 0x72, 0x5b, 0xe5,
    0xf7, 0x10, 0xb, 0x6f, 0x51, 0x9, 0xe5, 0xfa,
    0x0, 0xf, 0x6f, 0xf9, 0xaf, 0xd5, 0xff, 0xd1,
    0xf, 0x6f, 0x4e, 0xff, 0xb5, 0xf7, 0xf9, 0xf,
    0x6f, 0x27, 0x4f, 0x85, 0xf3, 0x30, 0x1f, 0xcf,
    0xfb, 0x7f, 0x35, 0xf3, 0x87, 0x8f, 0xea, 0x67,
    0xfb, 0x4, 0xfa, 0xdb, 0x23, 0x0, 0x7, 0xd1,
    0x1, 0xdf, 0xf4, 0x0, 0x0, 0x0, 0x0, 0x0,
    0x0, 0x0,

    /* U+8FD4 "返" */
    0x3, 0x20, 0x0, 0x2, 0x34, 0x7a, 0x50, 0x1e,
    0xe2, 0xb, 0xff, 0xff, 0xfe, 0xb1, 0x4, 0xfc,
    0xb, 0xf6, 0x53, 0x20, 0x0, 0x0, 0x51, 0xb,
    0xf9, 0x99, 0x99, 0x50, 0x0, 0x0, 0xc, 0xfd,
    0xdd, 0xef, 0x90, 0x7f, 0xfb, 0xd, 0xd4, 0x40,
    0x7f, 0x40, 0x49, 0xfc, 0xe, 0xbc, 0xf7, 0xfd,
    0x0, 0x0, 0xec, 0x1f, 0x90, 0xbf, 0xf4, 0x0,
    0x0, 0xec, 0x7f, 0x52, 0xcf, 0xfa, 0x0, 0x0,
    0xed, 0xee, 0x8f, 0xf6, 0xaf, 0xa0, 0x8, 0xfe,
    0x64, 0x2a, 0x10, 0x9, 0x20, 0x8f, 0xac, 0xfe,
    0xba, 0x99, 0xab, 0xc6, 0x2c, 0x0, 0x5a, 0xef,
    0xff, 0xff, 0xe3, 0x0, 0x0, 0x0, 0x0, 0x0,
    0x0, 0x0,

    /* U+8FDB "进" */
    0x0, 0x10, 0x0, 0x0, 0x0, 0x0, 0x0, 0xc,
    0xe3, 0x0, 0x8f, 0x11, 0xf9, 0x0, 0x2, 0xee,
    0x38, 0xcf, 0x99, 0xfd, 0x81, 0x0, 0x23, 0x3f,
    0xff, 0xff, 0xff, 0xf3, 0x0, 0x0, 0x0, 0x9f,
    0x11, 0xf9, 0x0, 0x4d, 0xdc, 0x0, 0x9f, 0x1,
    0xf9, 0x0, 0x3b, 0xee, 0x5f, 0xff, 0xff, 0xff,
    0xf7, 0x0, 0xbe, 0x3a, 0xfe, 0xaa, 0xfd, 0xa5,
    0x0, 0xbe, 0x2, 0xf9, 0x1, 0xf9, 0x0, 0x0,
    0xbe, 0xa, 0xf4, 0x1, 0xf9, 0x0, 0x1, 0xdf,
    0x1c, 0xa0, 0x1, 0xf9, 0x0, 0x4e, 0xcb, 0xfd,
    0xb9, 0x89, 0xfd, 0x97, 0x1d, 0x10, 0x3a, 0xef,
    0xff, 0xff, 0xe6, 0x0, 0x0, 0x0, 0x0, 0x0,
    0x0, 0x0,

    /* U+9009 "选" */
    0x3, 0x20, 0x0, 0x72, 0x9f, 0x0, 0x0, 0x1e,
    0xe3, 0x6, 0xf7, 0xaf, 0x22, 0x20, 0x3, 0xfe,
    0x1d, 0xff, 0xff, 0xff, 0xf0, 0x0, 0x54, 0x6f,
    0x94, 0xbf, 0x44, 0x40, 0x0, 0x0, 0x18, 0x11,
    0xaf, 0x21, 0x10, 0x28, 0x87, 0x7f, 0xff, 0xff,
    0xff, 0xf8, 0x3f, 0xfe, 0x12, 0x6f, 0x99, 0xf4,
    0x21, 0x0, 0xbe, 0x0, 0x9f, 0x48, 0xf1, 0x0,
    0x0, 0xae, 0x2, 0xfe, 0x8, 0xf1, 0xb6, 0x0,
    0xae, 0x5f, 0xf4, 0x8, 0xfa, 0xf9, 0x0, 0xbf,
    0x8d, 0x40, 0x2, 0xdf, 0xe3, 0x1a, 0xfd, 0xfe,
    0xa8, 0x78, 0x89, 0xa6, 0x1e, 0x70, 0x18, 0xdf,
    0xff, 0xff, 0xf5, 0x1, 0x0, 0x0, 0x0, 0x0,
    0x0, 0x0,

    /* U+901A "通" */
    0x0, 0x0, 0x0, 0x0, 0x0, 0x0, 0x0, 0x9,
    0x60, 0xe, 0xff, 0xff, 0xff, 0x60, 0xa, 0xf9,
    0x4, 0x8d, 0x99, 0xfa, 0x10, 0x0, 0x8c, 0x13,
    0x7c, 0xff, 0xd4, 0x30, 0x0, 0x0, 0xf, 0xff,
    0xff, 0xff, 0xd0, 0x26, 0x65, 0xf, 0xa4, 0xbf,
    0x4d, 0xd0, 0x7f, 0xfe, 0xf, 0xfe, 0xff, 0xef,
    0xd0, 0x12, 0xce, 0xf, 0xa4, 0xbf, 0x4d, 0xd0,
    0x0, 0xbe, 0xf, 0xff, 0xff, 0xff, 0xd0, 0x0,
    0xbe, 0xf, 0x80, 0x9e, 0x3d, 0xd0, 0x1, 0xdf,
    0x3f, 0x70, 0x8d, 0x9f, 0x80, 0x3e, 0xdb, 0xfb,
    0x87, 0x67, 0x78, 0x94, 0x2d, 0x10, 0x4a, 0xef,
    0xff, 0xff, 0xe2, 0x0, 0x0, 0x0, 0x0, 0x0,
    0x0, 0x0,

    /* U+914D "配" */
    0x6f, 0xff, 0xff, 0xf7, 0xff, 0xff, 0xf1, 0x37,
    0xbc, 0xe9, 0x74, 0x99, 0x9d, 0xf1, 0x2f, 0xff,
    0xff, 0xb0, 0x0, 0x8, 0xf1, 0x2f, 0xab, 0xec,
    0xb0, 0x22, 0x29, 0xf1, 0x2f, 0x68, 0xc9, 0xb6,
    0xff, 0xff, 0xf1, 0x2f, 0x76, 0xc9, 0xb6, 0xfa,
    0x8c, 0xf1, 0x2f, 0xc1, 0xbe, 0xb6, 0xf3, 0x6,
    0xb0, 0x2f, 0x42, 0x2a, 0xb6, 0xf3, 0x0, 0x0,
    0x2f, 0xff, 0xff, 0xb6, 0xf3, 0x0, 0x71, 0x2f,
    0x20, 0x9, 0xb6, 0xf3, 0x0, 0xf8, 0x2f, 0xff,
    0xff, 0xb5, 0xfb, 0x8a, 0xf6, 0x2f, 0x64, 0x4a,
    0xa1, 0xcf, 0xff, 0xc0, 0x1, 0x0, 0x0, 0x0,
    0x0, 0x0, 0x0,

    /* U+91CD "重" */
    0x0, 0x0, 0x0, 0x1, 0x34, 0x65, 0x0, 0x0,
    0xce, 0xff, 0xff, 0xff, 0xfc, 0x0, 0x3, 0x89,
    0x98, 0xdf, 0x54, 0x33, 0x31, 0x1c, 0xcc, 0xcc,
    0xff, 0xcc, 0xcc, 0xc6, 0x0, 0x8c, 0xcc, 0xff,
    0xcc, 0xcc, 0x10, 0x0, 0xaf, 0x55, 0xcf, 0x55,
    0xbf, 0x20, 0x0, 0xaf, 0xff, 0xff, 0xff, 0xff,
    0x20, 0x0, 0xaf, 0x44, 0xcf, 0x44, 0xbf, 0x20,
    0x0, 0xaf, 0xff, 0xff, 0xff, 0xff, 0x20, 0x0,
    0x66, 0x66, 0xdf, 0x66, 0x66, 0x40, 0x1, 0xdd,
    0xdd, 0xff, 0xdd, 0xdd, 0x90, 0x15, 0x55, 0x55,
    0xdf, 0x55, 0x55, 0x53, 0x2f, 0xff, 0xff, 0xff,
    0xff, 0xff, 0xf8,

    /* U+91CF "量" */
    0x0, 0x5f, 0xed, 0xdd, 0xdd, 0xfc, 0x0, 0x0,
    0x5f, 0xb9, 0x99, 0x99, 0xfc, 0x0, 0x0, 0x5f,
    0xed, 0xdd, 0xdd, 0xfc, 0x0, 0x19, 0x99, 0x99,
    0x99, 0x99, 0x99, 0x95, 0x19, 0x99, 0x99, 0x99,
    0x99, 0x99, 0x96, 0x0, 0x9f, 0xee, 0xef, 0xee,
    0xef, 0x10, 0x0, 0x9f, 0x88, 0xcf, 0x88, 0xcf,
    0x10, 0x0, 0x9f, 0x66, 0xcf, 0x76, 0xbf, 0x10,
    0x0, 0x8d, 0xdd, 0xff, 0xdd, 0xdd, 0x10, 0x0,
    0xab, 0xbb, 0xef, 0xbb, 0xbb, 0x40, 0x4, 0x88,
    0x88, 0xdf, 0x88, 0x88, 0x52, 0x2f, 0xff, 0xff,
    0xff, 0xff, 0xff, 0xf9,

    /* U+949F "钟" */
    0x0, 0xc8, 0x0, 0x0, 0xf, 0x90, 0x0, 0x5,
    0xfc, 0x77, 0x0, 0xf, 0x90, 0x0, 0x1e, 0xff,
    0xfe, 0x11, 0x2f, 0xa1, 0x10, 0x7f, 0x50, 0x0,
    0xcf, 0xff, 0xff, 0xf8, 0x1c, 0xff, 0xfa, 0xcd,
    0x8f, 0xc8, 0xf8, 0x3, 0xbf, 0xa5, 0xcb, 0xf,
    0x91, 0xf8, 0x2, 0x7f, 0x52, 0xcb, 0xf, 0x91,
    0xf8, 0x2f, 0xff, 0xfe, 0xcf, 0xff, 0xff, 0xf8,
    0x15, 0x9f, 0x75, 0xce, 0xaf, 0xda, 0xf8, 0x0,
    0x5f, 0x30, 0x77, 0xf, 0x90, 0x84, 0x0, 0x7f,
    0xbe, 0x0, 0xf, 0x90, 0x0, 0x0, 0xdf, 0xe7,
    0x0, 0xf, 0x90, 0x0, 0x0, 0xa7, 0x0, 0x0,
    0xf, 0x90, 0x0,

    /* U+952E "键" */
    0x0, 0x0, 0x0, 0x0, 0x0, 0x0, 0x0, 0x2,
    0xe5, 0x0, 0x2, 0x3, 0xf0, 0x0, 0x7, 0xfb,
    0x7e, 0xff, 0x8d, 0xfc, 0xc0, 0x1e, 0xff, 0xd7,
    0xdc, 0x49, 0xf9, 0xf0, 0x6f, 0x20, 0x0, 0xe6,
    0xff, 0xff, 0xfc, 0x1e, 0xee, 0xd6, 0xf2, 0x36,
    0xf6, 0xf2, 0x6, 0xfc, 0x8f, 0xff, 0x9f, 0xff,
    0xf0, 0x1, 0xe9, 0x14, 0x7f, 0x27, 0xf5, 0x40,
    0x1f, 0xff, 0xf8, 0x9d, 0x9f, 0xff, 0xf2, 0x5,
    0xeb, 0x5b, 0xfa, 0x36, 0xf4, 0x41, 0x0, 0xe8,
    0x25, 0xf7, 0xef, 0xff, 0xf6, 0x0, 0xee, 0xf6,
    0xfb, 0x3, 0xf0, 0x0, 0x5, 0xfe, 0x6e, 0xbd,
    0xe9, 0x85, 0x54, 0x4, 0xc1, 0x8d, 0x11, 0x8c,
    0xef, 0xf9, 0x0, 0x0, 0x1, 0x0, 0x0, 0x0,
    0x0,

    /* U+957F "长" */
    0x0, 0xb, 0xf0, 0x0, 0x0, 0x96, 0x0, 0x0,
    0xb, 0xf0, 0x0, 0x1c, 0xfa, 0x0, 0x0, 0xb,
    0xf0, 0x18, 0xff, 0x80, 0x0, 0x0, 0xb, 0xf2,
    0xff, 0xd4, 0x0, 0x0, 0x0, 0xb, 0xf0, 0x57,
    0x0, 0x0, 0x0, 0xa, 0xae, 0xfa, 0xaa, 0xaa,
    0xaa, 0xa5, 0x1f, 0xff, 0xff, 0xff, 0xff, 0xff,
    0xf7, 0x0, 0xb, 0xf0, 0x2f, 0xb0, 0x0, 0x0,
    0x0, 0xb, 0xf0, 0x9, 0xf6, 0x0, 0x0, 0x0,
    0xb, 0xf0, 0x1, 0xef, 0x60, 0x0, 0x0, 0xc,
    0xf6, 0xac, 0x3e, 0xfc, 0x40, 0x0, 0x2f, 0xff,
    0xfd, 0x2, 0xcf, 0xf8, 0x0, 0x1e, 0x95, 0x10,
    0x0, 0x4, 0x90, 0x0, 0x0, 0x0, 0x0, 0x0,
    0x0, 0x0,

    /* U+95ED "闭" */
    0x1, 0x60, 0x0, 0x0, 0x0, 0x0, 0x0, 0x7,
    0xf7, 0x3f, 0xff, 0xff, 0xff, 0xf1, 0x0, 0x9d,
    0x28, 0x8a, 0xb9, 0x8c, 0xf1, 0xc, 0x70, 0x0,
    0xa, 0xf1, 0x8, 0xf1, 0xf, 0x95, 0x88, 0x8d,
    0xf9, 0x78, 0xf1, 0xf, 0x9a, 0xff, 0xff, 0xff,
    0xd8, 0xf1, 0xf, 0x90, 0x2, 0xef, 0xf2, 0x8,
    0xf1, 0xf, 0x90, 0xc, 0xfd, 0xf1, 0x8, 0xf1,
    0xf, 0x93, 0xdf, 0x5a, 0xf1, 0x8, 0xf1, 0xf,
    0xbe, 0xf5, 0xa, 0xf1, 0x8, 0xf1, 0xf, 0x94,
    0x24, 0x8d, 0xf0, 0x8, 0xf1, 0xf, 0x90, 0x4,
    0xff, 0x82, 0x7c, 0xf0, 0xf, 0x90, 0x0, 0x0,
    0x1, 0xfe, 0x90, 0x0, 0x0, 0x0, 0x0, 0x0,
    0x0, 0x0,

    /* U+9664 "除" */
    0x0, 0x0, 0x0, 0x0, 0x47, 0x0, 0x0, 0x1f,
    0xff, 0xd1, 0x2, 0xef, 0x30, 0x0, 0x1f, 0xac,
    0xf0, 0x1d, 0xed, 0xf5, 0x0, 0x1f, 0x6d, 0xa5,
    0xfd, 0x21, 0xcf, 0xa1, 0x1f, 0x8f, 0x6e, 0xf9,
    0x77, 0x8e, 0xf3, 0x1f, 0x9f, 0x52, 0xcf, 0xff,
    0xfd, 0x10, 0x1f, 0x5a, 0xd0, 0x0, 0x8f, 0x10,
    0x0, 0x1f, 0x56, 0xfb, 0xff, 0xff, 0xff, 0xf3,
    0x1f, 0x9c, 0xf5, 0x77, 0xcf, 0x88, 0x71, 0x1f,
    0xdf, 0x82, 0xf5, 0x8f, 0x5f, 0x40, 0x1f, 0x60,
    0xc, 0xe0, 0x8f, 0x1b, 0xe1, 0x1f, 0x50, 0x3e,
    0x47, 0xcf, 0x2, 0xe4, 0x1f, 0x50, 0x0, 0xd,
    0xf9, 0x0, 0x0,

    /* U+968F "随" */
    0x0, 0x0, 0x0, 0x0, 0x7, 0x50, 0x0, 0xf,
    0xff, 0xd7, 0x6, 0x7f, 0xc7, 0x73, 0xf, 0xbd,
    0xef, 0x8e, 0xff, 0xff, 0xf7, 0xf, 0x6e, 0x88,
    0xd1, 0xed, 0x22, 0x20, 0xf, 0x8f, 0x30, 0xa,
    0xff, 0xff, 0xf0, 0xf, 0xaf, 0x49, 0xbf, 0xfb,
    0x39, 0xf0, 0xf, 0x6d, 0xbd, 0xf4, 0xcf, 0xff,
    0xf0, 0xf, 0x69, 0xc4, 0xf2, 0xbc, 0x4a, 0xf0,
    0xf, 0x69, 0xd4, 0xf2, 0xbf, 0xde, 0xf0, 0xf,
    0xdf, 0xb4, 0xf2, 0xba, 0x1a, 0xf0, 0xf, 0xab,
    0x37, 0xf2, 0xba, 0x2e, 0x90, 0xf, 0x60, 0x9f,
    0xaf, 0xa7, 0x67, 0x85, 0xf, 0x60, 0x55, 0x3,
    0xbf, 0xff, 0xf5, 0x0, 0x0, 0x0, 0x0, 0x0,
    0x0, 0x0,

    /* U+9690 "隐" */
    0x0, 0x0, 0x0, 0x63, 0x0, 0x0, 0xf, 0xff,
    0xf6, 0x7f, 0xff, 0xfa, 0x0, 0xfb, 0xbf, 0xaf,
    0x74, 0x7f, 0xa0, 0xf, 0x7a, 0xd6, 0xe7, 0x7d,
    0xf8, 0x60, 0xf7, 0xe7, 0x2e, 0xee, 0xee, 0xfe,
    0xf, 0x8f, 0x60, 0x34, 0x44, 0x4b, 0xe0, 0xf7,
    0x8e, 0xc, 0xee, 0xee, 0xfe, 0xf, 0x74, 0xf4,
    0x66, 0x66, 0x6c, 0xe0, 0xf9, 0x9f, 0x6b, 0xbe,
    0xcb, 0xba, 0xf, 0xaf, 0xc5, 0x37, 0xee, 0x34,
    0x50, 0xf7, 0x1, 0xfc, 0xf3, 0xb8, 0x8e, 0xf,
    0x70, 0x8f, 0x6f, 0x75, 0xad, 0xf7, 0xf7, 0x2,
    0x71, 0xdf, 0xfe, 0x76, 0x23, 0x10, 0x0, 0x0,
    0x0, 0x0, 0x0,

    /* U+96BE "难" */
    0x0, 0x0, 0x0, 0x6, 0xa5, 0xb1, 0x0, 0x7,
    0x77, 0x75, 0xc, 0xe4, 0xf8, 0x0, 0x1f, 0xff,
    0xfe, 0x2f, 0xd7, 0xfb, 0x74, 0x2, 0x0, 0xdb,
    0xaf, 0xff, 0xff, 0xf9, 0x1e, 0x71, 0xfb, 0xff,
    0x33, 0xf5, 0x0, 0xa, 0xf8, 0xfe, 0xff, 0x99,
    0xfa, 0x80, 0x0, 0xdf, 0xf4, 0xcf, 0xff, 0xff,
    0xf0, 0x0, 0x4f, 0xd0, 0x5f, 0x22, 0xf4, 0x0,
    0x0, 0x9f, 0xf4, 0x5f, 0xff, 0xff, 0xf1, 0x3,
    0xfb, 0xee, 0x6f, 0x99, 0xfa, 0x80, 0x1e, 0xf2,
    0x6b, 0x6f, 0x33, 0xf5, 0x0, 0x3f, 0x50, 0x0,
    0x5f, 0xff, 0xff, 0xfc, 0x2, 0x0, 0x0, 0x5f,
    0x97, 0x77, 0x76,

    /* U+9759 "静" */
    0x0, 0xe, 0xa0, 0x0, 0xba, 0x0, 0x0, 0x1c,
    0xcf, 0xec, 0xb2, 0xfe, 0xa8, 0x0, 0x7, 0x7f,
    0xd7, 0x6c, 0xfa, 0xff, 0x10, 0xc, 0xff, 0xff,
    0xef, 0x85, 0xf9, 0x20, 0x27, 0x7f, 0xd7, 0x7d,
    0xff, 0xff, 0xf1, 0x3a, 0xaa, 0xaa, 0xa1, 0x2f,
    0x87, 0xf1, 0x8, 0xdd, 0xdd, 0x7f, 0xff, 0xff,
    0xfd, 0x9, 0xe5, 0x6f, 0x76, 0x7f, 0xba, 0xf6,
    0x9, 0xff, 0xff, 0x65, 0x7f, 0xaa, 0xf1, 0x9,
    0xe5, 0x6f, 0x6e, 0xff, 0xff, 0xf1, 0x9, 0xff,
    0xff, 0x60, 0x1f, 0x74, 0x90, 0x9, 0xd1, 0x6f,
    0x66, 0x9f, 0x70, 0x0, 0x9, 0xd1, 0xfe, 0x27,
    0xfc, 0x20, 0x0, 0x0, 0x0, 0x0, 0x0, 0x0,
    0x0, 0x0,

    /* U+975E "非" */
    0x0, 0x0, 0x0, 0x0, 0x0, 0x0, 0x0, 0x0,
    0x0, 0xaf, 0x12, 0xfa, 0x0, 0x0, 0x0, 0x0,
    0xaf, 0x12, 0xfa, 0x0, 0x0, 0x3f, 0xff, 0xff,
    0x12, 0xff, 0xff, 0xf4, 0x29, 0x99, 0xdf, 0x12,
    0xfd, 0x99, 0x92, 0x0, 0x0, 0xaf, 0x12, 0xfa,
    0x0, 0x0, 0xa, 0xaa, 0xef, 0x12, 0xfd, 0xaa,
    0xa0, 0x1f, 0xff, 0xff, 0x12, 0xff, 0xff, 0xf0,
    0x0, 0x0, 0xaf, 0x12, 0xfa, 0x0, 0x0, 0x48,
    0x88, 0xdf, 0x12, 0xfd, 0x99, 0x95, 0x9f, 0xff,
    0xff, 0x12, 0xff, 0xff, 0xf8, 0x11, 0x11, 0xbf,
    0x12, 0xfa, 0x0, 0x0, 0x0, 0x0, 0xaf, 0x12,
    0xfa, 0x0, 0x0, 0x0, 0x0, 0xaf, 0x12, 0xfa,
    0x0, 0x0,

    /* U+9762 "面" */
    0x1f, 0xff, 0xff, 0xff, 0xff, 0xff, 0xf9, 0x9,
    0x99, 0x99, 0xff, 0x99, 0x99, 0x95, 0x1, 0x33,
    0x35, 0xfc, 0x33, 0x33, 0x30, 0x7, 0xff, 0xff,
    0xff, 0xff, 0xff, 0xe0, 0x7, 0xf4, 0x8f, 0x32,
    0xdc, 0x2d, 0xe0, 0x7, 0xf1, 0x7f, 0xfe, 0xfb,
    0xc, 0xe0, 0x7, 0xf1, 0x7f, 0x65, 0xdb, 0xc,
    0xe0, 0x7, 0xf1, 0x7f, 0x65, 0xdb, 0xc, 0xe0,
    0x7, 0xf1, 0x7f, 0xff, 0xfb, 0xc, 0xe0, 0x7,
    0xf2, 0x7f, 0x0, 0xcb, 0xc, 0xe0, 0x7, 0xff,
    0xff, 0xff, 0xff, 0xff, 0xe0, 0x7, 0xf9, 0x88,
    0x88, 0x88, 0x8e, 0xe0,

    /* U+97F3 "音" */
    0x0, 0x0, 0x0, 0x2, 0x0, 0x0, 0x0, 0x0,
    0x0, 0x0, 0xcf, 0x10, 0x0, 0x0, 0x4, 0xff,
    0xff, 0xff, 0xff, 0xff, 0xd0, 0x2, 0x8a, 0xea,
    0x88, 0x8d, 0xd9, 0x70, 0x0, 0x5, 0xf7, 0x0,
    0xf, 0xe0, 0x0, 0x8, 0x89, 0xfe, 0x88, 0xaf,
    0xd8, 0x84, 0x1f, 0xff, 0xff, 0xff, 0xff, 0xff,
    0xf8, 0x0, 0x13, 0x33, 0x33, 0x33, 0x33, 0x0,
    0x0, 0x5f, 0xff, 0xff, 0xff, 0xfe, 0x0, 0x0,
    0x5f, 0x62, 0x22, 0x22, 0xde, 0x0, 0x0, 0x5f,
    0xff, 0xff, 0xff, 0xfe, 0x0, 0x0, 0x5f, 0x85,
    0x55, 0x55, 0xee, 0x0, 0x0, 0x5f, 0xa7, 0x77,
    0x77, 0xee, 0x0, 0x0, 0x5f, 0xff, 0xff, 0xff,
    0xfe, 0x0,

    /* U+9898 "题" */
    0xb, 0xff, 0xff, 0x6f, 0xff, 0xff, 0xf7, 0xb,
    0xe8, 0x9f, 0x65, 0x5e, 0xc5, 0x52, 0xb, 0xd7,
    0x9f, 0x5a, 0xff, 0xff, 0xf0, 0xb, 0xfd, 0xdf,
    0x5a, 0xc4, 0x68, 0xf0, 0x3, 0x44, 0x44, 0x1a,
    0xb8, 0xd6, 0xf0, 0x5f, 0xff, 0xff, 0xea, 0xb9,
    0xc6, 0xf0, 0x15, 0x4d, 0xb4, 0x4a, 0xbb, 0xa6,
    0xf0, 0xc, 0x9c, 0xc5, 0x38, 0xaf, 0x65, 0xc0,
    0xd, 0x9c, 0xfe, 0x90, 0xae, 0x7c, 0x20, 0xf,
    0xfe, 0xa0, 0x4e, 0xe3, 0x1b, 0xf3, 0x5f, 0x9f,
    0xd7, 0x7c, 0x65, 0x55, 0xc3, 0x7c, 0x4, 0xad,
    0xff, 0xff, 0xff, 0xf4, 0x1, 0x0, 0x0, 0x0,
    0x0, 0x0, 0x0,

    /* U+9996 "首" */
    0x0, 0x7, 0xd2, 0x0, 0x9, 0xb3, 0x0, 0x0,
    0x4, 0xfb, 0x0, 0x2f, 0xc0, 0x0, 0x1f, 0xff,
    0xff, 0xff, 0xff, 0xff, 0xf9, 0x8, 0x88, 0x88,
    0xef, 0x98, 0x88, 0x85, 0x0, 0x69, 0x99, 0xff,
    0x99, 0x99, 0x10, 0x0, 0xbf, 0xdd, 0xdd, 0xdd,
    0xff, 0x10, 0x0, 0xbf, 0x44, 0x44, 0x44, 0xbf,
    0x10, 0x0, 0xbf, 0xff, 0xff, 0xff, 0xff, 0x10,
    0x0, 0xbf, 0x11, 0x11, 0x11, 0xaf, 0x10, 0x0,
    0xbf, 0xff, 0xff, 0xff, 0xff, 0x10, 0x0, 0xbf,
    0x11, 0x11, 0x11, 0xaf, 0x10, 0x0, 0xbf, 0xff,
    0xff, 0xff, 0xff, 0x10, 0x0, 0xbf, 0x88, 0x88,
    0x88, 0xdf, 0x10,

    /* U+9AD8 "高" */
    0x0, 0x0, 0x0, 0x1, 0x0, 0x0, 0x0, 0x0,
    0x0, 0x0, 0xed, 0x0, 0x0, 0x0, 0x2c, 0xcc,
    0xcc, 0xff, 0xdc, 0xcc, 0xc2, 0x29, 0x99, 0x99,
    0x99, 0x99, 0x99, 0x91, 0x0, 0x5d, 0xdd, 0xdd,
    0xdd, 0xd7, 0x0, 0x0, 0x5f, 0x74, 0x44, 0x47,
    0xf8, 0x0, 0x0, 0x5f, 0xee, 0xee, 0xee, 0xf8,
    0x0, 0x0, 0x26, 0x66, 0x66, 0x66, 0x63, 0x0,
    0xd, 0xff, 0xff, 0xff, 0xff, 0xff, 0xd0, 0xd,
    0xd5, 0x77, 0x77, 0x77, 0x4e, 0xd0, 0xd, 0xc2,
    0xff, 0xff, 0xff, 0xd, 0xd0, 0xd, 0xc2, 0xf8,
    0x33, 0x9f, 0xd, 0xd0, 0xd, 0xc2, 0xff, 0xff,
    0xff, 0x3e, 0xd0, 0xd, 0xc1, 0x83, 0x0, 0x5,
    0xfe, 0x70, 0x1, 0x10, 0x0, 0x0, 0x0, 0x0,
    0x0
};


/*---------------------
 *  GLYPH DESCRIPTION
 *--------------------*/

static const lv_font_fmt_txt_glyph_dsc_t glyph_dsc[] = {
    {.bitmap_index = 0, .adv_w = 0, .box_w = 0, .box_h = 0, .ofs_x = 0, .ofs_y = 0} /* id = 0 reserved */,
    {.bitmap_index = 0, .adv_w = 51, .box_w = 0, .box_h = 0, .ofs_x = 0, .ofs_y = 0},
    {.bitmap_index = 0, .adv_w = 83, .box_w = 3, .box_h = 10, .ofs_x = 1, .ofs_y = 0},
    {.bitmap_index = 15, .adv_w = 129, .box_w = 6, .box_h = 5, .ofs_x = 1, .ofs_y = 6},
    {.bitmap_index = 30, .adv_w = 132, .box_w = 8, .box_h = 10, .ofs_x = 0, .ofs_y = 0},
    {.bitmap_index = 70, .adv_w = 132, .box_w = 8, .box_h = 14, .ofs_x = 0, .ofs_y = -2},
    {.bitmap_index = 126, .adv_w = 216, .box_w = 14, .box_h = 10, .ofs_x = 0, .ofs_y = 0},
    {.bitmap_index = 196, .adv_w = 166, .box_w = 11, .box_h = 10, .ofs_x = 0, .ofs_y = 0},
    {.bitmap_index = 251, .adv_w = 73, .box_w = 3, .box_h = 5, .ofs_x = 1, .ofs_y = 6},
    {.bitmap_index = 259, .adv_w = 85, .box_w = 4, .box_h = 15, .ofs_x = 1, .ofs_y = -3},
    {.bitmap_index = 289, .adv_w = 85, .box_w = 5, .box_h = 15, .ofs_x = 0, .ofs_y = -3},
    {.bitmap_index = 327, .adv_w = 114, .box_w = 7, .box_h = 6, .ofs_x = 0, .ofs_y = 5},
    {.bitmap_index = 348, .adv_w = 132, .box_w = 8, .box_h = 8, .ofs_x = 0, .ofs_y = 2},
    {.bitmap_index = 380, .adv_w = 73, .box_w = 4, .box_h = 7, .ofs_x = 0, .ofs_y = -4},
    {.bitmap_index = 394, .adv_w = 83, .box_w = 5, .box_h = 3, .ofs_x = 0, .ofs_y = 3},
    {.bitmap_index = 402, .adv_w = 73, .box_w = 3, .box_h = 3, .ofs_x = 1, .ofs_y = 0},
    {.bitmap_index = 407, .adv_w = 87, .box_w = 6, .box_h = 14, .ofs_x = 0, .ofs_y = -3},
    {.bitmap_index = 449, .adv_w = 132, .box_w = 8, .box_h = 10, .ofs_x = 0, .ofs_y = 0},
    {.bitmap_index = 489, .adv_w = 132, .box_w = 7, .box_h = 10, .ofs_x = 1, .ofs_y = 0},
    {.bitmap_index = 524, .adv_w = 132, .box_w = 8, .box_h = 10, .ofs_x = 0, .ofs_y = 0},
    {.bitmap_index = 564, .adv_w = 132, .box_w = 8, .box_h = 10, .ofs_x = 0, .ofs_y = 0},
    {.bitmap_index = 604, .adv_w = 132, .box_w = 8, .box_h = 10, .ofs_x = 0, .ofs_y = 0},
    {.bitmap_index = 644, .adv_w = 132, .box_w = 8, .box_h = 10, .ofs_x = 0, .ofs_y = 0},
    {.bitmap_index = 684, .adv_w = 132, .box_w = 8, .box_h = 10, .ofs_x = 0, .ofs_y = 0},
    {.bitmap_index = 724, .adv_w = 132, .box_w = 8, .box_h = 10, .ofs_x = 0, .ofs_y = 0},
    {.bitmap_index = 764, .adv_w = 132, .box_w = 8, .box_h = 10, .ofs_x = 0, .ofs_y = 0},
    {.bitmap_index = 804, .adv_w = 132, .box_w = 8, .box_h = 10, .ofs_x = 0, .ofs_y = 0},
    {.bitmap_index = 844, .adv_w = 73, .box_w = 3, .box_h = 8, .ofs_x = 1, .ofs_y = 0},
    {.bitmap_index = 856, .adv_w = 73, .box_w = 4, .box_h = 12, .ofs_x = 0, .ofs_y = -4},
    {.bitmap_index = 880, .adv_w = 132, .box_w = 8, .box_h = 8, .ofs_x = 0, .ofs_y = 1},
    {.bitmap_index = 912, .adv_w = 132, .box_w = 8, .box_h = 6, .ofs_x = 0, .ofs_y = 2},
    {.bitmap_index = 936, .adv_w = 132, .box_w = 8, .box_h = 8, .ofs_x = 0, .ofs_y = 1},
    {.bitmap_index = 968, .adv_w = 115, .box_w = 7, .box_h = 10, .ofs_x = 0, .ofs_y = 0},
    {.bitmap_index = 1003, .adv_w = 226, .box_w = 14, .box_h = 14, .ofs_x = 0, .ofs_y = -4},
    {.bitmap_index = 1101, .adv_w = 144, .box_w = 11, .box_h = 10, .ofs_x = -1, .ofs_y = 0},
    {.bitmap_index = 1156, .adv_w = 153, .box_w = 8, .box_h = 10, .ofs_x = 1, .ofs_y = 0},
    {.bitmap_index = 1196, .adv_w = 147, .box_w = 9, .box_h = 10, .ofs_x = 0, .ofs_y = 0},
    {.bitmap_index = 1241, .adv_w = 160, .box_w = 9, .box_h = 10, .ofs_x = 1, .ofs_y = 0},
    {.bitmap_index = 1286, .adv_w = 138, .box_w = 7, .box_h = 10, .ofs_x = 1, .ofs_y = 0},
    {.bitmap_index = 1321, .adv_w = 131, .box_w = 7, .box_h = 10, .ofs_x = 1, .ofs_y = 0},
    {.bitmap_index = 1356, .adv_w = 161, .box_w = 10, .box_h = 10, .ofs_x = 0, .ofs_y = 0},
    {.bitmap_index = 1406, .adv_w = 170, .box_w = 9, .box_h = 10, .ofs_x = 1, .ofs_y = 0},
    {.bitmap_index = 1451, .adv_w = 74, .box_w = 3, .box_h = 10, .ofs_x = 1, .ofs_y = 0},
    {.bitmap_index = 1466, .adv_w = 127, .box_w = 7, .box_h = 10, .ofs_x = 0, .ofs_y = 0},
    {.bitmap_index = 1501, .adv_w = 154, .box_w = 9, .box_h = 10, .ofs_x = 1, .ofs_y = 0},
    {.bitmap_index = 1546, .adv_w = 129, .box_w = 7, .box_h = 10, .ofs_x = 1, .ofs_y = 0},
    {.bitmap_index = 1581, .adv_w = 191, .box_w = 10, .box_h = 10, .ofs_x = 1, .ofs_y = 0},
    {.bitmap_index = 1631, .adv_w = 168, .box_w = 9, .box_h = 10, .ofs_x = 1, .ofs_y = 0},
    {.bitmap_index = 1676, .adv_w = 172, .box_w = 11, .box_h = 10, .ofs_x = 0, .ofs_y = 0},
    {.bitmap_index = 1731, .adv_w = 149, .box_w = 8, .box_h = 10, .ofs_x = 1, .ofs_y = 0},
    {.bitmap_index = 1771, .adv_w = 172, .box_w = 11, .box_h = 13, .ofs_x = 0, .ofs_y = -3},
    {.bitmap_index = 1843, .adv_w = 153, .box_w = 9, .box_h = 10, .ofs_x = 1, .ofs_y = 0},
    {.bitmap_index = 1888, .adv_w = 140, .box_w = 9, .box_h = 10, .ofs_x = 0, .ofs_y = 0},
    {.bitmap_index = 1933, .adv_w = 140, .box_w = 9, .box_h = 10, .ofs_x = 0, .ofs_y = 0},
    {.bitmap_index = 1978, .adv_w = 168, .box_w = 9, .box_h = 10, .ofs_x = 1, .ofs_y = 0},
    {.bitmap_index = 2023, .adv_w = 139, .box_w = 10, .box_h = 10, .ofs_x = -1, .ofs_y = 0},
    {.bitmap_index = 2073, .adv_w = 205, .box_w = 13, .box_h = 10, .ofs_x = 0, .ofs_y = 0},
    {.bitmap_index = 2138, .adv_w = 140, .box_w = 9, .box_h = 10, .ofs_x = 0, .ofs_y = 0},
    {.bitmap_index = 2183, .adv_w = 130, .box_w = 10, .box_h = 10, .ofs_x = -1, .ofs_y = 0},
    {.bitmap_index = 2233, .adv_w = 137, .box_w = 9, .box_h = 10, .ofs_x = 0, .ofs_y = 0},
    {.bitmap_index = 2278, .adv_w = 85, .box_w = 4, .box_h = 14, .ofs_x = 1, .ofs_y = -3},
    {.bitmap_index = 2306, .adv_w = 87, .box_w = 6, .box_h = 14, .ofs_x = 0, .ofs_y = -3},
    {.bitmap_index = 2348, .adv_w = 85, .box_w = 4, .box_h = 14, .ofs_x = 0, .ofs_y = -3},
    {.bitmap_index = 2376, .adv_w = 132, .box_w = 8, .box_h = 6, .ofs_x = 0, .ofs_y = 4},
    {.bitmap_index = 2400, .adv_w = 127, .box_w = 8, .box_h = 2, .ofs_x = 0, .ofs_y = -3},
    {.bitmap_index = 2408, .adv_w = 140, .box_w = 5, .box_h = 3, .ofs_x = 1, .ofs_y = 9},
    {.bitmap_index = 2416, .adv_w = 132, .box_w = 8, .box_h = 8, .ofs_x = 0, .ofs_y = 0},
    {.bitmap_index = 2448, .adv_w = 144, .box_w = 8, .box_h = 11, .ofs_x = 1, .ofs_y = 0},
    {.bitmap_index = 2492, .adv_w = 118, .box_w = 7, .box_h = 8, .ofs_x = 0, .ofs_y = 0},
    {.bitmap_index = 2520, .adv_w = 144, .box_w = 8, .box_h = 11, .ofs_x = 0, .ofs_y = 0},
    {.bitmap_index = 2564, .adv_w = 130, .box_w = 8, .box_h = 8, .ofs_x = 0, .ofs_y = 0},
    {.bitmap_index = 2596, .adv_w = 83, .box_w = 6, .box_h = 11, .ofs_x = 0, .ofs_y = 0},
    {.bitmap_index = 2629, .adv_w = 134, .box_w = 9, .box_h = 11, .ofs_x = 0, .ofs_y = -3},
    {.bitmap_index = 2679, .adv_w = 143, .box_w = 7, .box_h = 11, .ofs_x = 1, .ofs_y = 0},
    {.bitmap_index = 2718, .adv_w = 68, .box_w = 4, .box_h = 11, .ofs_x = 0, .ofs_y = 0},
    {.bitmap_index = 2740, .adv_w = 69, .box_w = 5, .box_h = 14, .ofs_x = -1, .ofs_y = -3},
    {.bitmap_index = 2775, .adv_w = 135, .box_w = 8, .box_h = 11, .ofs_x = 1, .ofs_y = 0},
    {.bitmap_index = 2819, .adv_w = 71, .box_w = 4, .box_h = 11, .ofs_x = 1, .ofs_y = 0},
    {.bitmap_index = 2841, .adv_w = 216, .box_w = 12, .box_h = 8, .ofs_x = 1, .ofs_y = 0},
    {.bitmap_index = 2889, .adv_w = 144, .box_w = 7, .box_h = 8, .ofs_x = 1, .ofs_y = 0},
    {.bitmap_index = 2917, .adv_w = 140, .box_w = 9, .box_h = 8, .ofs_x = 0, .ofs_y = 0},
    {.bitmap_index = 2953, .adv_w = 144, .box_w = 8, .box_h = 11, .ofs_x = 1, .ofs_y = -3},
    {.bitmap_index = 2997, .adv_w = 144, .box_w = 8, .box_h = 11, .ofs_x = 0, .ofs_y = -3},
    {.bitmap_index = 3041, .adv_w = 98, .box_w = 6, .box_h = 8, .ofs_x = 1, .ofs_y = 0},
    {.bitmap_index = 3065, .adv_w = 111, .box_w = 7, .box_h = 8, .ofs_x = 0, .ofs_y = 0},
    {.bitmap_index = 3093, .adv_w = 94, .box_w = 6, .box_h = 10, .ofs_x = 0, .ofs_y = 0},
    {.bitmap_index = 3123, .adv_w = 143, .box_w = 7, .box_h = 8, .ofs_x = 1, .ofs_y = 0},
    {.bitmap_index = 3151, .adv_w = 129, .box_w = 8, .box_h = 8, .ofs_x = 0, .ofs_y = 0},
    {.bitmap_index = 3183, .adv_w = 193, .box_w = 12, .box_h = 8, .ofs_x = 0, .ofs_y = 0},
    {.bitmap_index = 3231, .adv_w = 126, .box_w = 8, .box_h = 8, .ofs_x = 0, .ofs_y = 0},
    {.bitmap_index = 3263, .adv_w = 129, .box_w = 8, .box_h = 11, .ofs_x = 0, .ofs_y = -3},
    {.bitmap_index = 3307, .adv_w = 114, .box_w = 7, .box_h = 8, .ofs_x = 0, .ofs_y = 0},
    {.bitmap_index = 3335, .adv_w = 85, .box_w = 5, .box_h = 14, .ofs_x = 0, .ofs_y = -3},
    {.bitmap_index = 3370, .adv_w = 66, .box_w = 2, .box_h = 16, .ofs_x = 1, .ofs_y = -4},
    {.bitmap_index = 3386, .adv_w = 85, .box_w = 5, .box_h = 14, .ofs_x = 0, .ofs_y = -3},
    {.bitmap_index = 3421, .adv_w = 132, .box_w = 8, .box_h = 4, .ofs_x = 0, .ofs_y = 3},
    {.bitmap_index = 3437, .adv_w = 224, .box_w = 4, .box_h = 4, .ofs_x = 5, .ofs_y = 4},
    {.bitmap_index = 3445, .adv_w = 224, .box_w = 12, .box_h = 3, .ofs_x = 1, .ofs_y = 4},
    {.bitmap_index = 3463, .adv_w = 224, .box_w = 14, .box_h = 12, .ofs_x = 0, .ofs_y = 0},
    {.bitmap_index = 3547, .adv_w = 224, .box_w = 13, .box_h = 14, .ofs_x = 1, .ofs_y = -2},
    {.bitmap_index = 3638, .adv_w = 224, .box_w = 14, .box_h = 12, .ofs_x = 0, .ofs_y = -1},
    {.bitmap_index = 3722, .adv_w = 224, .box_w = 13, .box_h = 14, .ofs_x = 0, .ofs_y = -2},
    {.bitmap_index = 3813, .adv_w = 224, .box_w = 14, .box_h = 15, .ofs_x = 0, .ofs_y = -2},
    {.bitmap_index = 3918, .adv_w = 224, .box_w = 14, .box_h = 13, .ofs_x = 0, .ofs_y = -1},
    {.bitmap_index = 4009, .adv_w = 224, .box_w = 6, .box_h = 5, .ofs_x = 0, .ofs_y = -1},
    {.bitmap_index = 4024, .adv_w = 224, .box_w = 14, .box_h = 3, .ofs_x = 0, .ofs_y = 4},
    {.bitmap_index = 4045, .adv_w = 224, .box_w = 14, .box_h = 13, .ofs_x = 0, .ofs_y = -1},
    {.bitmap_index = 4136, .adv_w = 224, .box_w = 14, .box_h = 12, .ofs_x = 0, .ofs_y = -1},
    {.bitmap_index = 4220, .adv_w = 224, .box_w = 14, .box_h = 14, .ofs_x = 0, .ofs_y = -2},
    {.bitmap_index = 4318, .adv_w = 224, .box_w = 12, .box_h = 13, .ofs_x = 1, .ofs_y = -1},
    {.bitmap_index = 4396, .adv_w = 224, .box_w = 13, .box_h = 14, .ofs_x = 0, .ofs_y = -2},
    {.bitmap_index = 4487, .adv_w = 224, .box_w = 14, .box_h = 14, .ofs_x = 0, .ofs_y = -2},
    {.bitmap_index = 4585, .adv_w = 224, .box_w = 12, .box_h = 13, .ofs_x = 1, .ofs_y = -2},
    {.bitmap_index = 4663, .adv_w = 224, .box_w = 14, .box_h = 13, .ofs_x = 0, .ofs_y = -2},
    {.bitmap_index = 4754, .adv_w = 224, .box_w = 14, .box_h = 15, .ofs_x = 0, .ofs_y = -2},
    {.bitmap_index = 4859, .adv_w = 224, .box_w = 14, .box_h = 14, .ofs_x = 0, .ofs_y = -1},
    {.bitmap_index = 4957, .adv_w = 224, .box_w = 14, .box_h = 14, .ofs_x = 0, .ofs_y = -2},
    {.bitmap_index = 5055, .adv_w = 224, .box_w = 14, .box_h = 13, .ofs_x = 0, .ofs_y = -1},
    {.bitmap_index = 5146, .adv_w = 224, .box_w = 14, .box_h = 14, .ofs_x = 0, .ofs_y = -2},
    {.bitmap_index = 5244, .adv_w = 224, .box_w = 14, .box_h = 13, .ofs_x = 0, .ofs_y = -1},
    {.bitmap_index = 5335, .adv_w = 224, .box_w = 14, .box_h = 13, .ofs_x = 0, .ofs_y = -1},
    {.bitmap_index = 5426, .adv_w = 224, .box_w = 14, .box_h = 14, .ofs_x = 0, .ofs_y = -2},
    {.bitmap_index = 5524, .adv_w = 224, .box_w = 14, .box_h = 14, .ofs_x = 0, .ofs_y = -1},
    {.bitmap_index = 5622, .adv_w = 224, .box_w = 14, .box_h = 14, .ofs_x = 0, .ofs_y = -2},
    {.bitmap_index = 5720, .adv_w = 224, .box_w = 12, .box_h = 13, .ofs_x = 1, .ofs_y = -1},
    {.bitmap_index = 5798, .adv_w = 224, .box_w = 14, .box_h = 12, .ofs_x = 0, .ofs_y = -1},
    {.bitmap_index = 5882, .adv_w = 224, .box_w = 14, .box_h = 13, .ofs_x = 0, .ofs_y = -1},
    {.bitmap_index = 5973, .adv_w = 224, .box_w = 14, .box_h = 14, .ofs_x = 0, .ofs_y = -2},
    {.bitmap_index = 6071, .adv_w = 224, .box_w = 14, .box_h = 13, .ofs_x = 0, .ofs_y = -2},
    {.bitmap_index = 6162, .adv_w = 224, .box_w = 14, .box_h = 14, .ofs_x = 0, .ofs_y = -2},
    {.bitmap_index = 6260, .adv_w = 224, .box_w = 14, .box_h = 14, .ofs_x = 0, .ofs_y = -2},
    {.bitmap_index = 6358, .adv_w = 224, .box_w = 14, .box_h = 14, .ofs_x = 0, .ofs_y = -2},
    {.bitmap_index = 6456, .adv_w = 224, .box_w = 13, .box_h = 14, .ofs_x = 0, .ofs_y = -2},
    {.bitmap_index = 6547, .adv_w = 224, .box_w = 14, .box_h = 13, .ofs_x = 0, .ofs_y = -1},
    {.bitmap_index = 6638, .adv_w = 224, .box_w = 14, .box_h = 13, .ofs_x = 0, .ofs_y = -1},
    {.bitmap_index = 6729, .adv_w = 224, .box_w = 14, .box_h = 12, .ofs_x = 0, .ofs_y = -1},
    {.bitmap_index = 6813, .adv_w = 224, .box_w = 14, .box_h = 15, .ofs_x = 0, .ofs_y = -2},
    {.bitmap_index = 6918, .adv_w = 224, .box_w = 14, .box_h = 13, .ofs_x = 0, .ofs_y = -1},
    {.bitmap_index = 7009, .adv_w = 224, .box_w = 14, .box_h = 14, .ofs_x = 0, .ofs_y = -1},
    {.bitmap_index = 7107, .adv_w = 224, .box_w = 14, .box_h = 12, .ofs_x = 0, .ofs_y = -1},
    {.bitmap_index = 7191, .adv_w = 224, .box_w = 14, .box_h = 13, .ofs_x = 0, .ofs_y = -1},
    {.bitmap_index = 7282, .adv_w = 224, .box_w = 13, .box_h = 12, .ofs_x = 1, .ofs_y = -1},
    {.bitmap_index = 7360, .adv_w = 224, .box_w = 13, .box_h = 12, .ofs_x = 1, .ofs_y = -1},
    {.bitmap_index = 7438, .adv_w = 224, .box_w = 12, .box_h = 12, .ofs_x = 1, .ofs_y = -1},
    {.bitmap_index = 7510, .adv_w = 224, .box_w = 14, .box_h = 14, .ofs_x = 0, .ofs_y = -2},
    {.bitmap_index = 7608, .adv_w = 224, .box_w = 14, .box_h = 14, .ofs_x = 0, .ofs_y = -1},
    {.bitmap_index = 7706, .adv_w = 224, .box_w = 14, .box_h = 14, .ofs_x = 0, .ofs_y = -2},
    {.bitmap_index = 7804, .adv_w = 224, .box_w = 14, .box_h = 14, .ofs_x = 0, .ofs_y = -1},
    {.bitmap_index = 7902, .adv_w = 224, .box_w = 14, .box_h = 14, .ofs_x = 0, .ofs_y = -2},
    {.bitmap_index = 8000, .adv_w = 224, .box_w = 14, .box_h = 15, .ofs_x = 0, .ofs_y = -2},
    {.bitmap_index = 8105, .adv_w = 224, .box_w = 14, .box_h = 13, .ofs_x = 0, .ofs_y = -1},
    {.bitmap_index = 8196, .adv_w = 224, .box_w = 14, .box_h = 15, .ofs_x = 0, .ofs_y = -2},
    {.bitmap_index = 8301, .adv_w = 224, .box_w = 14, .box_h = 14, .ofs_x = 0, .ofs_y = -2},
    {.bitmap_index = 8399, .adv_w = 224, .box_w = 14, .box_h = 14, .ofs_x = 0, .ofs_y = -2},
    {.bitmap_index = 8497, .adv_w = 224, .box_w = 14, .box_h = 14, .ofs_x = 0, .ofs_y = -2},
    {.bitmap_index = 8595, .adv_w = 224, .box_w = 14, .box_h = 15, .ofs_x = 0, .ofs_y = -2},
    {.bitmap_index = 8700, .adv_w = 224, .box_w = 14, .box_h = 13, .ofs_x = 0, .ofs_y = -2},
    {.bitmap_index = 8791, .adv_w = 224, .box_w = 14, .box_h = 13, .ofs_x = 0, .ofs_y = -1},
    {.bitmap_index = 8882, .adv_w = 224, .box_w = 13, .box_h = 12, .ofs_x = 1, .ofs_y = -1},
    {.bitmap_index = 8960, .adv_w = 224, .box_w = 14, .box_h = 13, .ofs_x = 0, .ofs_y = -1},
    {.bitmap_index = 9051, .adv_w = 224, .box_w = 14, .box_h = 15, .ofs_x = 0, .ofs_y = -2},
    {.bitmap_index = 9156, .adv_w = 224, .box_w = 14, .box_h = 14, .ofs_x = 0, .ofs_y = -2},
    {.bitmap_index = 9254, .adv_w = 224, .box_w = 14, .box_h = 13, .ofs_x = 0, .ofs_y = -2},
    {.bitmap_index = 9345, .adv_w = 224, .box_w = 14, .box_h = 14, .ofs_x = 0, .ofs_y = -1},
    {.bitmap_index = 9443, .adv_w = 224, .box_w = 14, .box_h = 14, .ofs_x = 0, .ofs_y = -2},
    {.bitmap_index = 9541, .adv_w = 224, .box_w = 14, .box_h = 13, .ofs_x = 0, .ofs_y = -1},
    {.bitmap_index = 9632, .adv_w = 224, .box_w = 14, .box_h = 14, .ofs_x = 0, .ofs_y = -2},
    {.bitmap_index = 9730, .adv_w = 224, .box_w = 14, .box_h = 14, .ofs_x = 0, .ofs_y = -2},
    {.bitmap_index = 9828, .adv_w = 224, .box_w = 14, .box_h = 15, .ofs_x = 0, .ofs_y = -2},
    {.bitmap_index = 9933, .adv_w = 224, .box_w = 14, .box_h = 13, .ofs_x = 0, .ofs_y = -1},
    {.bitmap_index = 10024, .adv_w = 224, .box_w = 14, .box_h = 15, .ofs_x = 0, .ofs_y = -2},
    {.bitmap_index = 10129, .adv_w = 224, .box_w = 14, .box_h = 14, .ofs_x = 0, .ofs_y = -2},
    {.bitmap_index = 10227, .adv_w = 224, .box_w = 14, .box_h = 14, .ofs_x = 0, .ofs_y = -2},
    {.bitmap_index = 10325, .adv_w = 224, .box_w = 14, .box_h = 13, .ofs_x = 0, .ofs_y = -1},
    {.bitmap_index = 10416, .adv_w = 224, .box_w = 14, .box_h = 15, .ofs_x = 0, .ofs_y = -2},
    {.bitmap_index = 10521, .adv_w = 224, .box_w = 14, .box_h = 14, .ofs_x = 0, .ofs_y = -2},
    {.bitmap_index = 10619, .adv_w = 224, .box_w = 14, .box_h = 13, .ofs_x = 0, .ofs_y = -2},
    {.bitmap_index = 10710, .adv_w = 224, .box_w = 14, .box_h = 12, .ofs_x = 0, .ofs_y = -1},
    {.bitmap_index = 10794, .adv_w = 224, .box_w = 14, .box_h = 13, .ofs_x = 0, .ofs_y = -1},
    {.bitmap_index = 10885, .adv_w = 224, .box_w = 14, .box_h = 13, .ofs_x = 0, .ofs_y = -1},
    {.bitmap_index = 10976, .adv_w = 224, .box_w = 12, .box_h = 13, .ofs_x = 1, .ofs_y = -1},
    {.bitmap_index = 11054, .adv_w = 224, .box_w = 14, .box_h = 12, .ofs_x = 0, .ofs_y = -1},
    {.bitmap_index = 11138, .adv_w = 224, .box_w = 14, .box_h = 13, .ofs_x = 0, .ofs_y = -1},
    {.bitmap_index = 11229, .adv_w = 224, .box_w = 14, .box_h = 14, .ofs_x = 0, .ofs_y = -1},
    {.bitmap_index = 11327, .adv_w = 224, .box_w = 14, .box_h = 13, .ofs_x = 0, .ofs_y = -1},
    {.bitmap_index = 11418, .adv_w = 224, .box_w = 14, .box_h = 14, .ofs_x = 0, .ofs_y = -2},
    {.bitmap_index = 11516, .adv_w = 224, .box_w = 14, .box_h = 13, .ofs_x = 0, .ofs_y = -1},
    {.bitmap_index = 11607, .adv_w = 224, .box_w = 14, .box_h = 14, .ofs_x = 0, .ofs_y = -1},
    {.bitmap_index = 11705, .adv_w = 224, .box_w = 14, .box_h = 14, .ofs_x = 0, .ofs_y = -2},
    {.bitmap_index = 11803, .adv_w = 224, .box_w = 14, .box_h = 14, .ofs_x = 0, .ofs_y = -2},
    {.bitmap_index = 11901, .adv_w = 224, .box_w = 14, .box_h = 15, .ofs_x = 0, .ofs_y = -2},
    {.bitmap_index = 12006, .adv_w = 224, .box_w = 14, .box_h = 13, .ofs_x = 0, .ofs_y = -1},
    {.bitmap_index = 12097, .adv_w = 224, .box_w = 14, .box_h = 13, .ofs_x = 0, .ofs_y = -1},
    {.bitmap_index = 12188, .adv_w = 224, .box_w = 14, .box_h = 14, .ofs_x = 0, .ofs_y = -2},
    {.bitmap_index = 12286, .adv_w = 224, .box_w = 14, .box_h = 14, .ofs_x = 0, .ofs_y = -2},
    {.bitmap_index = 12384, .adv_w = 224, .box_w = 14, .box_h = 13, .ofs_x = 0, .ofs_y = -2},
    {.bitmap_index = 12475, .adv_w = 224, .box_w = 13, .box_h = 13, .ofs_x = 0, .ofs_y = -2},
    {.bitmap_index = 12560, .adv_w = 224, .box_w = 12, .box_h = 13, .ofs_x = 1, .ofs_y = -1},
    {.bitmap_index = 12638, .adv_w = 224, .box_w = 14, .box_h = 12, .ofs_x = 0, .ofs_y = -1},
    {.bitmap_index = 12722, .adv_w = 224, .box_w = 13, .box_h = 14, .ofs_x = 1, .ofs_y = -2},
    {.bitmap_index = 12813, .adv_w = 224, .box_w = 14, .box_h = 14, .ofs_x = 0, .ofs_y = -2},
    {.bitmap_index = 12911, .adv_w = 224, .box_w = 14, .box_h = 13, .ofs_x = 0, .ofs_y = -2},
    {.bitmap_index = 13002, .adv_w = 224, .box_w = 14, .box_h = 13, .ofs_x = 0, .ofs_y = -1},
    {.bitmap_index = 13093, .adv_w = 224, .box_w = 14, .box_h = 14, .ofs_x = 0, .ofs_y = -2},
    {.bitmap_index = 13191, .adv_w = 224, .box_w = 14, .box_h = 13, .ofs_x = 0, .ofs_y = -1},
    {.bitmap_index = 13282, .adv_w = 224, .box_w = 14, .box_h = 14, .ofs_x = 0, .ofs_y = -1},
    {.bitmap_index = 13380, .adv_w = 224, .box_w = 14, .box_h = 15, .ofs_x = 0, .ofs_y = -2},
    {.bitmap_index = 13485, .adv_w = 224, .box_w = 14, .box_h = 13, .ofs_x = 0, .ofs_y = -1},
    {.bitmap_index = 13576, .adv_w = 224, .box_w = 14, .box_h = 15, .ofs_x = 0, .ofs_y = -2},
    {.bitmap_index = 13681, .adv_w = 224, .box_w = 14, .box_h = 15, .ofs_x = 0, .ofs_y = -2},
    {.bitmap_index = 13786, .adv_w = 224, .box_w = 14, .box_h = 14, .ofs_x = 0, .ofs_y = -1},
    {.bitmap_index = 13884, .adv_w = 224, .box_w = 14, .box_h = 14, .ofs_x = 0, .ofs_y = -2},
    {.bitmap_index = 13982, .adv_w = 224, .box_w = 14, .box_h = 12, .ofs_x = 0, .ofs_y = -1},
    {.bitmap_index = 14066, .adv_w = 224, .box_w = 14, .box_h = 14, .ofs_x = 0, .ofs_y = -2},
    {.bitmap_index = 14164, .adv_w = 224, .box_w = 14, .box_h = 14, .ofs_x = 0, .ofs_y = -2},
    {.bitmap_index = 14262, .adv_w = 224, .box_w = 14, .box_h = 13, .ofs_x = 0, .ofs_y = -1},
    {.bitmap_index = 14353, .adv_w = 224, .box_w = 14, .box_h = 14, .ofs_x = 0, .ofs_y = -2},
    {.bitmap_index = 14451, .adv_w = 224, .box_w = 14, .box_h = 14, .ofs_x = 0, .ofs_y = -2},
    {.bitmap_index = 14549, .adv_w = 224, .box_w = 13, .box_h = 14, .ofs_x = 0, .ofs_y = -2},
    {.bitmap_index = 14640, .adv_w = 224, .box_w = 14, .box_h = 14, .ofs_x = 0, .ofs_y = -2},
    {.bitmap_index = 14738, .adv_w = 224, .box_w = 14, .box_h = 14, .ofs_x = 0, .ofs_y = -2},
    {.bitmap_index = 14836, .adv_w = 224, .box_w = 14, .box_h = 14, .ofs_x = 0, .ofs_y = -2},
    {.bitmap_index = 14934, .adv_w = 224, .box_w = 14, .box_h = 14, .ofs_x = 0, .ofs_y = -2},
    {.bitmap_index = 15032, .adv_w = 224, .box_w = 14, .box_h = 14, .ofs_x = 0, .ofs_y = -2},
    {.bitmap_index = 15130, .adv_w = 224, .box_w = 14, .box_h = 14, .ofs_x = 0, .ofs_y = -2},
    {.bitmap_index = 15228, .adv_w = 224, .box_w = 14, .box_h = 13, .ofs_x = 0, .ofs_y = -2},
    {.bitmap_index = 15319, .adv_w = 224, .box_w = 14, .box_h = 13, .ofs_x = 0, .ofs_y = -1},
    {.bitmap_index = 15410, .adv_w = 224, .box_w = 14, .box_h = 12, .ofs_x = 0, .ofs_y = -1},
    {.bitmap_index = 15494, .adv_w = 224, .box_w = 14, .box_h = 13, .ofs_x = 0, .ofs_y = -1},
    {.bitmap_index = 15585, .adv_w = 224, .box_w = 14, .box_h = 15, .ofs_x = 0, .ofs_y = -2},
    {.bitmap_index = 15690, .adv_w = 224, .box_w = 14, .box_h = 14, .ofs_x = 0, .ofs_y = -2},
    {.bitmap_index = 15788, .adv_w = 224, .box_w = 14, .box_h = 14, .ofs_x = 0, .ofs_y = -2},
    {.bitmap_index = 15886, .adv_w = 224, .box_w = 14, .box_h = 13, .ofs_x = 0, .ofs_y = -1},
    {.bitmap_index = 15977, .adv_w = 224, .box_w = 14, .box_h = 14, .ofs_x = 0, .ofs_y = -2},
    {.bitmap_index = 16075, .adv_w = 224, .box_w = 13, .box_h = 14, .ofs_x = 1, .ofs_y = -2},
    {.bitmap_index = 16166, .adv_w = 224, .box_w = 14, .box_h = 13, .ofs_x = 0, .ofs_y = -1},
    {.bitmap_index = 16257, .adv_w = 224, .box_w = 14, .box_h = 14, .ofs_x = 0, .ofs_y = -2},
    {.bitmap_index = 16355, .adv_w = 224, .box_w = 14, .box_h = 14, .ofs_x = 0, .ofs_y = -1},
    {.bitmap_index = 16453, .adv_w = 224, .box_w = 14, .box_h = 12, .ofs_x = 0, .ofs_y = -1},
    {.bitmap_index = 16537, .adv_w = 224, .box_w = 14, .box_h = 14, .ofs_x = 0, .ofs_y = -1},
    {.bitmap_index = 16635, .adv_w = 224, .box_w = 14, .box_h = 13, .ofs_x = 0, .ofs_y = -2},
    {.bitmap_index = 16726, .adv_w = 224, .box_w = 14, .box_h = 13, .ofs_x = 0, .ofs_y = -1},
    {.bitmap_index = 16817, .adv_w = 224, .box_w = 14, .box_h = 15, .ofs_x = 0, .ofs_y = -2}
};

/*---------------------
 *  CHARACTER MAPPING
 *--------------------*/

static const uint16_t unicode_list_1[] = {
    0x0, 0x1f6f, 0x24fb, 0x24ff, 0x2505, 0x2509, 0x250f, 0x254e,
    0x2f4a, 0x4d49, 0x4d53, 0x4d54, 0x4d57, 0x4d76, 0x4d83, 0x4d99,
    0x4da9, 0x4dd7, 0x4df7, 0x4e3f, 0x4e97, 0x4e98, 0x4e9e, 0x4ea5,
    0x4ebc, 0x4f98, 0x4fa5, 0x50bc, 0x50ce, 0x50d6, 0x50fb, 0x5118,
    0x5129, 0x514f, 0x5164, 0x5183, 0x51e9, 0x529e, 0x52aa, 0x52e8,
    0x531a, 0x533c, 0x5351, 0x540a, 0x548f, 0x5627, 0x5639, 0x5643,
    0x5690, 0x57e7, 0x5870, 0x5914, 0x5aa1, 0x5ad5, 0x5ae1, 0x5ae3,
    0x5b58, 0x5b5a, 0x5b66, 0x5b7a, 0x5b98, 0x5d2f, 0x5d3b, 0x5d9e,
    0x5dd8, 0x5def, 0x5e49, 0x5e58, 0x5e9e, 0x5f84, 0x60ab, 0x6158,
    0x6159, 0x6232, 0x6252, 0x6491, 0x64b5, 0x64f9, 0x6502, 0x653f,
    0x6578, 0x6587, 0x65b7, 0x65cb, 0x663b, 0x6649, 0x6673, 0x66aa,
    0x672e, 0x6750, 0x67ac, 0x6809, 0x696a, 0x6a6a, 0x6b1d, 0x6b34,
    0x6d4e, 0x6d81, 0x7002, 0x72f2, 0x7471, 0x747a, 0x7484, 0x75cd,
    0x77b7, 0x7883, 0x791b, 0x7944, 0x7954, 0x7a75, 0x7ac9, 0x7df3,
    0x7e0c, 0x7e28, 0x7e30, 0x7e36, 0x7eb7, 0x813d, 0x8518, 0x8aea,
    0x8b07, 0x8b1e, 0x8b4c, 0x8d0c, 0x8d3c, 0x8f1d, 0x8f24, 0x8f52,
    0x8f63, 0x9096, 0x9116, 0x9118, 0x93e8, 0x9477, 0x94c8, 0x9536,
    0x95ad, 0x95d8, 0x95d9, 0x9607, 0x96a2, 0x96a7, 0x96ab, 0x973c,
    0x97e1, 0x98df, 0x9a21
};

/*Collect the unicode lists and glyph_id offsets*/
static const lv_font_fmt_txt_cmap_t cmaps[] =
{
    {
        .range_start = 32, .range_length = 95, .glyph_id_start = 1,
        .unicode_list = NULL, .glyph_id_ofs_list = NULL, .list_length = 0, .type = LV_FONT_FMT_TXT_CMAP_FORMAT0_TINY
    },
    {
        .range_start = 183, .range_length = 39458, .glyph_id_start = 96,
        .unicode_list = unicode_list_1, .glyph_id_ofs_list = NULL, .list_length = 147, .type = LV_FONT_FMT_TXT_CMAP_SPARSE_TINY
    }
};



/*--------------------
 *  ALL CUSTOM DATA
 *--------------------*/

#if LVGL_VERSION_MAJOR == 8
/*Store all the custom data of the font*/
static  lv_font_fmt_txt_glyph_cache_t cache;
#endif

#if LVGL_VERSION_MAJOR >= 8
static const lv_font_fmt_txt_dsc_t font_dsc = {
#else
static lv_font_fmt_txt_dsc_t font_dsc = {
#endif
    .glyph_bitmap = glyph_bitmap,
    .glyph_dsc = glyph_dsc,
    .cmaps = cmaps,
    .kern_dsc = NULL,
    .kern_scale = 0,
    .cmap_num = 2,
    .bpp = 4,
    .kern_classes = 0,
    .bitmap_format = 0,
#if LVGL_VERSION_MAJOR == 8
    .cache = &cache
#endif
};



/*-----------------
 *  PUBLIC FONT
 *----------------*/

/*Initialize a public general font descriptor*/
#if LVGL_VERSION_MAJOR >= 8
const lv_font_t gd_zh14 = {
#else
lv_font_t gd_zh14 = {
#endif
    .get_glyph_dsc = lv_font_get_glyph_dsc_fmt_txt,    /*Function pointer to get glyph's data*/
    .get_glyph_bitmap = lv_font_get_bitmap_fmt_txt,    /*Function pointer to get glyph's bitmap*/
    .line_height = 17,          /*The maximum line height required by the font*/
    .base_line = 4,             /*Baseline measured from the bottom of the line*/
#if !(LVGL_VERSION_MAJOR == 6 && LVGL_VERSION_MINOR == 0)
    .subpx = LV_FONT_SUBPX_NONE,
#endif
#if LV_VERSION_CHECK(7, 4, 0) || LVGL_VERSION_MAJOR >= 8
    .underline_position = -2,
    .underline_thickness = 1,
#endif
    .dsc = &font_dsc,          /*The custom font data. Will be accessed by `get_glyph_bitmap/dsc` */
#if LV_VERSION_CHECK(8, 2, 0) || LVGL_VERSION_MAJOR >= 9
    .fallback = NULL,
#endif
    .user_data = NULL,
};



#endif /*#if GD_ZH14*/

